symbol,company,anex,acqName,date,pid,buyValue,sellValue,buyQuantity,sellquantity,secType,secAcq,tdpTransactionType,xbrl,personCategory,befAcqSharesNo,befAcqSharesPer,secVal,securitiesTypePost,afterAcqSharesNo,afterAcqSharesPer,acqfromDt,acqtoDt,intimDt,acqMode,derivativeType,exchange,remarks
CHALET,Chalet Hotels Limited,Regulation 7 (2),,2026-09-08,,,,,,,,,https://nsearchives.nseindia.com/corporate/ixbrl/IT_17190_20260908_205604566_WEB.html,,,,,,,,,,,,,,
CHALET,Chalet Hotels Limited,Regulation 7 (2),,2026-09-08,,,,,,,,,https://nsearchives.nseindia.com/corporate/ixbrl/IT_17190_20260908_205604566_WEB.html,,,,,,,,,,,,,,
LALPATHLAB,DR. LAL PATHLABS LIMITED,Regulation 7 (2),,2026-09-08,,,,,,,,,https://nsearchives.nseindia.com/corporate/ixbrl/IT_13310_20260908_183924338_WEB.html,,,,,,,,,,,,,,
LALPATHLAB,DR. LAL PATHLABS LIMITED,Regulation 7 (2),,2026-09-08,,,,,,,,,https://nsearchives.nseindia.com/corporate/ixbrl/IT_13310_20260908_183924338_WEB.html,,,,,,,,,,,,,,
LALPATHLAB,DR. LAL PATHLABS LIMITED,Regulation 7 (2),,2026-09-08,,,,,,,,,https://nsearchives.nseindia.com/corporate/ixbrl/IT_13310_20260908_183924338_WEB.html,,,,,,,,,,,,,,
NCLIND,NCL INDUSTRIES LIMITED,Regulation 7 (2),,2026-09-08,,,,,,,,,https://nsearchives.nseindia.com/corporate/ixbrl/IT_2568_20260908_204000487_WEB.html,,,,,,,,,,,,,,
NCLIND,NCL INDUSTRIES LIMITED,Regulation 7 (2),,2026-09-08,,,,,,,,,https://nsearchives.nseindia.com/corporate/ixbrl/IT_2568_20260908_204000487_WEB.html,,,,,,,,,,,,,,
NCLIND,NCL INDUSTRIES LIMITED,Regulation 7 (2),,2026-09-08,,,,,,,,,https://nsearchives.nseindia.com/corporate/ixbrl/IT_2568_20260908_204000487_WEB.html,,,,,,,,,,,,,,
DBREALTY,Valor Estate Limited,Regulation 7 (2),,2026-09-08,,,,,,,,,https://nsearchives.nseindia.com/corporate/ixbrl/IT_3072_20260908_194252570_WEB.html,,,,,,,,,,,,,,
DBREALTY,Valor Estate Limited,Regulation 7 (2),,2026-09-08,,,,,,,,,https://nsearchives.nseindia.com/corporate/ixbrl/IT_3072_20260908_194252570_WEB.html,,,,,,,,,,,,,,
MERCURYEV,MERCURY EVTECH LIMITED,Regulation 7 (2),,2026-09-08,,,,,,,,,https://nsearchives.nseindia.com/corporate/ixbrl/IT_27329_20260908_185230490_WEB.html,,,,,,,,,,,,,,
ASAHIINDIA,ASAHI INDIA GLASS LIMITED,Regulation 7 (2),,2026-09-08,,,,,,,,,https://nsearchives.nseindia.com/corporate/ixbrl/IT_1672_20260908_181327827_WEB.html,,,,,,,,,,,,,,
ASAHIINDIA,ASAHI INDIA GLASS LIMITED,Regulation 7 (2),,2026-09-08,,,,,,,,,https://nsearchives.nseindia.com/corporate/ixbrl/IT_1672_20260908_181327827_WEB.html,,,,,,,,,,,,,,
SRHHYPOLTD,Sree Rayalaseema Hi-Strength Hypo Limited,Regulation 7 (2),,2026-09-08,,,,,,,,,https://nsearchives.nseindia.com/corporate/ixbrl/IT_2588_20260908_172736432_WEB.html,,,,,,,,,,,,,,
SRHHYPOLTD,Sree Rayalaseema Hi-Strength Hypo Limited,Regulation 7 (2),,2026-09-08,,,,,,,,,https://nsearchives.nseindia.com/corporate/ixbrl/IT_2588_20260908_172736432_WEB.html,,,,,,,,,,,,,,
SRHHYPOLTD,Sree Rayalaseema Hi-Strength Hypo Limited,Regulation 7 (2),,2026-09-08,,,,,,,,,https://nsearchives.nseindia.com/corporate/ixbrl/IT_2588_20260908_172736432_WEB.html,,,,,,,,,,,,,,
VALIANTORG,Valiant Organics Limited,Regulation 7 (2),,2026-09-08,,,,,,,,,https://nsearchives.nseindia.com/corporate/ixbrl/IT_18775_20260908_163908353_WEB.html,,,,,,,,,,,,,,
SENCO,SENCO GOLD LIMITED,Regulation 7 (2),,2026-09-08,,,,,,,,,https://nsearchives.nseindia.com/corporate/ixbrl/IT_20714_20260908_190418281_WEB.html,,,,,,,,,,,,,,
WSI,W S Industries (I) Limited,Regulation 7 (2),,2026-09-08,,,,,,,,,https://nsearchives.nseindia.com/corporate/ixbrl/IT_587_20260908_163824296_WEB.html,,,,,,,,,,,,,,
WSI,W S Industries (I) Limited,Regulation 7 (2),,2026-09-08,,,,,,,,,https://nsearchives.nseindia.com/corporate/ixbrl/IT_587_20260908_163824296_WEB.html,,,,,,,,,,,,,,
TTL,T T LIMITED,Regulation 7 (2),,2026-09-08,,,,,,,,,https://nsearchives.nseindia.com/corporate/ixbrl/IT_2534_20260908_181320336_WEB.html,,,,,,,,,,,,,,
CGCL,Capri Global Capital Limited,Regulation 7 (2),,2026-09-08,,,,,,,,,https://nsearchives.nseindia.com/corporate/ixbrl/IT_3673_20260908_162135129_WEB.html,,,,,,,,,,,,,,
SIGIND,Signet Industries Limited,Regulation 7 (2),,2026-09-08,,,,,,,,,https://nsearchives.nseindia.com/corporate/ixbrl/IT_16593_20260908_155221662_WEB.html,,,,,,,,,,,,,,
PKTEA,THE PERIA KARAMALAI TEA & PRODUCE COMPANY LIMITED,Regulation 7 (2),,2026-09-08,,,,,,,,,https://nsearchives.nseindia.com/corporate/ixbrl/IT_12988_20260908_165612670_WEB.html,,,,,,,,,,,,,,
MTARTECH,MTAR TECHNOLOGIES LIMITED,Regulation 7 (2),,2026-09-07,,,,,,,,,https://nsearchives.nseindia.com/corporate/ixbrl/IT_19009_20260908_153742688_WEB.html,,,,,,,,,,,,,,
SIGIND,Signet Industries Limited,Regulation 7 (2),,2026-09-08,,,,,,,,,https://nsearchives.nseindia.com/corporate/ixbrl/IT_16593_20260908_155245428_WEB.html,,,,,,,,,,,,,,
ORIENTCER,ORIENT CERATECH LIMITED,Regulation 7 (2),,2026-09-08,,,,,,,,,https://nsearchives.nseindia.com/corporate/ixbrl/IT_2342_20260908_152536380_WEB.html,,,,,,,,,,,,,,
ORIENTCER,ORIENT CERATECH LIMITED,Regulation 7 (2),,2026-09-08,,,,,,,,,https://nsearchives.nseindia.com/corporate/ixbrl/IT_2342_20260908_152536380_WEB.html,,,,,,,,,,,,,,
BIL,BHARTIYA INTERNATIONAL LIMITED,Regulation 7 (2),,2026-09-08,,,,,,,,,https://nsearchives.nseindia.com/corporate/ixbrl/IT_1877_20260908_151350033_WEB.html,,,,,,,,,,,,,,
BIL,BHARTIYA INTERNATIONAL LIMITED,Regulation 7 (2),,2026-09-08,,,,,,,,,https://nsearchives.nseindia.com/corporate/ixbrl/IT_1877_20260908_151350033_WEB.html,,,,,,,,,,,,,,
TAINWALCHM,TAINWALA CHEMICALS AND PLASTICS (INDIA) LIMITED,Regulation 7 (2),,2026-09-08,,,,,,,,,https://nsearchives.nseindia.com/corporate/ixbrl/IT_481_20260908_141126695_WEB.html,,,,,,,,,,,,,,
AAKASH,AAKASH EXPLORATION SERVICES LIMITED,Regulation 7 (2),,2026-09-08,,,,,,,,,https://nsearchives.nseindia.com/corporate/ixbrl/IT_16114_20260908_135110281_WEB.html,,,,,,,,,,,,,,
AAKASH,AAKASH EXPLORATION SERVICES LIMITED,Regulation 7 (2),,2026-09-08,,,,,,,,,https://nsearchives.nseindia.com/corporate/ixbrl/IT_16114_20260908_135110281_WEB.html,,,,,,,,,,,,,,
MGEL,MANGALAM GLOBAL ENTERPRISE LIMITED,Regulation 7 (2),,2026-09-08,,,,,,,,,https://nsearchives.nseindia.com/corporate/ixbrl/IT_17639_20260908_132814085_WEB.html,,,,,,,,,,,,,,
AYMSYNTEX,AYM Syntex Limited,Regulation 7 (2),,2026-09-08,,,,,,,,,https://nsearchives.nseindia.com/corporate/ixbrl/IT_12957_20260908_132342326_WEB.html,,,,,,,,,,,,,,Date of filing updated to 08-09-2026 as previous disclosure inadvertently filed with date of filing as 01-09-2026.
BERGEPAINT,BERGER PAINTS (I) LIMITED,Regulation 7 (2),,2026-09-08,,,,,,,,,https://nsearchives.nseindia.com/corporate/ixbrl/IT_488_20260908_124955255_WEB.html,,,,,,,,,,,,,,
BERGEPAINT,BERGER PAINTS (I) LIMITED,Regulation 7 (2),,2026-09-08,,,,,,,,,https://nsearchives.nseindia.com/corporate/ixbrl/IT_488_20260908_124955255_WEB.html,,,,,,,,,,,,,,
BERGEPAINT,BERGER PAINTS (I) LIMITED,Regulation 7 (2),,2026-09-08,,,,,,,,,https://nsearchives.nseindia.com/corporate/ixbrl/IT_488_20260908_124955255_WEB.html,,,,,,,,,,,,,,
BERGEPAINT,BERGER PAINTS (I) LIMITED,Regulation 7 (2),,2026-09-08,,,,,,,,,https://nsearchives.nseindia.com/corporate/ixbrl/IT_488_20260908_124955255_WEB.html,,,,,,,,,,,,,,
BERGEPAINT,BERGER PAINTS (I) LIMITED,Regulation 7 (2),,2026-09-08,,,,,,,,,https://nsearchives.nseindia.com/corporate/ixbrl/IT_488_20260908_124955255_WEB.html,,,,,,,,,,,,,,
DIVISLAB,Divi's Laboratories Limited,Regulation 7 (2),,2026-09-08,,,,,,,,,https://nsearchives.nseindia.com/corporate/ixbrl/IT_2132_20260908_114155498_WEB.html,,,,,,,,,,,,,,
BLBLIMITED,BLB LIMITED,Regulation 7 (2),,2026-09-08,,,,,,,,,https://nsearchives.nseindia.com/corporate/ixbrl/IT_1893_20260908_111110480_WEB.html,,,,,,,,,,,,,,
CEATLTD,CEAT Limited,Regulation 7 (2),,2026-09-08,,,,,,,,,https://nsearchives.nseindia.com/corporate/ixbrl/IT_2711_20260908_125316392_WEB.html,,,,,,,,,,,,,,
AVONMORE,AVONMORE CAPITAL & MANAGEMENT SERVICES  LIMITED,Regulation 7 (2),,2026-09-08,,,,,,,,,https://nsearchives.nseindia.com/corporate/ixbrl/IT_20397_20260908_104350402_WEB.html,,,,,,,,,,,,,,
ECLERX,eClerx Services Ltd,Regulation 7 (2),,2026-09-07,,,,,,,,,https://nsearchives.nseindia.com/corporate/ixbrl/IT_2698_20260907_191120472_WEB.html,,,,,,,,,,,,,,
ECLERX,eClerx Services Ltd,Regulation 7 (2),,2026-09-07,,,,,,,,,https://nsearchives.nseindia.com/corporate/ixbrl/IT_2698_20260907_191120472_WEB.html,,,,,,,,,,,,,,
AYMSYNTEX,AYM Syntex Limited,Regulation 7 (2),,2026-09-01,,,,,,,,,https://nsearchives.nseindia.com/corporate/ixbrl/IT_12957_20260908_131925404_WEB.html,,,,,,,,,,,,,,
HCLTECH,HCL Technologies Limited,Regulation 7 (2),,2026-09-07,,,,,,,,,https://nsearchives.nseindia.com/corporate/ixbrl/IT_1828_20260907_212010366_WEB.html,,,,,,,,,,,,,,
HCLTECH,HCL Technologies Limited,Regulation 7 (2),,2026-09-07,,,,,,,,,https://nsearchives.nseindia.com/corporate/ixbrl/IT_1828_20260907_212010366_WEB.html,,,,,,,,,,,,,,
HCLTECH,HCL Technologies Limited,Regulation 7 (2),,2026-09-07,,,,,,,,,https://nsearchives.nseindia.com/corporate/ixbrl/IT_1828_20260907_212010366_WEB.html,,,,,,,,,,,,,,
GREENPANEL,Greenpanel Industries Limited,Regulation 7 (2),,2026-09-08,,,,,,,,,https://nsearchives.nseindia.com/corporate/ixbrl/IT_17613_20260908_103236849_WEB.html,,,,,,,,,,,,,,
PAISALO,PAISALO DIGITAL LIMITED,Regulation 7 (2),,2026-09-07,,,,,,,,,https://nsearchives.nseindia.com/corporate/ixbrl/IT_5294_20260907_185001671_WEB.html,,,,,,,,,,,,,,
PAISALO,PAISALO DIGITAL LIMITED,Regulation 7 (2),,2026-09-07,,,,,,,,,https://nsearchives.nseindia.com/corporate/ixbrl/IT_5294_20260907_185001671_WEB.html,,,,,,,,,,,,,,
OBCL,OBCL LIMITED,Regulation 7 (2),,2026-09-07,,,,,,,,,https://nsearchives.nseindia.com/corporate/ixbrl/IT_20443_20260907_181024331_WEB.html,,,,,,,,,,,,,,
IRB,IRB INFRASTRUCTURE DEVELOPERS LIMITED,Regulation 7 (2),,2026-09-07,,,,,,,,,https://nsearchives.nseindia.com/corporate/ixbrl/IT_2724_20260907_181440136_WEB.html,,,,,,,,,,,,,,
JSWSTEEL,JSW STEEL LIMITED,Regulation 7 (2),,2026-09-07,,,,,,,,,https://nsearchives.nseindia.com/corporate/ixbrl/IT_2266_20260907_182618648_WEB.html,,,,,,,,,,,,,,
JSWSTEEL,JSW STEEL LIMITED,Regulation 7 (2),,2026-09-07,,,,,,,,,https://nsearchives.nseindia.com/corporate/ixbrl/IT_2266_20260907_182618648_WEB.html,,,,,,,,,,,,,,
JSWSTEEL,JSW STEEL LIMITED,Regulation 7 (2),,2026-09-07,,,,,,,,,https://nsearchives.nseindia.com/corporate/ixbrl/IT_2266_20260907_182618648_WEB.html,,,,,,,,,,,,,,
JSWSTEEL,JSW STEEL LIMITED,Regulation 7 (2),,2026-09-07,,,,,,,,,https://nsearchives.nseindia.com/corporate/ixbrl/IT_2266_20260907_182618648_WEB.html,,,,,,,,,,,,,,
JSWSTEEL,JSW STEEL LIMITED,Regulation 7 (2),,2026-09-07,,,,,,,,,https://nsearchives.nseindia.com/corporate/ixbrl/IT_2266_20260907_182618648_WEB.html,,,,,,,,,,,,,,
JSWSTEEL,JSW STEEL LIMITED,Regulation 7 (2),,2026-09-07,,,,,,,,,https://nsearchives.nseindia.com/corporate/ixbrl/IT_2266_20260907_182618648_WEB.html,,,,,,,,,,,,,,
JSWSTEEL,JSW STEEL LIMITED,Regulation 7 (2),,2026-09-07,,,,,,,,,https://nsearchives.nseindia.com/corporate/ixbrl/IT_2266_20260907_182618648_WEB.html,,,,,,,,,,,,,,
JSWSTEEL,JSW STEEL LIMITED,Regulation 7 (2),,2026-09-07,,,,,,,,,https://nsearchives.nseindia.com/corporate/ixbrl/IT_2266_20260907_182618648_WEB.html,,,,,,,,,,,,,,
JSWSTEEL,JSW STEEL LIMITED,Regulation 7 (2),,2026-09-07,,,,,,,,,https://nsearchives.nseindia.com/corporate/ixbrl/IT_2266_20260907_182618648_WEB.html,,,,,,,,,,,,,,
JSWSTEEL,JSW STEEL LIMITED,Regulation 7 (2),,2026-09-07,,,,,,,,,https://nsearchives.nseindia.com/corporate/ixbrl/IT_2266_20260907_182618648_WEB.html,,,,,,,,,,,,,,
JSWSTEEL,JSW STEEL LIMITED,Regulation 7 (2),,2026-09-07,,,,,,,,,https://nsearchives.nseindia.com/corporate/ixbrl/IT_2266_20260907_182618648_WEB.html,,,,,,,,,,,,,,
JSWSTEEL,JSW STEEL LIMITED,Regulation 7 (2),,2026-09-07,,,,,,,,,https://nsearchives.nseindia.com/corporate/ixbrl/IT_2266_20260907_182618648_WEB.html,,,,,,,,,,,,,,
FERMENTA,FERMENTA BIOTECH LIMITED,Regulation 7 (2),,2026-09-07,,,,,,,,,https://nsearchives.nseindia.com/corporate/ixbrl/IT_28435_20260907_175127539_WEB.html,,,,,,,,,,,,,,
NITIRAJ,NITIRAJ ENGINEERS LIMITED,Regulation 7 (2),,2026-09-07,,,,,,,,,https://nsearchives.nseindia.com/corporate/ixbrl/IT_14639_20260907_180927870_WEB.html,,,,,,,,,,,,,,
ALPINETEX,ALPINE TEXWORLD LIMITED,Regulation 7 (2),,2026-09-07,,,,,,,,,https://nsearchives.nseindia.com/corporate/ixbrl/IT_27009_20260907_173035479_WEB.html,,,,,,,,,,,,,,
ALKYLAMINE,ALKYL AMINES CHEMICALS LIMITED,Regulation 7 (2),,2026-09-07,,,,,,,,,https://nsearchives.nseindia.com/corporate/ixbrl/IT_1527_20260907_175250628_WEB.html,,,,,,,,,,,,,,
LANCORHOL,LANCOR HOLDINGS LIMITED,Regulation 7 (2),,2026-09-07,,,,,,,,,https://nsearchives.nseindia.com/corporate/ixbrl/IT_22427_20260907_170341034_WEB.html,,,,,,,,,,,,,,
ALPINETEX,ALPINE TEXWORLD LIMITED,Regulation 7 (2),,2026-09-07,,,,,,,,,https://nsearchives.nseindia.com/corporate/ixbrl/IT_27009_20260907_172845505_WEB.html,,,,,,,,,,,,,,
AARTIPHARM,Aarti Pharmalabs Limited,Regulation 7 (2),,2026-09-07,,,,,,,,,https://nsearchives.nseindia.com/corporate/ixbrl/IT_21272_20260907_163507165_WEB.html,,,,,,,,,,,,,,
HAPPYFORGE,HAPPY FORGINGS LIMITED,Regulation 7 (2),,2026-09-07,,,,,,,,,https://nsearchives.nseindia.com/corporate/ixbrl/IT_22370_20260907_145158787_WEB.html,,,,,,,,,,,,,,
STLTECH,Sterlite Technologies Limited,Regulation 7 (2),,2026-09-07,,,,,,,,,https://nsearchives.nseindia.com/corporate/ixbrl/IT_1950_20260907_143736591_WEB.html,,,,,,,,,,,,,,
DONEAR,Donear Industries Limited,Regulation 7 (2),,2026-08-31,,,,,,,,,https://nsearchives.nseindia.com/corporate/ixbrl/IT_2474_20260907_142711408_WEB.html,,,,,,,,,,,,,,
CHEMBOND,CHEMBOND MATERIAL TECHNOLOGIES LIMITED,Regulation 7 (2),,2026-09-07,,,,,,,,,https://nsearchives.nseindia.com/corporate/ixbrl/IT_17634_20260907_142156662_WEB.html,,,,,,,,,,,,,,
CHEMBOND,CHEMBOND MATERIAL TECHNOLOGIES LIMITED,Regulation 7 (2),,2026-09-07,,,,,,,,,https://nsearchives.nseindia.com/corporate/ixbrl/IT_17634_20260907_142156662_WEB.html,,,,,,,,,,,,,,
DONEAR,Donear Industries Limited,Regulation 7 (2),,2026-08-31,,,,,,,,,https://nsearchives.nseindia.com/corporate/ixbrl/IT_2474_20260907_142450184_WEB.html,,,,,,,,,,,,,,
SINCLAIR,SINCLAIRS HOTELS LIMITED,Regulation 7 (2),,2026-09-07,,,,,,,,,https://nsearchives.nseindia.com/corporate/ixbrl/IT_22933_20260907_153756689_WEB.html,,,,,,,,,,,,,,
NCLIND,NCL INDUSTRIES LIMITED,Regulation 7 (2),,2026-09-07,,,,,,,,,https://nsearchives.nseindia.com/corporate/ixbrl/IT_2568_20260907_142456486_WEB.html,,,,,,,,,,,,,,
PAISALO,PAISALO DIGITAL LIMITED,Regulation 7 (2),,2026-09-07,,,,,,,,,https://nsearchives.nseindia.com/corporate/ixbrl/IT_5294_20260907_135038540_WEB.html,,,,,,,,,,,,,,
PAISALO,PAISALO DIGITAL LIMITED,Regulation 7 (2),,2026-09-07,,,,,,,,,https://nsearchives.nseindia.com/corporate/ixbrl/IT_5294_20260907_135038540_WEB.html,,,,,,,,,,,,,,
PAISALO,PAISALO DIGITAL LIMITED,Regulation 7 (2),,2026-09-07,,,,,,,,,https://nsearchives.nseindia.com/corporate/ixbrl/IT_5294_20260907_135038540_WEB.html,,,,,,,,,,,,,,
PAISALO,PAISALO DIGITAL LIMITED,Regulation 7 (2),,2026-09-07,,,,,,,,,https://nsearchives.nseindia.com/corporate/ixbrl/IT_5294_20260907_135038540_WEB.html,,,,,,,,,,,,,,
PAISALO,PAISALO DIGITAL LIMITED,Regulation 7 (2),,2026-09-07,,,,,,,,,https://nsearchives.nseindia.com/corporate/ixbrl/IT_5294_20260907_135038540_WEB.html,,,,,,,,,,,,,,
PAISALO,PAISALO DIGITAL LIMITED,Regulation 7 (2),,2026-09-07,,,,,,,,,https://nsearchives.nseindia.com/corporate/ixbrl/IT_5294_20260907_135038540_WEB.html,,,,,,,,,,,,,,
AHLEAST,Asian Hotels (East) Limited,Regulation 7 (2),,2026-09-07,,,,,,,,,https://nsearchives.nseindia.com/corporate/ixbrl/IT_3415_20260907_132314528_WEB.html,,,,,,,,,,,,,,"This revised disclosure is being uploaded as 11.72 was inadverently filled up in the value of transaction and it will be NIL because the transaction was inter-se transfer between two promoters by way of gift and hence, no consideration was involved."
CHEMBOND,CHEMBOND MATERIAL TECHNOLOGIES LIMITED,Regulation 7 (2),,2026-09-07,,,,,,,,,https://nsearchives.nseindia.com/corporate/ixbrl/IT_17634_20260907_142120693_WEB.html,,,,,,,,,,,,,,
CHEMBOND,CHEMBOND MATERIAL TECHNOLOGIES LIMITED,Regulation 7 (2),,2026-09-07,,,,,,,,,https://nsearchives.nseindia.com/corporate/ixbrl/IT_17634_20260907_142120693_WEB.html,,,,,,,,,,,,,,
AHLEAST,Asian Hotels (East) Limited,Regulation 7 (2),,2026-09-04,,,,,,,,,https://nsearchives.nseindia.com/corporate/ixbrl/IT_3415_20260907_125701419_WEB.html,,,,,,,,,,,,,,
AHLEAST,Asian Hotels (East) Limited,Regulation 7 (2),,2026-09-03,,,,,,,,,https://nsearchives.nseindia.com/corporate/ixbrl/IT_3415_20260907_125531916_WEB.html,,,,,,,,,,,,,,
CSLFINANCE,CSL Finance Limited,Regulation 7 (2),,2026-09-07,,,,,,,,,https://nsearchives.nseindia.com/corporate/ixbrl/IT_20784_20260907_121156668_WEB.html,,,,,,,,,,,,,,
CSLFINANCE,CSL Finance Limited,Regulation 7 (2),,2026-09-07,,,,,,,,,https://nsearchives.nseindia.com/corporate/ixbrl/IT_20784_20260907_121156668_WEB.html,,,,,,,,,,,,,,
DONEAR,Donear Industries Limited,Regulation 7 (2),,2026-08-31,,,,,,,,,https://nsearchives.nseindia.com/corporate/ixbrl/IT_2474_20260907_130433416_WEB.html,,,,,,,,,,,,,,
DONEAR,Donear Industries Limited,Regulation 7 (2),,2026-08-31,,,,,,,,,https://nsearchives.nseindia.com/corporate/ixbrl/IT_2474_20260907_125524636_WEB.html,,,,,,,,,,,,,,
INDOMIM,INDO-MIM Limited,Regulation 7 (2),,2026-09-07,,,,,,,,,https://nsearchives.nseindia.com/corporate/ixbrl/IT_27036_20260907_115322879_WEB.html,,,,,,,,,,,,,,
INDOMIM,INDO-MIM Limited,Regulation 7 (2),,2026-09-07,,,,,,,,,https://nsearchives.nseindia.com/corporate/ixbrl/IT_27036_20260907_115322879_WEB.html,,,,,,,,,,,,,,
INDOMIM,INDO-MIM Limited,Regulation 7 (2),,2026-09-07,,,,,,,,,https://nsearchives.nseindia.com/corporate/ixbrl/IT_27036_20260907_115322879_WEB.html,,,,,,,,,,,,,,
INDOMIM,INDO-MIM Limited,Regulation 7 (2),,2026-09-07,,,,,,,,,https://nsearchives.nseindia.com/corporate/ixbrl/IT_27036_20260907_115322879_WEB.html,,,,,,,,,,,,,,
INDOMIM,INDO-MIM Limited,Regulation 7 (2),,2026-09-07,,,,,,,,,https://nsearchives.nseindia.com/corporate/ixbrl/IT_27036_20260907_115322879_WEB.html,,,,,,,,,,,,,,
INDOMIM,INDO-MIM Limited,Regulation 7 (2),,2026-09-07,,,,,,,,,https://nsearchives.nseindia.com/corporate/ixbrl/IT_27036_20260907_115322879_WEB.html,,,,,,,,,,,,,,
INDOMIM,INDO-MIM Limited,Regulation 7 (2),,2026-09-07,,,,,,,,,https://nsearchives.nseindia.com/corporate/ixbrl/IT_27036_20260907_115322879_WEB.html,,,,,,,,,,,,,,
INDOMIM,INDO-MIM Limited,Regulation 7 (2),,2026-09-07,,,,,,,,,https://nsearchives.nseindia.com/corporate/ixbrl/IT_27036_20260907_115322879_WEB.html,,,,,,,,,,,,,,
INDOMIM,INDO-MIM Limited,Regulation 7 (2),,2026-09-07,,,,,,,,,https://nsearchives.nseindia.com/corporate/ixbrl/IT_27036_20260907_115322879_WEB.html,,,,,,,,,,,,,,
INDOMIM,INDO-MIM Limited,Regulation 7 (2),,2026-09-07,,,,,,,,,https://nsearchives.nseindia.com/corporate/ixbrl/IT_27036_20260907_115322879_WEB.html,,,,,,,,,,,,,,
INDOMIM,INDO-MIM Limited,Regulation 7 (2),,2026-09-07,,,,,,,,,https://nsearchives.nseindia.com/corporate/ixbrl/IT_27036_20260907_115322879_WEB.html,,,,,,,,,,,,,,
WSI,W S Industries (I) Limited,Regulation 7 (2),,2026-09-07,,,,,,,,,https://nsearchives.nseindia.com/corporate/ixbrl/IT_587_20260907_135004425_WEB.html,,,,,,,,,,,,,,
AVONMORE,AVONMORE CAPITAL & MANAGEMENT SERVICES  LIMITED,Regulation 7 (2),,2026-09-07,,,,,,,,,https://nsearchives.nseindia.com/corporate/ixbrl/IT_20397_20260907_115331140_WEB.html,,,,,,,,,,,,,,
JINDALSTEL,JINDAL STEEL LIMITED,Regulation 7 (2),,2026-09-06,,,,,,,,,https://nsearchives.nseindia.com/corporate/ixbrl/IT_1816_20260906_235328373_WEB.html,,,,,,,,,,,,,,
KARURVYSYA,KARUR VYSYA BANK LIMITED,Regulation 7 (2),,2026-09-05,,,,,,,,,https://nsearchives.nseindia.com/corporate/ixbrl/IT_539_20260905_190925034_WEB.html,,,,,,,,,,,,,,
KARURVYSYA,KARUR VYSYA BANK LIMITED,Regulation 7 (2),,2026-09-05,,,,,,,,,https://nsearchives.nseindia.com/corporate/ixbrl/IT_539_20260905_190925034_WEB.html,,,,,,,,,,,,,,
KARURVYSYA,KARUR VYSYA BANK LIMITED,Regulation 7 (2),,2026-09-05,,,,,,,,,https://nsearchives.nseindia.com/corporate/ixbrl/IT_539_20260905_190925034_WEB.html,,,,,,,,,,,,,,
TTL,T T LIMITED,Regulation 7 (2),,2026-09-05,,,,,,,,,https://nsearchives.nseindia.com/corporate/ixbrl/IT_2534_20260905_164134530_WEB.html,,,,,,,,,,,,,,
WSI,W S Industries (I) Limited,Regulation 7 (2),,2026-09-05,,,,,,,,,https://nsearchives.nseindia.com/corporate/ixbrl/IT_587_20260905_172719556_WEB.html,,,,,,,,,,,,,,
WSI,W S Industries (I) Limited,Regulation 7 (2),,2026-09-05,,,,,,,,,https://nsearchives.nseindia.com/corporate/ixbrl/IT_587_20260905_172719556_WEB.html,,,,,,,,,,,,,,
ALMONDZ,ALMONDZ GLOBAL SECURITIES  LIMITED,Regulation 7 (2),,2026-09-07,,,,,,,,,https://nsearchives.nseindia.com/corporate/ixbrl/IT_2757_20260907_114939170_WEB.html,,,,,,,,,,,,,,
NITIRAJ,NITIRAJ ENGINEERS LIMITED,Regulation 7 (2),,2026-09-05,,,,,,,,,https://nsearchives.nseindia.com/corporate/ixbrl/IT_14639_20260905_163507240_WEB.html,,,,,,,,,,,,,,
NITIRAJ,NITIRAJ ENGINEERS LIMITED,Regulation 7 (2),,2026-09-05,,,,,,,,,https://nsearchives.nseindia.com/corporate/ixbrl/IT_14639_20260905_163507240_WEB.html,,,,,,,,,,,,,,
NITIRAJ,NITIRAJ ENGINEERS LIMITED,Regulation 7 (2),,2026-09-05,,,,,,,,,https://nsearchives.nseindia.com/corporate/ixbrl/IT_14639_20260905_163507240_WEB.html,,,,,,,,,,,,,,
WSI,W S Industries (I) Limited,Regulation 7 (2),,2026-09-05,,,,,,,,,https://nsearchives.nseindia.com/corporate/ixbrl/IT_587_20260905_163840702_WEB.html,,,,,,,,,,,,,,
WSI,W S Industries (I) Limited,Regulation 7 (2),,2026-09-05,,,,,,,,,https://nsearchives.nseindia.com/corporate/ixbrl/IT_587_20260905_163840702_WEB.html,,,,,,,,,,,,,,
WSI,W S Industries (I) Limited,Regulation 7 (2),,2026-09-05,,,,,,,,,https://nsearchives.nseindia.com/corporate/ixbrl/IT_587_20260905_163840702_WEB.html,,,,,,,,,,,,,,
WSI,W S Industries (I) Limited,Regulation 7 (2),,2026-09-05,,,,,,,,,https://nsearchives.nseindia.com/corporate/ixbrl/IT_587_20260905_163840702_WEB.html,,,,,,,,,,,,,,
HINDCON,Hindcon Chemicals Limited,Regulation 7 (2),,2026-09-05,,,,,,,,,https://nsearchives.nseindia.com/corporate/ixbrl/IT_15847_20260905_163448920_WEB.html,,,,,,,,,,,,,,
INFY,Infosys Limited,Regulation 7 (2),,2026-09-06,,,,,,,,,https://nsearchives.nseindia.com/corporate/ixbrl/IT_180_20260906_235910384_WEB.html,,,,,,,,,,,,,,
DBOL,Dhampur Bio Organics Limited,Regulation 7 (2),,2026-09-05,,,,,,,,,https://nsearchives.nseindia.com/corporate/ixbrl/IT_20812_20260905_151545542_WEB.html,,,,,,,,,,,,,,
BLBLIMITED,BLB LIMITED,Regulation 7 (2),,2026-09-05,,,,,,,,,https://nsearchives.nseindia.com/corporate/ixbrl/IT_1893_20260905_122050531_WEB.html,,,,,,,,,,,,,,
RUBICON,RUBICON RESEARCH LIMITED,Regulation 7 (2),,2026-09-04,,,,,,,,,https://nsearchives.nseindia.com/corporate/ixbrl/IT_24193_20260904_202652563_WEB.html,,,,,,,,,,,,,,
VALIANTORG,Valiant Organics Limited,Regulation 7 (2),,2026-09-05,,,,,,,,,https://nsearchives.nseindia.com/corporate/ixbrl/IT_18775_20260905_102646592_WEB.html,,,,,,,,,,,,,,
VALIANTORG,Valiant Organics Limited,Regulation 7 (2),,2026-09-05,,,,,,,,,https://nsearchives.nseindia.com/corporate/ixbrl/IT_18775_20260905_102646592_WEB.html,,,,,,,,,,,,,,
VALIANTORG,Valiant Organics Limited,Regulation 7 (2),,2026-09-05,,,,,,,,,https://nsearchives.nseindia.com/corporate/ixbrl/IT_18775_20260905_102646592_WEB.html,,,,,,,,,,,,,,
VALIANTORG,Valiant Organics Limited,Regulation 7 (2),,2026-09-05,,,,,,,,,https://nsearchives.nseindia.com/corporate/ixbrl/IT_18775_20260905_102646592_WEB.html,,,,,,,,,,,,,,
VALIANTORG,Valiant Organics Limited,Regulation 7 (2),,2026-09-05,,,,,,,,,https://nsearchives.nseindia.com/corporate/ixbrl/IT_18775_20260905_102646592_WEB.html,,,,,,,,,,,,,,
VALIANTORG,Valiant Organics Limited,Regulation 7 (2),,2026-09-05,,,,,,,,,https://nsearchives.nseindia.com/corporate/ixbrl/IT_18775_20260905_102646592_WEB.html,,,,,,,,,,,,,,
NITIRAJ,NITIRAJ ENGINEERS LIMITED,Regulation 7 (2),,2026-09-05,,,,,,,,,https://nsearchives.nseindia.com/corporate/ixbrl/IT_14639_20260905_163233307_WEB.html,,,,,,,,,,,,,,
NITIRAJ,NITIRAJ ENGINEERS LIMITED,Regulation 7 (2),,2026-09-05,,,,,,,,,https://nsearchives.nseindia.com/corporate/ixbrl/IT_14639_20260905_163233307_WEB.html,,,,,,,,,,,,,,
NITIRAJ,NITIRAJ ENGINEERS LIMITED,Regulation 7 (2),,2026-09-05,,,,,,,,,https://nsearchives.nseindia.com/corporate/ixbrl/IT_14639_20260905_163233307_WEB.html,,,,,,,,,,,,,,
PATINTLOG,Patel Integrated Logistics Limited,Regulation 7 (2),,2026-09-04,,,,,,,,,https://nsearchives.nseindia.com/corporate/ixbrl/IT_2705_20260904_193813658_WEB.html,,,,,,,,,,,,,,Due to typo error in date of filing
PATINTLOG,Patel Integrated Logistics Limited,Regulation 7 (2),,2026-09-04,,,,,,,,,https://nsearchives.nseindia.com/corporate/ixbrl/IT_2705_20260904_193813658_WEB.html,,,,,,,,,,,,,,Due to typo error in date of filing
VSTL,VIBHOR STEEL TUBES LIMITED,Regulation 7 (2),,2026-09-04,,,,,,,,,https://nsearchives.nseindia.com/corporate/ixbrl/IT_22607_20260904_192101609_WEB.html,,,,,,,,,,,,,,
SUVIDHAA,SUVIDHAA INFOSERVE LIMITED,Regulation 7 (2),,2026-09-04,,,,,,,,,https://nsearchives.nseindia.com/corporate/ixbrl/IT_19313_20260904_192037372_WEB.html,,,,,,,,,,,,,,
PATINTLOG,Patel Integrated Logistics Limited,Regulation 7 (2),,2026-08-29,,,,,,,,,https://nsearchives.nseindia.com/corporate/ixbrl/IT_2705_20260904_193714431_WEB.html,,,,,,,,,,,,,,
PATINTLOG,Patel Integrated Logistics Limited,Regulation 7 (2),,2026-08-29,,,,,,,,,https://nsearchives.nseindia.com/corporate/ixbrl/IT_2705_20260904_193714431_WEB.html,,,,,,,,,,,,,,
EXCELSOFT,Excelsoft Technologies Limited,Regulation 7 (2),,2026-09-04,,,,,,,,,https://nsearchives.nseindia.com/corporate/ixbrl/IT_25530_20260904_192032111_WEB.html,,,,,,,,,,,,,,
SAPPHIRE,SAPPHIRE FOODS INDIA LIMITED,Regulation 7 (2),,2026-09-04,,,,,,,,,https://nsearchives.nseindia.com/corporate/ixbrl/IT_19858_20260904_203156993_WEB.html,,,,,,,,,,,,,,
EXCELSOFT,Excelsoft Technologies Limited,Regulation 7 (2),,2026-09-04,,,,,,,,,https://nsearchives.nseindia.com/corporate/ixbrl/IT_25530_20260904_191707896_WEB.html,,,,,,,,,,,,,,
HCLTECH,HCL Technologies Limited,Regulation 7 (2),,2026-09-04,,,,,,,,,https://nsearchives.nseindia.com/corporate/ixbrl/IT_1828_20260904_182433046_WEB.html,,,,,,,,,,,,,,
HCLTECH,HCL Technologies Limited,Regulation 7 (2),,2026-09-04,,,,,,,,,https://nsearchives.nseindia.com/corporate/ixbrl/IT_1828_20260904_182433046_WEB.html,,,,,,,,,,,,,,
HCLTECH,HCL Technologies Limited,Regulation 7 (2),,2026-09-04,,,,,,,,,https://nsearchives.nseindia.com/corporate/ixbrl/IT_1828_20260904_182433046_WEB.html,,,,,,,,,,,,,,
HCLTECH,HCL Technologies Limited,Regulation 7 (2),,2026-09-04,,,,,,,,,https://nsearchives.nseindia.com/corporate/ixbrl/IT_1828_20260904_182433046_WEB.html,,,,,,,,,,,,,,
JSWENERGY,JSW Energy Limited,Regulation 7 (2),,2026-09-04,,,,,,,,,https://nsearchives.nseindia.com/corporate/ixbrl/IT_3013_20260904_200649490_WEB.html,,,,,,,,,,,,,,
JSWENERGY,JSW Energy Limited,Regulation 7 (2),,2026-09-04,,,,,,,,,https://nsearchives.nseindia.com/corporate/ixbrl/IT_3013_20260904_200649490_WEB.html,,,,,,,,,,,,,,
JSWENERGY,JSW Energy Limited,Regulation 7 (2),,2026-09-04,,,,,,,,,https://nsearchives.nseindia.com/corporate/ixbrl/IT_3013_20260904_200649490_WEB.html,,,,,,,,,,,,,,
JSWENERGY,JSW Energy Limited,Regulation 7 (2),,2026-09-04,,,,,,,,,https://nsearchives.nseindia.com/corporate/ixbrl/IT_3013_20260904_200649490_WEB.html,,,,,,,,,,,,,,
JSWENERGY,JSW Energy Limited,Regulation 7 (2),,2026-09-04,,,,,,,,,https://nsearchives.nseindia.com/corporate/ixbrl/IT_3013_20260904_200649490_WEB.html,,,,,,,,,,,,,,
JSWENERGY,JSW Energy Limited,Regulation 7 (2),,2026-09-04,,,,,,,,,https://nsearchives.nseindia.com/corporate/ixbrl/IT_3013_20260904_200649490_WEB.html,,,,,,,,,,,,,,
VSTL,VIBHOR STEEL TUBES LIMITED,Regulation 7 (2),,2026-09-04,,,,,,,,,https://nsearchives.nseindia.com/corporate/ixbrl/IT_22607_20260904_191925838_WEB.html,,,,,,,,,,,,,,
PAISALO,PAISALO DIGITAL LIMITED,Regulation 7 (2),,2026-09-04,,,,,,,,,https://nsearchives.nseindia.com/corporate/ixbrl/IT_5294_20260904_182125165_WEB.html,,,,,,,,,,,,,,
PAISALO,PAISALO DIGITAL LIMITED,Regulation 7 (2),,2026-09-04,,,,,,,,,https://nsearchives.nseindia.com/corporate/ixbrl/IT_5294_20260904_182125165_WEB.html,,,,,,,,,,,,,,
PAISALO,PAISALO DIGITAL LIMITED,Regulation 7 (2),,2026-09-04,,,,,,,,,https://nsearchives.nseindia.com/corporate/ixbrl/IT_5294_20260904_182125165_WEB.html,,,,,,,,,,,,,,
VSTL,VIBHOR STEEL TUBES LIMITED,Regulation 7 (2),,2026-09-04,,,,,,,,,https://nsearchives.nseindia.com/corporate/ixbrl/IT_22607_20260904_193709123_WEB.html,,,,,,,,,,,,,,
RUBICON,RUBICON RESEARCH LIMITED,Regulation 7 (2),,2026-09-04,,,,,,,,,https://nsearchives.nseindia.com/corporate/ixbrl/IT_24193_20260904_171707067_WEB.html,,,,,,,,,,,,,,
NAVA,NAVA LIMITED,Regulation 7 (2),,2026-09-04,,,,,,,,,https://nsearchives.nseindia.com/corporate/ixbrl/IT_1264_20260904_170714064_WEB.html,,,,,,,,,,,,,,
NAVA,NAVA LIMITED,Regulation 7 (2),,2026-09-04,,,,,,,,,https://nsearchives.nseindia.com/corporate/ixbrl/IT_1264_20260904_170714064_WEB.html,,,,,,,,,,,,,,
RUBICON,RUBICON RESEARCH LIMITED,Regulation 7 (2),,2026-09-04,,,,,,,,,https://nsearchives.nseindia.com/corporate/ixbrl/IT_24193_20260904_171849596_WEB.html,,,,,,,,,,,,,,
RUBICON,RUBICON RESEARCH LIMITED,Regulation 7 (2),,2026-09-04,,,,,,,,,https://nsearchives.nseindia.com/corporate/ixbrl/IT_24193_20260904_172006065_WEB.html,,,,,,,,,,,,,,
NAVA,NAVA LIMITED,Regulation 7 (2),,2026-09-04,,,,,,,,,https://nsearchives.nseindia.com/corporate/ixbrl/IT_1264_20260904_170517555_WEB.html,,,,,,,,,,,,,,
MGEL,MANGALAM GLOBAL ENTERPRISE LIMITED,Regulation 7 (2),,2026-09-04,,,,,,,,,https://nsearchives.nseindia.com/corporate/ixbrl/IT_17639_20260904_170820498_WEB.html,,,,,,,,,,,,,,
WSI,W S Industries (I) Limited,Regulation 7 (2),,2026-09-04,,,,,,,,,https://nsearchives.nseindia.com/corporate/ixbrl/IT_587_20260904_164550074_WEB.html,,,,,,,,,,,,,,
WSI,W S Industries (I) Limited,Regulation 7 (2),,2026-09-04,,,,,,,,,https://nsearchives.nseindia.com/corporate/ixbrl/IT_587_20260904_164550074_WEB.html,,,,,,,,,,,,,,
WSI,W S Industries (I) Limited,Regulation 7 (2),,2026-09-04,,,,,,,,,https://nsearchives.nseindia.com/corporate/ixbrl/IT_587_20260904_164550074_WEB.html,,,,,,,,,,,,,,
WSI,W S Industries (I) Limited,Regulation 7 (2),,2026-09-04,,,,,,,,,https://nsearchives.nseindia.com/corporate/ixbrl/IT_587_20260904_164550074_WEB.html,,,,,,,,,,,,,,
RUBICON,RUBICON RESEARCH LIMITED,Regulation 7 (2),,2026-09-04,,,,,,,,,https://nsearchives.nseindia.com/corporate/ixbrl/IT_24193_20260904_170446684_WEB.html,,,,,,,,,,,,,,
ESCORTS,ESCORTS KUBOTA LIMITED,Regulation 7 (2),,2026-09-04,,,,,,,,,https://nsearchives.nseindia.com/corporate/ixbrl/IT_224_20260904_185242438_WEB.html,,,,,,,,,,,,,,
ESCORTS,ESCORTS KUBOTA LIMITED,Regulation 7 (2),,2026-09-04,,,,,,,,,https://nsearchives.nseindia.com/corporate/ixbrl/IT_224_20260904_185242438_WEB.html,,,,,,,,,,,,,,
NCLIND,NCL INDUSTRIES LIMITED,Regulation 7 (2),,2026-09-03,,,,,,,,,https://nsearchives.nseindia.com/corporate/ixbrl/IT_2568_20260904_163726559_WEB.html,,,,,,,,,,,,,,
SUPREMEIND,Supreme Indsutries Limited,Regulation 7 (2),,2026-09-04,,,,,,,,,https://nsearchives.nseindia.com/corporate/ixbrl/IT_322_20260904_163254952_WEB.html,,,,,,,,,,,,,,
RUBICON,RUBICON RESEARCH LIMITED,Regulation 7 (2),,2026-09-04,,,,,,,,,https://nsearchives.nseindia.com/corporate/ixbrl/IT_24193_20260904_170315397_WEB.html,,,,,,,,,,,,,,
360ONE,360 ONE WAM LIMITED,Regulation 7 (2),,2026-09-04,,,,,,,,,https://nsearchives.nseindia.com/corporate/ixbrl/IT_17593_20260904_163249882_WEB.html,,,,,,,,,,,,,,
WSI,W S Industries (I) Limited,Regulation 7 (2),,2026-09-04,,,,,,,,,https://nsearchives.nseindia.com/corporate/ixbrl/IT_587_20260904_163708776_WEB.html,,,,,,,,,,,,,,
WSI,W S Industries (I) Limited,Regulation 7 (2),,2026-09-04,,,,,,,,,https://nsearchives.nseindia.com/corporate/ixbrl/IT_587_20260904_163708776_WEB.html,,,,,,,,,,,,,,
WSI,W S Industries (I) Limited,Regulation 7 (2),,2026-09-04,,,,,,,,,https://nsearchives.nseindia.com/corporate/ixbrl/IT_587_20260904_163708776_WEB.html,,,,,,,,,,,,,,
WSI,W S Industries (I) Limited,Regulation 7 (2),,2026-09-04,,,,,,,,,https://nsearchives.nseindia.com/corporate/ixbrl/IT_587_20260904_163708776_WEB.html,,,,,,,,,,,,,,
WSI,W S Industries (I) Limited,Regulation 7 (2),,2026-09-04,,,,,,,,,https://nsearchives.nseindia.com/corporate/ixbrl/IT_587_20260904_164239646_WEB.html,,,,,,,,,,,,,,
WSI,W S Industries (I) Limited,Regulation 7 (2),,2026-09-04,,,,,,,,,https://nsearchives.nseindia.com/corporate/ixbrl/IT_587_20260904_164239646_WEB.html,,,,,,,,,,,,,,
WSI,W S Industries (I) Limited,Regulation 7 (2),,2026-09-04,,,,,,,,,https://nsearchives.nseindia.com/corporate/ixbrl/IT_587_20260904_164239646_WEB.html,,,,,,,,,,,,,,
WSI,W S Industries (I) Limited,Regulation 7 (2),,2026-09-04,,,,,,,,,https://nsearchives.nseindia.com/corporate/ixbrl/IT_587_20260904_164239646_WEB.html,,,,,,,,,,,,,,
LIBAS,Libas Consumer Products Limited,Regulation 7 (2),,2026-09-04,,,,,,,,,https://nsearchives.nseindia.com/corporate/ixbrl/IT_14456_20260904_155217344_WEB.html,,,,,,,,,,,,,,
MGEL,MANGALAM GLOBAL ENTERPRISE LIMITED,Regulation 7 (2),,2026-09-04,,,,,,,,,https://nsearchives.nseindia.com/corporate/ixbrl/IT_17639_20260904_163516661_WEB.html,,,,,,,,,,,,,,
MHRIL,MAHINDRA HOLIDAYS & RESORTS INDIA LIMITED,Regulation 7 (2),,2026-09-04,,,,,,,,,https://nsearchives.nseindia.com/corporate/ixbrl/IT_2895_20260904_143500627_WEB.html,,,,,,,,,,,,,,
MHRIL,MAHINDRA HOLIDAYS & RESORTS INDIA LIMITED,Regulation 7 (2),,2026-09-04,,,,,,,,,https://nsearchives.nseindia.com/corporate/ixbrl/IT_2895_20260904_143500627_WEB.html,,,,,,,,,,,,,,
LIBAS,Libas Consumer Products Limited,Regulation 7 (2),,2026-09-03,,,,,,,,,https://nsearchives.nseindia.com/corporate/ixbrl/IT_14456_20260904_155033703_WEB.html,,,,,,,,,,,,,,
CHOICEIN,Choice International Limited,Regulation 7 (2),,2026-09-04,,,,,,,,,https://nsearchives.nseindia.com/corporate/ixbrl/IT_20116_20260904_125019732_WEB.html,,,,,,,,,,,,,,
ECLERX,eClerx Services Ltd,Regulation 7 (2),,2026-09-04,,,,,,,,,https://nsearchives.nseindia.com/corporate/ixbrl/IT_2698_20260904_120149310_WEB.html,,,,,,,,,,,,,,
ECLERX,eClerx Services Ltd,Regulation 7 (2),,2026-09-04,,,,,,,,,https://nsearchives.nseindia.com/corporate/ixbrl/IT_2698_20260904_120149310_WEB.html,,,,,,,,,,,,,,
SINCLAIR,SINCLAIRS HOTELS LIMITED,Regulation 7 (2),,2026-09-04,,,,,,,,,https://nsearchives.nseindia.com/corporate/ixbrl/IT_22933_20260904_151210358_WEB.html,,,,,,,,,,,,,,
EVEREADY,EVEREADY INDUSTRIES INDIA LIMITED,Regulation 7 (2),,2026-09-04,,,,,,,,,https://nsearchives.nseindia.com/corporate/ixbrl/IT_2275_20260904_123459876_WEB.html,,,,,,,,,,,,,,
EVEREADY,EVEREADY INDUSTRIES INDIA LIMITED,Regulation 7 (2),,2026-09-04,,,,,,,,,https://nsearchives.nseindia.com/corporate/ixbrl/IT_2275_20260904_123459876_WEB.html,,,,,,,,,,,,,,
WSI,W S Industries (I) Limited,Regulation 7 (2),,2026-09-04,,,,,,,,,https://nsearchives.nseindia.com/corporate/ixbrl/IT_587_20260904_120144012_WEB.html,,,,,,,,,,,,,,
WSI,W S Industries (I) Limited,Regulation 7 (2),,2026-09-04,,,,,,,,,https://nsearchives.nseindia.com/corporate/ixbrl/IT_587_20260904_120144012_WEB.html,,,,,,,,,,,,,,
WSI,W S Industries (I) Limited,Regulation 7 (2),,2026-09-04,,,,,,,,,https://nsearchives.nseindia.com/corporate/ixbrl/IT_587_20260904_120144012_WEB.html,,,,,,,,,,,,,,
WSI,W S Industries (I) Limited,Regulation 7 (2),,2026-09-04,,,,,,,,,https://nsearchives.nseindia.com/corporate/ixbrl/IT_587_20260904_120144012_WEB.html,,,,,,,,,,,,,,
SANGAMIND,SANGAM (INDIA) LIMITED,Regulation 7 (2),,2026-09-04,,,,,,,,,https://nsearchives.nseindia.com/corporate/ixbrl/IT_1381_20260904_142812429_WEB.html,,,,,,,,,,,,,,
SANGAMIND,SANGAM (INDIA) LIMITED,Regulation 7 (2),,2026-09-04,,,,,,,,,https://nsearchives.nseindia.com/corporate/ixbrl/IT_1381_20260904_142812429_WEB.html,,,,,,,,,,,,,,
WSI,W S Industries (I) Limited,Regulation 7 (2),,2026-09-04,,,,,,,,,https://nsearchives.nseindia.com/corporate/ixbrl/IT_587_20260904_115130694_WEB.html,,,,,,,,,,,,,,
WSI,W S Industries (I) Limited,Regulation 7 (2),,2026-09-04,,,,,,,,,https://nsearchives.nseindia.com/corporate/ixbrl/IT_587_20260904_115130694_WEB.html,,,,,,,,,,,,,,
WSI,W S Industries (I) Limited,Regulation 7 (2),,2026-09-04,,,,,,,,,https://nsearchives.nseindia.com/corporate/ixbrl/IT_587_20260904_115130694_WEB.html,,,,,,,,,,,,,,
WSI,W S Industries (I) Limited,Regulation 7 (2),,2026-09-04,,,,,,,,,https://nsearchives.nseindia.com/corporate/ixbrl/IT_587_20260904_115130694_WEB.html,,,,,,,,,,,,,,
GANESHCP,GANESH CONSUMER PRODUCTS LIMITED,Regulation 7 (2),,2026-09-04,,,,,,,,,https://nsearchives.nseindia.com/corporate/ixbrl/IT_25074_20260904_113605225_WEB.html,,,,,,,,,,,,,,
KPIGREEN,KPI Green Energy Limited,Regulation 7 (2),,2026-09-04,,,,,,,,,https://nsearchives.nseindia.com/corporate/ixbrl/IT_19804_20260904_160527338_WEB.html,,,,,,,,,,,,,,
WSI,W S Industries (I) Limited,Regulation 7 (2),,2026-09-04,,,,,,,,,https://nsearchives.nseindia.com/corporate/ixbrl/IT_587_20260904_111742937_WEB.html,,,,,,,,,,,,,,
WSI,W S Industries (I) Limited,Regulation 7 (2),,2026-09-04,,,,,,,,,https://nsearchives.nseindia.com/corporate/ixbrl/IT_587_20260904_111742937_WEB.html,,,,,,,,,,,,,,
WSI,W S Industries (I) Limited,Regulation 7 (2),,2026-09-04,,,,,,,,,https://nsearchives.nseindia.com/corporate/ixbrl/IT_587_20260904_111742937_WEB.html,,,,,,,,,,,,,,
WSI,W S Industries (I) Limited,Regulation 7 (2),,2026-09-04,,,,,,,,,https://nsearchives.nseindia.com/corporate/ixbrl/IT_587_20260904_111742937_WEB.html,,,,,,,,,,,,,,
CEATLTD,CEAT Limited,Regulation 7 (2),,2026-09-04,,,,,,,,,https://nsearchives.nseindia.com/corporate/ixbrl/IT_2711_20260904_113610286_WEB.html,,,,,,,,,,,,,,
WSI,W S Industries (I) Limited,Regulation 7 (2),,2026-09-04,,,,,,,,,https://nsearchives.nseindia.com/corporate/ixbrl/IT_587_20260904_110602074_WEB.html,,,,,,,,,,,,,,
WSI,W S Industries (I) Limited,Regulation 7 (2),,2026-09-04,,,,,,,,,https://nsearchives.nseindia.com/corporate/ixbrl/IT_587_20260904_110602074_WEB.html,,,,,,,,,,,,,,
WSI,W S Industries (I) Limited,Regulation 7 (2),,2026-09-04,,,,,,,,,https://nsearchives.nseindia.com/corporate/ixbrl/IT_587_20260904_110602074_WEB.html,,,,,,,,,,,,,,
WSI,W S Industries (I) Limited,Regulation 7 (2),,2026-09-04,,,,,,,,,https://nsearchives.nseindia.com/corporate/ixbrl/IT_587_20260904_110602074_WEB.html,,,,,,,,,,,,,,
CEATLTD,CEAT Limited,Regulation 7 (2),,2026-09-04,,,,,,,,,https://nsearchives.nseindia.com/corporate/ixbrl/IT_2711_20260904_112149048_WEB.html,,,,,,,,,,,,,,
AVONMORE,AVONMORE CAPITAL & MANAGEMENT SERVICES  LIMITED,Regulation 7 (2),,2026-09-04,,,,,,,,,https://nsearchives.nseindia.com/corporate/ixbrl/IT_20397_20260904_103526497_WEB.html,,,,,,,,,,,,,,
WSI,W S Industries (I) Limited,Regulation 7 (2),,2026-09-04,,,,,,,,,https://nsearchives.nseindia.com/corporate/ixbrl/IT_587_20260904_111001666_WEB.html,,,,,,,,,,,,,,
WSI,W S Industries (I) Limited,Regulation 7 (2),,2026-09-04,,,,,,,,,https://nsearchives.nseindia.com/corporate/ixbrl/IT_587_20260904_111001666_WEB.html,,,,,,,,,,,,,,
WSI,W S Industries (I) Limited,Regulation 7 (2),,2026-09-04,,,,,,,,,https://nsearchives.nseindia.com/corporate/ixbrl/IT_587_20260904_111001666_WEB.html,,,,,,,,,,,,,,
WSI,W S Industries (I) Limited,Regulation 7 (2),,2026-09-04,,,,,,,,,https://nsearchives.nseindia.com/corporate/ixbrl/IT_587_20260904_111001666_WEB.html,,,,,,,,,,,,,,
CEATLTD,CEAT Limited,Regulation 7 (2),,2026-09-04,,,,,,,,,https://nsearchives.nseindia.com/corporate/ixbrl/IT_2711_20260904_112308240_WEB.html,,,,,,,,,,,,,,
ANMOL,ANMOL INDIA LIMITED,Regulation 7 (2),,2026-09-02,,,,,,,,,https://nsearchives.nseindia.com/corporate/ixbrl/IT_19518_20260903_204830258_WEB.html,,,,,,,,,,,,,,
SUVIDHAA,SUVIDHAA INFOSERVE LIMITED,Regulation 7 (2),,2026-09-03,,,,,,,,,https://nsearchives.nseindia.com/corporate/ixbrl/IT_19313_20260903_193530503_WEB.html,,,,,,,,,,,,,,
ANMOL,ANMOL INDIA LIMITED,Regulation 7 (2),,2026-09-02,,,,,,,,,https://nsearchives.nseindia.com/corporate/ixbrl/IT_19518_20260903_205050119_WEB.html,,,,,,,,,,,,,,
JKIPL,JINKUSHAL INDUSTRIES LIMITED,Regulation 7 (2),,2026-09-03,,,,,,,,,https://nsearchives.nseindia.com/corporate/ixbrl/IT_25984_20260903_192037750_WEB.html,,,,,,,,,,,,,,
JKIPL,JINKUSHAL INDUSTRIES LIMITED,Regulation 7 (2),,2026-09-03,,,,,,,,,https://nsearchives.nseindia.com/corporate/ixbrl/IT_25984_20260903_192037750_WEB.html,,,,,,,,,,,,,,
WSI,W S Industries (I) Limited,Regulation 7 (2),,2026-09-04,,,,,,,,,https://nsearchives.nseindia.com/corporate/ixbrl/IT_587_20260904_110532765_WEB.html,,,,,,,,,,,,,,
WSI,W S Industries (I) Limited,Regulation 7 (2),,2026-09-04,,,,,,,,,https://nsearchives.nseindia.com/corporate/ixbrl/IT_587_20260904_110532765_WEB.html,,,,,,,,,,,,,,
WSI,W S Industries (I) Limited,Regulation 7 (2),,2026-09-04,,,,,,,,,https://nsearchives.nseindia.com/corporate/ixbrl/IT_587_20260904_110532765_WEB.html,,,,,,,,,,,,,,
WSI,W S Industries (I) Limited,Regulation 7 (2),,2026-09-04,,,,,,,,,https://nsearchives.nseindia.com/corporate/ixbrl/IT_587_20260904_110532765_WEB.html,,,,,,,,,,,,,,
JKIPL,JINKUSHAL INDUSTRIES LIMITED,Regulation 7 (2),,2026-09-03,,,,,,,,,https://nsearchives.nseindia.com/corporate/ixbrl/IT_25984_20260903_191409423_WEB.html,,,,,,,,,,,,,,
JKIPL,JINKUSHAL INDUSTRIES LIMITED,Regulation 7 (2),,2026-09-03,,,,,,,,,https://nsearchives.nseindia.com/corporate/ixbrl/IT_25984_20260903_191409423_WEB.html,,,,,,,,,,,,,,
ALEMBICLTD,Alembic Limited,Regulation 7 (2),,2026-09-01,,,,,,,,,https://nsearchives.nseindia.com/corporate/ixbrl/IT_1817_20260903_203549258_WEB.html,,,,,,,,,,,,,,
AKI,AKI India Limited,Regulation 7 (2),,2026-09-03,,,,,,,,,https://nsearchives.nseindia.com/corporate/ixbrl/IT_21546_20260903_191209074_WEB.html,,,,,,,,,,,,,,
SWARAJ,SWARAJ SUITING LIMITED,Regulation 7 (2),,2026-09-03,,,,,,,,,https://nsearchives.nseindia.com/corporate/ixbrl/IT_20487_20260903_192024833_WEB.html,,,,,,,,,,,,,,
JKIPL,JINKUSHAL INDUSTRIES LIMITED,Regulation 7 (2),,2026-09-03,,,,,,,,,https://nsearchives.nseindia.com/corporate/ixbrl/IT_25984_20260903_190704234_WEB.html,,,,,,,,,,,,,,
JKIPL,JINKUSHAL INDUSTRIES LIMITED,Regulation 7 (2),,2026-09-03,,,,,,,,,https://nsearchives.nseindia.com/corporate/ixbrl/IT_25984_20260903_190704234_WEB.html,,,,,,,,,,,,,,
CHALET,Chalet Hotels Limited,Regulation 7 (2),,2026-09-03,,,,,,,,,https://nsearchives.nseindia.com/corporate/ixbrl/IT_17190_20260903_190537305_WEB.html,,,,,,,,,,,,,,
AKI,AKI India Limited,Regulation 7 (2),,2026-09-03,,,,,,,,,https://nsearchives.nseindia.com/corporate/ixbrl/IT_21546_20260903_190435836_WEB.html,,,,,,,,,,,,,,
AKI,AKI India Limited,Regulation 7 (2),,2026-09-03,,,,,,,,,https://nsearchives.nseindia.com/corporate/ixbrl/IT_21546_20260903_190620242_WEB.html,,,,,,,,,,,,,,
SWARAJ,SWARAJ SUITING LIMITED,Regulation 7 (2),,2026-09-03,,,,,,,,,https://nsearchives.nseindia.com/corporate/ixbrl/IT_20487_20260903_190413260_WEB.html,,,,,,,,,,,,,,
AKI,AKI India Limited,Regulation 7 (2),,2026-09-03,,,,,,,,,https://nsearchives.nseindia.com/corporate/ixbrl/IT_21546_20260903_185941783_WEB.html,,,,,,,,,,,,,,
ALEMBICLTD,Alembic Limited,Regulation 7 (2),,2026-09-03,,,,,,,,,https://nsearchives.nseindia.com/corporate/ixbrl/IT_1817_20260903_202522327_WEB.html,,,,,,,,,,,,,,
AKI,AKI India Limited,Regulation 7 (2),,2026-09-03,,,,,,,,,https://nsearchives.nseindia.com/corporate/ixbrl/IT_21546_20260903_190134461_WEB.html,,,,,,,,,,,,,,
SWARAJ,SWARAJ SUITING LIMITED,Regulation 7 (2),,2026-09-03,,,,,,,,,https://nsearchives.nseindia.com/corporate/ixbrl/IT_20487_20260903_185627792_WEB.html,,,,,,,,,,,,,,
AKI,AKI India Limited,Regulation 7 (2),,2026-09-03,,,,,,,,,https://nsearchives.nseindia.com/corporate/ixbrl/IT_21546_20260903_185050864_WEB.html,,,,,,,,,,,,,,
JKIPL,JINKUSHAL INDUSTRIES LIMITED,Regulation 7 (2),,2026-09-03,,,,,,,,,https://nsearchives.nseindia.com/corporate/ixbrl/IT_25984_20260903_190741342_WEB.html,,,,,,,,,,,,,,
JKIPL,JINKUSHAL INDUSTRIES LIMITED,Regulation 7 (2),,2026-09-03,,,,,,,,,https://nsearchives.nseindia.com/corporate/ixbrl/IT_25984_20260903_190741342_WEB.html,,,,,,,,,,,,,,
NILASPACES,NILA SPACES LIMITED,Regulation 7 (2),,2026-09-03,,,,,,,,,https://nsearchives.nseindia.com/corporate/ixbrl/IT_17088_20260903_185047595_WEB.html,,,,,,,,,,,,,,
SWARAJ,SWARAJ SUITING LIMITED,Regulation 7 (2),,2026-09-03,,,,,,,,,https://nsearchives.nseindia.com/corporate/ixbrl/IT_20487_20260903_185532022_WEB.html,,,,,,,,,,,,,,
GOKUL,GOKUL REFOILS AND SOLVENT LIMITED,Regulation 7 (2),,2026-09-03,,,,,,,,,https://nsearchives.nseindia.com/corporate/ixbrl/IT_2754_20260903_184221618_WEB.html,,,,,,,,,,,,,,
GOKUL,GOKUL REFOILS AND SOLVENT LIMITED,Regulation 7 (2),,2026-09-03,,,,,,,,,https://nsearchives.nseindia.com/corporate/ixbrl/IT_2754_20260903_184221618_WEB.html,,,,,,,,,,,,,,
TTL,T T LIMITED,Regulation 7 (2),,2026-09-03,,,,,,,,,https://nsearchives.nseindia.com/corporate/ixbrl/IT_2534_20260903_185532381_WEB.html,,,,,,,,,,,,,,
AKI,AKI India Limited,Regulation 7 (2),,2026-09-03,,,,,,,,,https://nsearchives.nseindia.com/corporate/ixbrl/IT_21546_20260903_184634349_WEB.html,,,,,,,,,,,,,,
SILVERTUC,SILVER TOUCH TECHNOLOGIES LIMITED,Regulation 7 (2),,2026-09-03,,,,,,,,,https://nsearchives.nseindia.com/corporate/ixbrl/IT_15598_20260903_183603816_WEB.html,,,,,,,,,,,,,,
SILVERTUC,SILVER TOUCH TECHNOLOGIES LIMITED,Regulation 7 (2),,2026-08-31,,,,,,,,,https://nsearchives.nseindia.com/corporate/ixbrl/IT_15598_20260903_183053771_WEB.html,,,,,,,,,,,,,,
SILVERTUC,SILVER TOUCH TECHNOLOGIES LIMITED,Regulation 7 (2),,2026-08-31,,,,,,,,,https://nsearchives.nseindia.com/corporate/ixbrl/IT_15598_20260903_183852991_WEB.html,,,,,,,,,,,,,,
GOKUL,GOKUL REFOILS AND SOLVENT LIMITED,Regulation 7 (2),,2026-09-03,,,,,,,,,https://nsearchives.nseindia.com/corporate/ixbrl/IT_2754_20260903_182212602_WEB.html,,,,,,,,,,,,,,
GOKUL,GOKUL REFOILS AND SOLVENT LIMITED,Regulation 7 (2),,2026-09-03,,,,,,,,,https://nsearchives.nseindia.com/corporate/ixbrl/IT_2754_20260903_182212602_WEB.html,,,,,,,,,,,,,,
SILVERTUC,SILVER TOUCH TECHNOLOGIES LIMITED,Regulation 7 (2),,2026-08-31,,,,,,,,,https://nsearchives.nseindia.com/corporate/ixbrl/IT_15598_20260903_183234413_WEB.html,,,,,,,,,,,,,,
GOKUL,GOKUL REFOILS AND SOLVENT LIMITED,Regulation 7 (2),,2026-09-03,,,,,,,,,https://nsearchives.nseindia.com/corporate/ixbrl/IT_2754_20260903_182030604_WEB.html,,,,,,,,,,,,,,
GOKUL,GOKUL REFOILS AND SOLVENT LIMITED,Regulation 7 (2),,2026-09-03,,,,,,,,,https://nsearchives.nseindia.com/corporate/ixbrl/IT_2754_20260903_182030604_WEB.html,,,,,,,,,,,,,,
GOKUL,GOKUL REFOILS AND SOLVENT LIMITED,Regulation 7 (2),,2026-09-03,,,,,,,,,https://nsearchives.nseindia.com/corporate/ixbrl/IT_2754_20260903_182118802_WEB.html,,,,,,,,,,,,,,
GOKUL,GOKUL REFOILS AND SOLVENT LIMITED,Regulation 7 (2),,2026-09-03,,,,,,,,,https://nsearchives.nseindia.com/corporate/ixbrl/IT_2754_20260903_182118802_WEB.html,,,,,,,,,,,,,,
GRAVITA,GRAVITA INDIA LIMITED,Regulation 7 (2),,2026-09-03,,,,,,,,,https://nsearchives.nseindia.com/corporate/ixbrl/IT_3733_20260903_175614532_WEB.html,,,,,,,,,,,,,,
JKIPL,JINKUSHAL INDUSTRIES LIMITED,Regulation 7 (2),,2026-09-03,,,,,,,,,https://nsearchives.nseindia.com/corporate/ixbrl/IT_25984_20260903_191224505_WEB.html,,,,,,,,,,,,,,
JKIPL,JINKUSHAL INDUSTRIES LIMITED,Regulation 7 (2),,2026-09-03,,,,,,,,,https://nsearchives.nseindia.com/corporate/ixbrl/IT_25984_20260903_191224505_WEB.html,,,,,,,,,,,,,,
THOMASCOOK,THOMAS COOK  (INDIA)  LIMITED,Regulation 7 (2),,2026-09-03,,,,,,,,,https://nsearchives.nseindia.com/corporate/ixbrl/IT_602_20260903_174926138_WEB.html,,,,,,,,,,,,,,
LALPATHLAB,DR. LAL PATHLABS LIMITED,Regulation 7 (2),,2026-09-03,,,,,,,,,https://nsearchives.nseindia.com/corporate/ixbrl/IT_13310_20260903_175134520_WEB.html,,,,,,,,,,,,,,
LALPATHLAB,DR. LAL PATHLABS LIMITED,Regulation 7 (2),,2026-09-03,,,,,,,,,https://nsearchives.nseindia.com/corporate/ixbrl/IT_13310_20260903_175134520_WEB.html,,,,,,,,,,,,,,
LALPATHLAB,DR. LAL PATHLABS LIMITED,Regulation 7 (2),,2026-09-03,,,,,,,,,https://nsearchives.nseindia.com/corporate/ixbrl/IT_13310_20260903_175134520_WEB.html,,,,,,,,,,,,,,
LALPATHLAB,DR. LAL PATHLABS LIMITED,Regulation 7 (2),,2026-09-03,,,,,,,,,https://nsearchives.nseindia.com/corporate/ixbrl/IT_13310_20260903_175134520_WEB.html,,,,,,,,,,,,,,
AKI,AKI India Limited,Regulation 7 (2),,2026-09-03,,,,,,,,,https://nsearchives.nseindia.com/corporate/ixbrl/IT_21546_20260903_180602092_WEB.html,,,,,,,,,,,,,,
HCLTECH,HCL Technologies Limited,Regulation 7 (2),,2026-09-03,,,,,,,,,https://nsearchives.nseindia.com/corporate/ixbrl/IT_1828_20260903_173519561_WEB.html,,,,,,,,,,,,,,
HCLTECH,HCL Technologies Limited,Regulation 7 (2),,2026-09-03,,,,,,,,,https://nsearchives.nseindia.com/corporate/ixbrl/IT_1828_20260903_173519561_WEB.html,,,,,,,,,,,,,,
HCLTECH,HCL Technologies Limited,Regulation 7 (2),,2026-09-03,,,,,,,,,https://nsearchives.nseindia.com/corporate/ixbrl/IT_1828_20260903_173519561_WEB.html,,,,,,,,,,,,,,
HATSUN,HATSUN AGRO PRODUCT LIMITED,Regulation 7 (2),,2026-09-03,,,,,,,,,https://nsearchives.nseindia.com/corporate/ixbrl/IT_10091_20260903_172212496_WEB.html,,,,,,,,,,,,,,
HATSUN,HATSUN AGRO PRODUCT LIMITED,Regulation 7 (2),,2026-09-03,,,,,,,,,https://nsearchives.nseindia.com/corporate/ixbrl/IT_10091_20260903_172212496_WEB.html,,,,,,,,,,,,,,
AVANTEL,AVANTEL LIMITED,Regulation 7 (2),,2026-09-03,,,,,,,,,https://nsearchives.nseindia.com/corporate/ixbrl/IT_23772_20260903_172216834_WEB.html,,,,,,,,,,,,,,
THOMASCOOK,THOMAS COOK  (INDIA)  LIMITED,Regulation 7 (2),,2026-09-03,,,,,,,,,https://nsearchives.nseindia.com/corporate/ixbrl/IT_602_20260903_172207929_WEB.html,,,,,,,,,,,,,,
NAUKRI,Info Edge (India) Limited,Regulation 7 (2),,2026-09-03,,,,,,,,,https://nsearchives.nseindia.com/corporate/ixbrl/IT_2460_20260903_165506658_WEB.html,,,,,,,,,,,,,,
NAUKRI,Info Edge (India) Limited,Regulation 7 (2),,2026-09-03,,,,,,,,,https://nsearchives.nseindia.com/corporate/ixbrl/IT_2460_20260903_165506658_WEB.html,,,,,,,,,,,,,,
GOKUL,GOKUL REFOILS AND SOLVENT LIMITED,Regulation 7 (2),,2026-09-03,,,,,,,,,https://nsearchives.nseindia.com/corporate/ixbrl/IT_2754_20260903_183558735_WEB.html,,,,,,,,,,,,,,
GOKUL,GOKUL REFOILS AND SOLVENT LIMITED,Regulation 7 (2),,2026-09-03,,,,,,,,,https://nsearchives.nseindia.com/corporate/ixbrl/IT_2754_20260903_183558735_WEB.html,,,,,,,,,,,,,,
HINDCON,Hindcon Chemicals Limited,Regulation 7 (2),,2026-09-03,,,,,,,,,https://nsearchives.nseindia.com/corporate/ixbrl/IT_15847_20260903_165013237_WEB.html,,,,,,,,,,,,,,
HATSUN,HATSUN AGRO PRODUCT LIMITED,Regulation 7 (2),,2026-09-03,,,,,,,,,https://nsearchives.nseindia.com/corporate/ixbrl/IT_10091_20260903_173554066_WEB.html,,,,,,,,,,,,,,
MGEL,MANGALAM GLOBAL ENTERPRISE LIMITED,Regulation 7 (2),,2026-09-03,,,,,,,,,https://nsearchives.nseindia.com/corporate/ixbrl/IT_17639_20260903_172221299_WEB.html,,,,,,,,,,,,,,
NECCLTD,NORTH EASTERN CARRYING CORPORATION LIMITED,Regulation 7 (2),,2026-09-03,,,,,,,,,https://nsearchives.nseindia.com/corporate/ixbrl/IT_13506_20260903_170520616_WEB.html,,,,,,,,,,,,,,
BLBLIMITED,BLB LIMITED,Regulation 7 (2),,2026-09-03,,,,,,,,,https://nsearchives.nseindia.com/corporate/ixbrl/IT_1893_20260903_163213893_WEB.html,,,,,,,,,,,,,,
ASHAPURMIN,ASHAPURA MINECHEM LIMITED,Regulation 7 (2),,2026-09-01,,,,,,,,,https://nsearchives.nseindia.com/corporate/ixbrl/IT_1262_20260903_162949960_WEB.html,,,,,,,,,,,,,,
GOODLUCK,GOODLUCK INDIA LIMITED,Regulation 7 (2),,2026-09-03,,,,,,,,,https://nsearchives.nseindia.com/corporate/ixbrl/IT_11300_20260903_162945403_WEB.html,,,,,,,,,,,,,,
ASHAPURMIN,ASHAPURA MINECHEM LIMITED,Regulation 7 (2),,2026-09-01,,,,,,,,,https://nsearchives.nseindia.com/corporate/ixbrl/IT_1262_20260903_162954302_WEB.html,,,,,,,,,,,,,,
BIL,BHARTIYA INTERNATIONAL LIMITED,Regulation 7 (2),,2026-09-03,,,,,,,,,https://nsearchives.nseindia.com/corporate/ixbrl/IT_1877_20260903_162924662_WEB.html,,,,,,,,,,,,,,
ASTRAL,ASTRAL LIMITED,Regulation 7 (2),,2026-09-03,,,,,,,,,https://nsearchives.nseindia.com/corporate/ixbrl/IT_2559_20260903_162849713_WEB.html,,,,,,,,,,,,,,
360ONE,360 ONE WAM LIMITED,Regulation 7 (2),,2026-09-03,,,,,,,,,https://nsearchives.nseindia.com/corporate/ixbrl/IT_17593_20260903_162830833_WEB.html,,,,,,,,,,,,,,
VGUARD,V-Guard Industries Limited,Regulation 7 (2),,2026-09-03,,,,,,,,,https://nsearchives.nseindia.com/corporate/ixbrl/IT_2734_20260903_163233902_WEB.html,,,,,,,,,,,,,,
KPITTECH,KPIT TECHNOLOGIES LIMITED,Regulation 7 (2),,2026-09-03,,,,,,,,,https://nsearchives.nseindia.com/corporate/ixbrl/IT_17417_20260903_162826457_WEB.html,,,,,,,,,,,,,,
MGEL,MANGALAM GLOBAL ENTERPRISE LIMITED,Regulation 7 (2),,2026-09-03,,,,,,,,,https://nsearchives.nseindia.com/corporate/ixbrl/IT_17639_20260903_162606712_WEB.html,,,,,,,,,,,,,,
ALMONDZ,ALMONDZ GLOBAL SECURITIES  LIMITED,Regulation 7 (2),,2026-09-03,,,,,,,,,https://nsearchives.nseindia.com/corporate/ixbrl/IT_2757_20260903_162516987_WEB.html,,,,,,,,,,,,,,
SHREEJISPG,SHREEJI SHIPPING GLOBAL LIMITED,Regulation 7 (2),,2026-09-03,,,,,,,,,https://nsearchives.nseindia.com/corporate/ixbrl/IT_25314_20260903_163056659_WEB.html,,,,,,,,,,,,,,
SHREEJISPG,SHREEJI SHIPPING GLOBAL LIMITED,Regulation 7 (2),,2026-09-03,,,,,,,,,https://nsearchives.nseindia.com/corporate/ixbrl/IT_25314_20260903_163056659_WEB.html,,,,,,,,,,,,,,
MGEL,MANGALAM GLOBAL ENTERPRISE LIMITED,Regulation 7 (2),,2026-09-03,,,,,,,,,https://nsearchives.nseindia.com/corporate/ixbrl/IT_17639_20260903_162746964_WEB.html,,,,,,,,,,,,,,
VSTL,VIBHOR STEEL TUBES LIMITED,Regulation 7 (2),,2026-09-03,,,,,,,,,https://nsearchives.nseindia.com/corporate/ixbrl/IT_22607_20260903_162958633_WEB.html,,,,,,,,,,,,,,
EIEL,ENVIRO INFRA ENGINEERS LIMITED,Regulation 7 (2),,2026-09-03,,,,,,,,,https://nsearchives.nseindia.com/corporate/ixbrl/IT_21143_20260903_162920238_WEB.html,,,,,,,,,,,,,,
EIEL,ENVIRO INFRA ENGINEERS LIMITED,Regulation 7 (2),,2026-09-03,,,,,,,,,https://nsearchives.nseindia.com/corporate/ixbrl/IT_21143_20260903_162920238_WEB.html,,,,,,,,,,,,,,
KPITTECH,KPIT TECHNOLOGIES LIMITED,Regulation 7 (2),,2026-09-03,,,,,,,,,https://nsearchives.nseindia.com/corporate/ixbrl/IT_17417_20260903_162329934_WEB.html,,,,,,,,,,,,,,
ENIL,ENTERTAINMENT NETWORK (INDIA) LIMITED,Regulation 7 (2),,2026-09-02,,,,,,,,,https://nsearchives.nseindia.com/corporate/ixbrl/IT_2356_20260902_222603015_WEB.html,,,,,,,,,,,,,,
VGUARD,V-Guard Industries Limited,Regulation 7 (2),,2026-09-03,,,,,,,,,https://nsearchives.nseindia.com/corporate/ixbrl/IT_2734_20260903_160708623_WEB.html,,,,,,,,,,,,,,
ASTERDM,Aster DM Quality Care Limited,Regulation 7 (2),,2026-09-02,,,,,,,,,https://nsearchives.nseindia.com/corporate/ixbrl/IT_15805_20260902_202854340_WEB.html,,,,,,,,,,,,,,
ASTERDM,Aster DM Quality Care Limited,Regulation 7 (2),,2026-09-02,,,,,,,,,https://nsearchives.nseindia.com/corporate/ixbrl/IT_15805_20260902_202854340_WEB.html,,,,,,,,,,,,,,
ASTERDM,Aster DM Quality Care Limited,Regulation 7 (2),,2026-09-02,,,,,,,,,https://nsearchives.nseindia.com/corporate/ixbrl/IT_15805_20260902_202854340_WEB.html,,,,,,,,,,,,,,
NCLIND,NCL INDUSTRIES LIMITED,Regulation 7 (2),,2026-09-02,,,,,,,,,https://nsearchives.nseindia.com/corporate/ixbrl/IT_2568_20260902_195155464_WEB.html,,,,,,,,,,,,,,
NCLIND,NCL INDUSTRIES LIMITED,Regulation 7 (2),,2026-09-02,,,,,,,,,https://nsearchives.nseindia.com/corporate/ixbrl/IT_2568_20260902_195155464_WEB.html,,,,,,,,,,,,,,
NCLIND,NCL INDUSTRIES LIMITED,Regulation 7 (2),,2026-09-02,,,,,,,,,https://nsearchives.nseindia.com/corporate/ixbrl/IT_2568_20260902_195155464_WEB.html,,,,,,,,,,,,,,
SASKEN,Sasken Technologies Limited,Regulation 7 (2),,2026-09-02,,,,,,,,,https://nsearchives.nseindia.com/corporate/ixbrl/IT_2320_20260902_232700452_WEB.html,,,,,,,,,,,,,,
SASKEN,Sasken Technologies Limited,Regulation 7 (2),,2026-09-02,,,,,,,,,https://nsearchives.nseindia.com/corporate/ixbrl/IT_2320_20260902_232700452_WEB.html,,,,,,,,,,,,,,
SASKEN,Sasken Technologies Limited,Regulation 7 (2),,2026-09-02,,,,,,,,,https://nsearchives.nseindia.com/corporate/ixbrl/IT_2320_20260902_232700452_WEB.html,,,,,,,,,,,,,,
SASKEN,Sasken Technologies Limited,Regulation 7 (2),,2026-09-02,,,,,,,,,https://nsearchives.nseindia.com/corporate/ixbrl/IT_2320_20260902_232700452_WEB.html,,,,,,,,,,,,,,
SUPERSPIN,SUPER SPINNING MILLS LIMITED,Regulation 7 (2),,2026-09-02,,,,,,,,,https://nsearchives.nseindia.com/corporate/ixbrl/IT_122_20260902_185647901_WEB.html,,,,,,,,,,,,,,
SUPERSPIN,SUPER SPINNING MILLS LIMITED,Regulation 7 (2),,2026-09-02,,,,,,,,,https://nsearchives.nseindia.com/corporate/ixbrl/IT_122_20260902_185647901_WEB.html,,,,,,,,,,,,,,
GPIL,GODAWARI POWER AND ISPAT LIMITED,Regulation 7 (2),,2026-09-02,,,,,,,,,https://nsearchives.nseindia.com/corporate/ixbrl/IT_2397_20260902_180820440_WEB.html,,,,,,,,,,,,,,
GPIL,GODAWARI POWER AND ISPAT LIMITED,Regulation 7 (2),,2026-09-02,,,,,,,,,https://nsearchives.nseindia.com/corporate/ixbrl/IT_2397_20260902_180820440_WEB.html,,,,,,,,,,,,,,
GPIL,GODAWARI POWER AND ISPAT LIMITED,Regulation 7 (2),,2026-09-02,,,,,,,,,https://nsearchives.nseindia.com/corporate/ixbrl/IT_2397_20260902_180820440_WEB.html,,,,,,,,,,,,,,
GPIL,GODAWARI POWER AND ISPAT LIMITED,Regulation 7 (2),,2026-09-02,,,,,,,,,https://nsearchives.nseindia.com/corporate/ixbrl/IT_2397_20260902_180820440_WEB.html,,,,,,,,,,,,,,
GPIL,GODAWARI POWER AND ISPAT LIMITED,Regulation 7 (2),,2026-09-02,,,,,,,,,https://nsearchives.nseindia.com/corporate/ixbrl/IT_2397_20260902_180820440_WEB.html,,,,,,,,,,,,,,
GPIL,GODAWARI POWER AND ISPAT LIMITED,Regulation 7 (2),,2026-09-02,,,,,,,,,https://nsearchives.nseindia.com/corporate/ixbrl/IT_2397_20260902_180820440_WEB.html,,,,,,,,,,,,,,
IRB,IRB INFRASTRUCTURE DEVELOPERS LIMITED,Regulation 7 (2),,2026-09-02,,,,,,,,,https://nsearchives.nseindia.com/corporate/ixbrl/IT_2724_20260902_201334367_WEB.html,,,,,,,,,,,,,,
IRB,IRB INFRASTRUCTURE DEVELOPERS LIMITED,Regulation 7 (2),,2026-09-02,,,,,,,,,https://nsearchives.nseindia.com/corporate/ixbrl/IT_2724_20260902_201334367_WEB.html,,,,,,,,,,,,,,
IRB,IRB INFRASTRUCTURE DEVELOPERS LIMITED,Regulation 7 (2),,2026-09-02,,,,,,,,,https://nsearchives.nseindia.com/corporate/ixbrl/IT_2724_20260902_201334367_WEB.html,,,,,,,,,,,,,,
GMMPFAUDLR,GMM PFAUDLER LIMITED,Regulation 7 (2),,2026-09-03,,,,,,,,,https://nsearchives.nseindia.com/corporate/ixbrl/IT_15823_20260903_162232797_WEB.html,,,,,,,,,,,,,,
GMMPFAUDLR,GMM PFAUDLER LIMITED,Regulation 7 (2),,2026-09-03,,,,,,,,,https://nsearchives.nseindia.com/corporate/ixbrl/IT_15823_20260903_162232797_WEB.html,,,,,,,,,,,,,,
OBCL,OBCL LIMITED,Regulation 7 (2),,2026-09-02,,,,,,,,,https://nsearchives.nseindia.com/corporate/ixbrl/IT_20443_20260902_175910303_WEB.html,,,,,,,,,,,,,,
GMMPFAUDLR,GMM PFAUDLER LIMITED,Regulation 7 (2),,2026-09-03,,,,,,,,,https://nsearchives.nseindia.com/corporate/ixbrl/IT_15823_20260903_162228316_WEB.html,,,,,,,,,,,,,,
GMMPFAUDLR,GMM PFAUDLER LIMITED,Regulation 7 (2),,2026-09-03,,,,,,,,,https://nsearchives.nseindia.com/corporate/ixbrl/IT_15823_20260903_162228316_WEB.html,,,,,,,,,,,,,,
JSWSTEEL,JSW STEEL LIMITED,Regulation 7 (2),,2026-09-02,,,,,,,,,https://nsearchives.nseindia.com/corporate/ixbrl/IT_2266_20260902_165014404_WEB.html,,,,,,,,,,,,,,
JSWSTEEL,JSW STEEL LIMITED,Regulation 7 (2),,2026-09-02,,,,,,,,,https://nsearchives.nseindia.com/corporate/ixbrl/IT_2266_20260902_165014404_WEB.html,,,,,,,,,,,,,,
JSWSTEEL,JSW STEEL LIMITED,Regulation 7 (2),,2026-09-02,,,,,,,,,https://nsearchives.nseindia.com/corporate/ixbrl/IT_2266_20260902_165014404_WEB.html,,,,,,,,,,,,,,
JSWSTEEL,JSW STEEL LIMITED,Regulation 7 (2),,2026-09-02,,,,,,,,,https://nsearchives.nseindia.com/corporate/ixbrl/IT_2266_20260902_165014404_WEB.html,,,,,,,,,,,,,,
JSWSTEEL,JSW STEEL LIMITED,Regulation 7 (2),,2026-09-02,,,,,,,,,https://nsearchives.nseindia.com/corporate/ixbrl/IT_2266_20260902_165014404_WEB.html,,,,,,,,,,,,,,
JSWSTEEL,JSW STEEL LIMITED,Regulation 7 (2),,2026-09-02,,,,,,,,,https://nsearchives.nseindia.com/corporate/ixbrl/IT_2266_20260902_165014404_WEB.html,,,,,,,,,,,,,,
JSWSTEEL,JSW STEEL LIMITED,Regulation 7 (2),,2026-09-02,,,,,,,,,https://nsearchives.nseindia.com/corporate/ixbrl/IT_2266_20260902_165014404_WEB.html,,,,,,,,,,,,,,
JSWSTEEL,JSW STEEL LIMITED,Regulation 7 (2),,2026-09-02,,,,,,,,,https://nsearchives.nseindia.com/corporate/ixbrl/IT_2266_20260902_165014404_WEB.html,,,,,,,,,,,,,,
JSWSTEEL,JSW STEEL LIMITED,Regulation 7 (2),,2026-09-02,,,,,,,,,https://nsearchives.nseindia.com/corporate/ixbrl/IT_2266_20260902_165014404_WEB.html,,,,,,,,,,,,,,
INDOCO,INDOCO REMEDIES LIMITED,Regulation 7 (2),,2026-09-02,,,,,,,,,https://nsearchives.nseindia.com/corporate/ixbrl/IT_2257_20260902_171924096_WEB.html,,,,,,,,,,,,,,
INDOCO,INDOCO REMEDIES LIMITED,Regulation 7 (2),,2026-09-02,,,,,,,,,https://nsearchives.nseindia.com/corporate/ixbrl/IT_2257_20260902_171924096_WEB.html,,,,,,,,,,,,,,
SRHHYPOLTD,Sree Rayalaseema Hi-Strength Hypo Limited,Regulation 7 (2),,2026-09-02,,,,,,,,,https://nsearchives.nseindia.com/corporate/ixbrl/IT_2588_20260902_162658365_WEB.html,,,,,,,,,,,,,,
NAUKRI,Info Edge (India) Limited,Regulation 7 (2),,2026-09-02,,,,,,,,,https://nsearchives.nseindia.com/corporate/ixbrl/IT_2460_20260902_164338309_WEB.html,,,,,,,,,,,,,,
NAUKRI,Info Edge (India) Limited,Regulation 7 (2),,2026-09-02,,,,,,,,,https://nsearchives.nseindia.com/corporate/ixbrl/IT_2460_20260902_164338309_WEB.html,,,,,,,,,,,,,,
ECLERX,eClerx Services Ltd,Regulation 7 (2),,2026-09-02,,,,,,,,,https://nsearchives.nseindia.com/corporate/ixbrl/IT_2698_20260902_184420275_WEB.html,,,,,,,,,,,,,,
ECLERX,eClerx Services Ltd,Regulation 7 (2),,2026-09-02,,,,,,,,,https://nsearchives.nseindia.com/corporate/ixbrl/IT_2698_20260902_184420275_WEB.html,,,,,,,,,,,,,,
NIITLTD,NIIT Limited,Regulation 7 (2),,2026-09-02,,,,,,,,,https://nsearchives.nseindia.com/corporate/ixbrl/IT_2209_20260902_162420192_WEB.html,,,,,,,,,,,,,,
NIITLTD,NIIT Limited,Regulation 7 (2),,2026-09-02,,,,,,,,,https://nsearchives.nseindia.com/corporate/ixbrl/IT_2209_20260902_162420192_WEB.html,,,,,,,,,,,,,,
NIITLTD,NIIT Limited,Regulation 7 (2),,2026-09-02,,,,,,,,,https://nsearchives.nseindia.com/corporate/ixbrl/IT_2209_20260902_162420192_WEB.html,,,,,,,,,,,,,,
NIITLTD,NIIT Limited,Regulation 7 (2),,2026-09-02,,,,,,,,,https://nsearchives.nseindia.com/corporate/ixbrl/IT_2209_20260902_162420192_WEB.html,,,,,,,,,,,,,,
NIITLTD,NIIT Limited,Regulation 7 (2),,2026-09-02,,,,,,,,,https://nsearchives.nseindia.com/corporate/ixbrl/IT_2209_20260902_162420192_WEB.html,,,,,,,,,,,,,,
MANAPPURAM,MANAPPURAM FINANCE LIMITED,Regulation 7 (2),,2026-09-02,,,,,,,,,https://nsearchives.nseindia.com/corporate/ixbrl/IT_3317_20260902_162540347_WEB.html,,,,,,,,,,,,,,
MANAPPURAM,MANAPPURAM FINANCE LIMITED,Regulation 7 (2),,2026-09-02,,,,,,,,,https://nsearchives.nseindia.com/corporate/ixbrl/IT_3317_20260902_162540347_WEB.html,,,,,,,,,,,,,,
ARMANFIN,ARMAN FINANCIAL SERVICES LIMITED,Regulation 7 (2),,2026-09-02,,,,,,,,,https://nsearchives.nseindia.com/corporate/ixbrl/IT_13898_20260902_155256261_WEB.html,,,,,,,,,,,,,,
GOKUL,GOKUL REFOILS AND SOLVENT LIMITED,Regulation 7 (2),,2026-09-02,,,,,,,,,https://nsearchives.nseindia.com/corporate/ixbrl/IT_2754_20260902_165941294_WEB.html,,,,,,,,,,,,,,
GOKUL,GOKUL REFOILS AND SOLVENT LIMITED,Regulation 7 (2),,2026-09-02,,,,,,,,,https://nsearchives.nseindia.com/corporate/ixbrl/IT_2754_20260902_165941294_WEB.html,,,,,,,,,,,,,,
SINCLAIR,SINCLAIRS HOTELS LIMITED,Regulation 7 (2),,2026-09-02,,,,,,,,,https://nsearchives.nseindia.com/corporate/ixbrl/IT_22933_20260902_130431804_WEB.html,,,,,,,,,,,,,,
TAINWALCHM,TAINWALA CHEMICALS AND PLASTICS (INDIA) LIMITED,Regulation 7 (2),,2026-09-02,,,,,,,,,https://nsearchives.nseindia.com/corporate/ixbrl/IT_481_20260902_155808250_WEB.html,,,,,,,,,,,,,,
ALICON,ALICON CASTALLOY LIMITED,Regulation 7 (2),,2026-09-02,,,,,,,,,https://nsearchives.nseindia.com/corporate/ixbrl/IT_2440_20260902_122928546_WEB.html,,,,,,,,,,,,,,
SHREEJISPG,SHREEJI SHIPPING GLOBAL LIMITED,Regulation 7 (2),,2026-09-02,,,,,,,,,https://nsearchives.nseindia.com/corporate/ixbrl/IT_25314_20260902_155702307_WEB.html,,,,,,,,,,,,,,
SHREEJISPG,SHREEJI SHIPPING GLOBAL LIMITED,Regulation 7 (2),,2026-09-02,,,,,,,,,https://nsearchives.nseindia.com/corporate/ixbrl/IT_25314_20260902_155702307_WEB.html,,,,,,,,,,,,,,
BLBLIMITED,BLB LIMITED,Regulation 7 (2),,2026-09-02,,,,,,,,,https://nsearchives.nseindia.com/corporate/ixbrl/IT_1893_20260902_120346829_WEB.html,,,,,,,,,,,,,,
HINDCON,Hindcon Chemicals Limited,Regulation 7 (2),,2026-09-02,,,,,,,,,https://nsearchives.nseindia.com/corporate/ixbrl/IT_15847_20260902_121145881_WEB.html,,,,,,,,,,,,,,
STEL,STEL HOLDINGS LIMITED,Regulation 7 (2),,2026-09-02,,,,,,,,,https://nsearchives.nseindia.com/corporate/ixbrl/IT_4020_20260902_150418353_WEB.html,,,,,,,,,,,,,,
STEL,STEL HOLDINGS LIMITED,Regulation 7 (2),,2026-09-02,,,,,,,,,https://nsearchives.nseindia.com/corporate/ixbrl/IT_4020_20260902_150418353_WEB.html,,,,,,,,,,,,,,
STEL,STEL HOLDINGS LIMITED,Regulation 7 (2),,2026-09-02,,,,,,,,,https://nsearchives.nseindia.com/corporate/ixbrl/IT_4020_20260902_150418353_WEB.html,,,,,,,,,,,,,,
STEL,STEL HOLDINGS LIMITED,Regulation 7 (2),,2026-09-02,,,,,,,,,https://nsearchives.nseindia.com/corporate/ixbrl/IT_4020_20260902_150418353_WEB.html,,,,,,,,,,,,,,
AVONMORE,AVONMORE CAPITAL & MANAGEMENT SERVICES  LIMITED,Regulation 7 (2),,2026-09-02,,,,,,,,,https://nsearchives.nseindia.com/corporate/ixbrl/IT_20397_20260902_105914420_WEB.html,,,,,,,,,,,,,,
JUBLFOOD,JUBILANT FOODWORKS LIMITED,Regulation 7 (2),,2026-09-02,,,,,,,,,https://nsearchives.nseindia.com/corporate/ixbrl/IT_3061_20260902_110548072_WEB.html,,,,,,,,,,,,,,
VSTL,VIBHOR STEEL TUBES LIMITED,Regulation 7 (2),,2026-09-02,,,,,,,,,https://nsearchives.nseindia.com/corporate/ixbrl/IT_22607_20260902_104847229_WEB.html,,,,,,,,,,,,,,
MBEL,M & B Engineering Limited,Regulation 7 (2),,2026-09-02,,,,,,,,,https://nsearchives.nseindia.com/corporate/ixbrl/IT_24557_20260902_100428802_WEB.html,,,,,,,,,,,,,,
HCLTECH,HCL Technologies Limited,Regulation 7 (2),,2026-09-02,,,,,,,,,https://nsearchives.nseindia.com/corporate/ixbrl/IT_1828_20260902_125006549_WEB.html,,,,,,,,,,,,,,
INDOSTAR,INDOSTAR CAPITAL FINANCE LIMITED,Regulation 7 (2),,2026-09-01,,,,,,,,,https://nsearchives.nseindia.com/corporate/ixbrl/IT_16166_20260901_193658587_WEB.html,,,,,,,,,,,,,,
INDOSTAR,INDOSTAR CAPITAL FINANCE LIMITED,Regulation 7 (2),,2026-09-01,,,,,,,,,https://nsearchives.nseindia.com/corporate/ixbrl/IT_16166_20260901_193658587_WEB.html,,,,,,,,,,,,,,
KPIGREEN,KPI Green Energy Limited,Regulation 7 (2),,2026-09-01,,,,,,,,,https://nsearchives.nseindia.com/corporate/ixbrl/IT_19804_20260901_194133202_WEB.html,,,,,,,,,,,,,,
ALMONDZ,ALMONDZ GLOBAL SECURITIES  LIMITED,Regulation 7 (2),,2026-09-02,,,,,,,,,https://nsearchives.nseindia.com/corporate/ixbrl/IT_2757_20260902_102438386_WEB.html,,,,,,,,,,,,,,
JSWENERGY,JSW Energy Limited,Regulation 7 (2),,2026-09-01,,,,,,,,,https://nsearchives.nseindia.com/corporate/ixbrl/IT_3013_20260901_200754386_WEB.html,,,,,,,,,,,,,,
JSWENERGY,JSW Energy Limited,Regulation 7 (2),,2026-09-01,,,,,,,,,https://nsearchives.nseindia.com/corporate/ixbrl/IT_3013_20260901_200754386_WEB.html,,,,,,,,,,,,,,
JSWENERGY,JSW Energy Limited,Regulation 7 (2),,2026-09-01,,,,,,,,,https://nsearchives.nseindia.com/corporate/ixbrl/IT_3013_20260901_200754386_WEB.html,,,,,,,,,,,,,,
ALEMBICLTD,Alembic Limited,Regulation 7 (2),,2026-09-01,,,,,,,,,https://nsearchives.nseindia.com/corporate/ixbrl/IT_1817_20260901_191949048_WEB.html,,,,,,,,,,,,,,
SRHHYPOLTD,Sree Rayalaseema Hi-Strength Hypo Limited,Regulation 7 (2),,2026-09-01,,,,,,,,,https://nsearchives.nseindia.com/corporate/ixbrl/IT_2588_20260901_182934590_WEB.html,,,,,,,,,,,,,,
JUBLINGREA,JUBILANT INGREVIA LIMITED,Regulation 7 (2),,2026-09-01,,,,,,,,,https://nsearchives.nseindia.com/corporate/ixbrl/IT_19288_20260901_183329185_WEB.html,,,,,,,,,,,,,,
NCLIND,NCL INDUSTRIES LIMITED,Regulation 7 (2),,2026-09-01,,,,,,,,,https://nsearchives.nseindia.com/corporate/ixbrl/IT_2568_20260901_181853550_WEB.html,,,,,,,,,,,,,,
NCLIND,NCL INDUSTRIES LIMITED,Regulation 7 (2),,2026-09-01,,,,,,,,,https://nsearchives.nseindia.com/corporate/ixbrl/IT_2568_20260901_181853550_WEB.html,,,,,,,,,,,,,,
KPITTECH,KPIT TECHNOLOGIES LIMITED,Regulation 7 (2),,2026-09-01,,,,,,,,,https://nsearchives.nseindia.com/corporate/ixbrl/IT_17417_20260901_190617236_WEB.html,,,,,,,,,,,,,,
KPITTECH,KPIT TECHNOLOGIES LIMITED,Regulation 7 (2),,2026-09-01,,,,,,,,,https://nsearchives.nseindia.com/corporate/ixbrl/IT_17417_20260901_190617236_WEB.html,,,,,,,,,,,,,,
DBCORP,D.B.Corp Limited,Regulation 7 (2),,2026-09-01,,,,,,,,,https://nsearchives.nseindia.com/corporate/ixbrl/IT_3015_20260901_171345439_WEB.html,,,,,,,,,,,,,,
DBCORP,D.B.Corp Limited,Regulation 7 (2),,2026-09-01,,,,,,,,,https://nsearchives.nseindia.com/corporate/ixbrl/IT_3015_20260901_171345439_WEB.html,,,,,,,,,,,,,,
DBCORP,D.B.Corp Limited,Regulation 7 (2),,2026-09-01,,,,,,,,,https://nsearchives.nseindia.com/corporate/ixbrl/IT_3015_20260901_171345439_WEB.html,,,,,,,,,,,,,,
THANGAMAYL,THANGAMAYIL JEWELLERY LIMITED,Regulation 7 (2),,2026-09-01,,,,,,,,,https://nsearchives.nseindia.com/corporate/ixbrl/IT_3067_20260901_172346316_WEB.html,,,,,,,,,,,,,,
TTL,T T LIMITED,Regulation 7 (2),,2026-09-01,,,,,,,,,https://nsearchives.nseindia.com/corporate/ixbrl/IT_2534_20260901_184302399_WEB.html,,,,,,,,,,,,,,
RESPONIND,Responsive Industries Limited,Regulation 7 (2),,2026-09-01,,,,,,,,,https://nsearchives.nseindia.com/corporate/ixbrl/IT_3674_20260901_170321635_WEB.html,,,,,,,,,,,,,,
RESPONIND,Responsive Industries Limited,Regulation 7 (2),,2026-09-01,,,,,,,,,https://nsearchives.nseindia.com/corporate/ixbrl/IT_3674_20260901_170321635_WEB.html,,,,,,,,,,,,,,
RESPONIND,Responsive Industries Limited,Regulation 7 (2),,2026-09-01,,,,,,,,,https://nsearchives.nseindia.com/corporate/ixbrl/IT_3674_20260901_170321635_WEB.html,,,,,,,,,,,,,,
WSI,W S Industries (I) Limited,Regulation 7 (2),,2026-09-01,,,,,,,,,https://nsearchives.nseindia.com/corporate/ixbrl/IT_587_20260901_165113681_WEB.html,,,,,,,,,,,,,,
WSI,W S Industries (I) Limited,Regulation 7 (2),,2026-09-01,,,,,,,,,https://nsearchives.nseindia.com/corporate/ixbrl/IT_587_20260901_165113681_WEB.html,,,,,,,,,,,,,,
EIEL,ENVIRO INFRA ENGINEERS LIMITED,Regulation 7 (2),,2026-09-01,,,,,,,,,https://nsearchives.nseindia.com/corporate/ixbrl/IT_21143_20260901_165953824_WEB.html,,,,,,,,,,,,,,
KPIGREEN,KPI Green Energy Limited,Regulation 7 (2),,2026-09-01,,,,,,,,,https://nsearchives.nseindia.com/corporate/ixbrl/IT_19804_20260901_170848267_WEB.html,,,,,,,,,,,,,,
NAUKRI,Info Edge (India) Limited,Regulation 7 (2),,2026-09-01,,,,,,,,,https://nsearchives.nseindia.com/corporate/ixbrl/IT_2460_20260901_161633705_WEB.html,,,,,,,,,,,,,,
NAUKRI,Info Edge (India) Limited,Regulation 7 (2),,2026-09-01,,,,,,,,,https://nsearchives.nseindia.com/corporate/ixbrl/IT_2460_20260901_161633705_WEB.html,,,,,,,,,,,,,,
NAUKRI,Info Edge (India) Limited,Regulation 7 (2),,2026-09-01,,,,,,,,,https://nsearchives.nseindia.com/corporate/ixbrl/IT_2460_20260901_161633705_WEB.html,,,,,,,,,,,,,,
NAUKRI,Info Edge (India) Limited,Regulation 7 (2),,2026-09-01,,,,,,,,,https://nsearchives.nseindia.com/corporate/ixbrl/IT_2460_20260901_161633705_WEB.html,,,,,,,,,,,,,,
SILVERTUC,SILVER TOUCH TECHNOLOGIES LIMITED,Regulation 7 (2),,2026-09-01,,,,,,,,,https://nsearchives.nseindia.com/corporate/ixbrl/IT_15598_20260901_161037604_WEB.html,,,,,,,,,,,,,,
RAMCOIND,RAMCO INDUSTRIES LIMITED,Regulation 7 (2),,2026-09-01,,,,,,,,,https://nsearchives.nseindia.com/corporate/ixbrl/IT_1560_20260901_170254059_WEB.html,,,,,,,,,,,,,,
MEDPLUS,MEDPLUS HEALTH SERVICES LIMITED,Regulation 7 (2),,2026-09-01,,,,,,,,,https://nsearchives.nseindia.com/corporate/ixbrl/IT_19887_20260901_160936389_WEB.html,,,,,,,,,,,,,,
INFOBEAN,INFOBEANS TECHNO. LTD.,Regulation 7 (2),,2026-09-01,,,,,,,,,https://nsearchives.nseindia.com/corporate/ixbrl/IT_14975_20260901_161134533_WEB.html,,,,,,,,,,,,,,
ICRA,ICRA Limited,Regulation 7 (2),,2026-09-01,,,,,,,,,https://nsearchives.nseindia.com/corporate/ixbrl/IT_2575_20260901_193439100_WEB.html,,,,,,,,,,,,,,
SILVERTUC,SILVER TOUCH TECHNOLOGIES LIMITED,Regulation 7 (2),,2026-08-31,,,,,,,,,https://nsearchives.nseindia.com/corporate/ixbrl/IT_15598_20260901_161220738_WEB.html,,,,,,,,,,,,,,
HCLTECH,HCL Technologies Limited,Regulation 7 (2),,2026-09-01,,,,,,,,,https://nsearchives.nseindia.com/corporate/ixbrl/IT_1828_20260901_154527822_WEB.html,,,,,,,,,,,,,,
CSLFINANCE,CSL Finance Limited,Regulation 7 (2),,2026-09-01,,,,,,,,,https://nsearchives.nseindia.com/corporate/ixbrl/IT_20784_20260901_152312478_WEB.html,,,,,,,,,,,,,,
CSLFINANCE,CSL Finance Limited,Regulation 7 (2),,2026-09-01,,,,,,,,,https://nsearchives.nseindia.com/corporate/ixbrl/IT_20784_20260901_152312478_WEB.html,,,,,,,,,,,,,,
CSLFINANCE,CSL Finance Limited,Regulation 7 (2),,2026-09-01,,,,,,,,,https://nsearchives.nseindia.com/corporate/ixbrl/IT_20784_20260901_152312478_WEB.html,,,,,,,,,,,,,,
360ONE,360 ONE WAM LIMITED,Regulation 7 (2),,2026-09-01,,,,,,,,,https://nsearchives.nseindia.com/corporate/ixbrl/IT_17593_20260901_153900566_WEB.html,,,,,,,,,,,,,,
360ONE,360 ONE WAM LIMITED,Regulation 7 (2),,2026-09-01,,,,,,,,,https://nsearchives.nseindia.com/corporate/ixbrl/IT_17593_20260901_153900566_WEB.html,,,,,,,,,,,,,,
360ONE,360 ONE WAM LIMITED,Regulation 7 (2),,2026-09-01,,,,,,,,,https://nsearchives.nseindia.com/corporate/ixbrl/IT_17593_20260901_153900566_WEB.html,,,,,,,,,,,,,,
360ONE,360 ONE WAM LIMITED,Regulation 7 (2),,2026-09-01,,,,,,,,,https://nsearchives.nseindia.com/corporate/ixbrl/IT_17593_20260901_153900566_WEB.html,,,,,,,,,,,,,,
ADOR,ADOR WELDING LIMITED,Regulation 7 (2),,2026-09-01,,,,,,,,,https://nsearchives.nseindia.com/corporate/ixbrl/IT_301_20260901_151030392_WEB.html,,,,,,,,,,,,,,
TAINWALCHM,TAINWALA CHEMICALS AND PLASTICS (INDIA) LIMITED,Regulation 7 (2),,2026-09-01,,,,,,,,,https://nsearchives.nseindia.com/corporate/ixbrl/IT_481_20260901_135246310_WEB.html,,,,,,,,,,,,,,
ICRA,ICRA Limited,Regulation 7 (2),,2026-09-01,,,,,,,,,https://nsearchives.nseindia.com/corporate/ixbrl/IT_2575_20260901_132242728_WEB.html,,,,,,,,,,,,,,
CSLFINANCE,CSL Finance Limited,Regulation 7 (2),,2026-09-01,,,,,,,,,https://nsearchives.nseindia.com/corporate/ixbrl/IT_20784_20260901_152505002_WEB.html,,,,,,,,,,,,,,
CSLFINANCE,CSL Finance Limited,Regulation 7 (2),,2026-09-01,,,,,,,,,https://nsearchives.nseindia.com/corporate/ixbrl/IT_20784_20260901_152505002_WEB.html,,,,,,,,,,,,,,
CSLFINANCE,CSL Finance Limited,Regulation 7 (2),,2026-09-01,,,,,,,,,https://nsearchives.nseindia.com/corporate/ixbrl/IT_20784_20260901_152505002_WEB.html,,,,,,,,,,,,,,
AURIONPRO,AURIONPRO SOLUTIONS LIMITED,Regulation 7 (2),,2026-08-31,,,,,,,,,https://nsearchives.nseindia.com/corporate/ixbrl/IT_2329_20260901_152908559_WEB.html,,,,,,,,,,,,,,Difference in Transaction value mentioned in previous uploaded file.Kindly take the revised filing on record
AURIONPRO,AURIONPRO SOLUTIONS LIMITED,Regulation 7 (2),,2026-08-31,,,,,,,,,https://nsearchives.nseindia.com/corporate/ixbrl/IT_2329_20260901_152908559_WEB.html,,,,,,,,,,,,,,Difference in Transaction value mentioned in previous uploaded file.Kindly take the revised filing on record
FUSION,FUSION FINANCE LIMITED,Regulation 7 (2),,2026-09-01,,,,,,,,,https://nsearchives.nseindia.com/corporate/ixbrl/IT_19884_20260901_155224594_WEB.html,,,,,,,,,,,,,,
FUSION,FUSION FINANCE LIMITED,Regulation 7 (2),,2026-09-01,,,,,,,,,https://nsearchives.nseindia.com/corporate/ixbrl/IT_19884_20260901_155224594_WEB.html,,,,,,,,,,,,,,
FUSION,FUSION FINANCE LIMITED,Regulation 7 (2),,2026-09-01,,,,,,,,,https://nsearchives.nseindia.com/corporate/ixbrl/IT_19884_20260901_155224594_WEB.html,,,,,,,,,,,,,,
CEATLTD,CEAT Limited,Regulation 7 (2),,2026-09-01,,,,,,,,,https://nsearchives.nseindia.com/corporate/ixbrl/IT_2711_20260901_132101443_WEB.html,,,,,,,,,,,,,,
LIBAS,Libas Consumer Products Limited,Regulation 7 (2),,2026-09-01,,,,,,,,,https://nsearchives.nseindia.com/corporate/ixbrl/IT_14456_20260901_113220489_WEB.html,,,,,,,,,,,,,,
AYMSYNTEX,AYM Syntex Limited,Regulation 7 (2),,2026-09-01,,,,,,,,,https://nsearchives.nseindia.com/corporate/ixbrl/IT_12957_20260901_130439800_WEB.html,,,,,,,,,,,,,,
STLTECH,Sterlite Technologies Limited,Regulation 7 (2),,2026-09-01,,,,,,,,,https://nsearchives.nseindia.com/corporate/ixbrl/IT_1950_20260901_111422617_WEB.html,,,,,,,,,,,,,,
BLBLIMITED,BLB LIMITED,Regulation 7 (2),,2026-09-01,,,,,,,,,https://nsearchives.nseindia.com/corporate/ixbrl/IT_1893_20260901_115230752_WEB.html,,,,,,,,,,,,,,
INDOMIM,INDO-MIM Limited,Regulation 7 (2),,2026-09-01,,,,,,,,,https://nsearchives.nseindia.com/corporate/ixbrl/IT_27036_20260901_150541116_WEB.html,,,,,,,,,,,,,,
INDOMIM,INDO-MIM Limited,Regulation 7 (2),,2026-09-01,,,,,,,,,https://nsearchives.nseindia.com/corporate/ixbrl/IT_27036_20260901_150541116_WEB.html,,,,,,,,,,,,,,
VSTL,VIBHOR STEEL TUBES LIMITED,Regulation 7 (2),,2026-09-01,,,,,,,,,https://nsearchives.nseindia.com/corporate/ixbrl/IT_22607_20260901_103035441_WEB.html,,,,,,,,,,,,,,
AVONMORE,AVONMORE CAPITAL & MANAGEMENT SERVICES  LIMITED,Regulation 7 (2),,2026-09-01,,,,,,,,,https://nsearchives.nseindia.com/corporate/ixbrl/IT_20397_20260901_100436129_WEB.html,,,,,,,,,,,,,,
ALMONDZ,ALMONDZ GLOBAL SECURITIES  LIMITED,Regulation 7 (2),,2026-09-01,,,,,,,,,https://nsearchives.nseindia.com/corporate/ixbrl/IT_2757_20260901_094010637_WEB.html,,,,,,,,,,,,,,
SUVIDHAA,SUVIDHAA INFOSERVE LIMITED,Regulation 7 (2),,2026-08-31,,,,,,,,,https://nsearchives.nseindia.com/corporate/ixbrl/IT_19313_20260831_191957153_WEB.html,,,,,,,,,,,,,,
ECLERX,eClerx Services Ltd,Regulation 7 (2),,2026-09-01,,,,,,,,,https://nsearchives.nseindia.com/corporate/ixbrl/IT_2698_20260901_125710447_WEB.html,,,,,,,,,,,,,,
ZEEL,Zee Entertainment Enterprises Limited,Regulation 7 (2),,2026-08-31,,,,,,,,,https://nsearchives.nseindia.com/corporate/ixbrl/IT_1105_20260831_194104698_WEB.html,,,,,,,,,,,,,,
ROTO,Roto Pumps Limited,Regulation 7 (2),,2026-08-31,,,,,,,,,https://nsearchives.nseindia.com/corporate/ixbrl/IT_20335_20260831_181723967_WEB.html,,,,,,,,,,,,,,
STEL,STEL HOLDINGS LIMITED,Regulation 7 (2),,2026-08-31,,,,,,,,,https://nsearchives.nseindia.com/corporate/ixbrl/IT_4020_20260831_233952436_WEB.html,,,,,,,,,,,,,,
STEL,STEL HOLDINGS LIMITED,Regulation 7 (2),,2026-08-31,,,,,,,,,https://nsearchives.nseindia.com/corporate/ixbrl/IT_4020_20260831_233952436_WEB.html,,,,,,,,,,,,,,
STEL,STEL HOLDINGS LIMITED,Regulation 7 (2),,2026-08-31,,,,,,,,,https://nsearchives.nseindia.com/corporate/ixbrl/IT_4020_20260831_233952436_WEB.html,,,,,,,,,,,,,,
FOCUS,Focus Lighting And Fixtures Limited,Regulation 7 (2),,2026-08-31,,,,,,,,,https://nsearchives.nseindia.com/corporate/ixbrl/IT_14891_20260831_173619171_WEB.html,,,,,,,,,,,,,,
LIBAS,Libas Consumer Products Limited,Regulation 7 (2),,2026-08-31,,,,,,,,,https://nsearchives.nseindia.com/corporate/ixbrl/IT_14456_20260831_173020315_WEB.html,,,,,,,,,,,,,,
INDOCO,INDOCO REMEDIES LIMITED,Regulation 7 (2),,2026-08-31,,,,,,,,,https://nsearchives.nseindia.com/corporate/ixbrl/IT_2257_20260831_175634950_WEB.html,,,,,,,,,,,,,,
INDOCO,INDOCO REMEDIES LIMITED,Regulation 7 (2),,2026-08-31,,,,,,,,,https://nsearchives.nseindia.com/corporate/ixbrl/IT_2257_20260831_175634950_WEB.html,,,,,,,,,,,,,,
HCLTECH,HCL Technologies Limited,Regulation 7 (2),,2026-08-31,,,,,,,,,https://nsearchives.nseindia.com/corporate/ixbrl/IT_1828_20260831_174012576_WEB.html,,,,,,,,,,,,,,
GRAVITA,GRAVITA INDIA LIMITED,Regulation 7 (2),,2026-08-31,,,,,,,,,https://nsearchives.nseindia.com/corporate/ixbrl/IT_3733_20260831_173510466_WEB.html,,,,,,,,,,,,,,
OBCL,OBCL LIMITED,Regulation 7 (2),,2026-08-31,,,,,,,,,https://nsearchives.nseindia.com/corporate/ixbrl/IT_20443_20260831_172710703_WEB.html,,,,,,,,,,,,,,
INFOBEAN,INFOBEANS TECHNO. LTD.,Regulation 7 (2),,2026-08-31,,,,,,,,,https://nsearchives.nseindia.com/corporate/ixbrl/IT_14975_20260831_161944298_WEB.html,,,,,,,,,,,,,,
SUVIDHAA,SUVIDHAA INFOSERVE LIMITED,Regulation 7 (2),,2026-08-31,,,,,,,,,https://nsearchives.nseindia.com/corporate/ixbrl/IT_19313_20260831_191426548_WEB.html,,,,,,,,,,,,,,
ASHAPURMIN,ASHAPURA MINECHEM LIMITED,Regulation 7 (2),,2026-08-31,,,,,,,,,https://nsearchives.nseindia.com/corporate/ixbrl/IT_1262_20260831_161002703_WEB.html,,,,,,,,,,,,,,
BIL,BHARTIYA INTERNATIONAL LIMITED,Regulation 7 (2),,2026-08-31,,,,,,,,,https://nsearchives.nseindia.com/corporate/ixbrl/IT_1877_20260831_160732552_WEB.html,,,,,,,,,,,,,,
BIL,BHARTIYA INTERNATIONAL LIMITED,Regulation 7 (2),,2026-08-31,,,,,,,,,https://nsearchives.nseindia.com/corporate/ixbrl/IT_1877_20260831_160732552_WEB.html,,,,,,,,,,,,,,
GREENPANEL,Greenpanel Industries Limited,Regulation 7 (2),,2026-08-31,,,,,,,,,https://nsearchives.nseindia.com/corporate/ixbrl/IT_17613_20260831_171038477_WEB.html,,,,,,,,,,,,,,
GREENPANEL,Greenpanel Industries Limited,Regulation 7 (2),,2026-08-31,,,,,,,,,https://nsearchives.nseindia.com/corporate/ixbrl/IT_17613_20260831_170553237_WEB.html,,,,,,,,,,,,,,
SRHHYPOLTD,Sree Rayalaseema Hi-Strength Hypo Limited,Regulation 7 (2),,2026-08-31,,,,,,,,,https://nsearchives.nseindia.com/corporate/ixbrl/IT_2588_20260831_160856411_WEB.html,,,,,,,,,,,,,,
BLUESTONE,BlueStone Jewellery and Lifestyle Limited,Regulation 7 (2),,2026-08-31,,,,,,,,,https://nsearchives.nseindia.com/corporate/ixbrl/IT_25008_20260831_155830630_WEB.html,,,,,,,,,,,,,,
VPRPL,VISHNU PRAKASH R PUNGLIA LIMITED,Regulation 7 (2),,2026-08-31,,,,,,,,,https://nsearchives.nseindia.com/corporate/ixbrl/IT_21894_20260831_154126771_WEB.html,,,,,,,,,,,,,,
SANSERA,SANSERA ENGINEERING LIMITED,Regulation 7 (2),,2026-08-31,,,,,,,,,https://nsearchives.nseindia.com/corporate/ixbrl/IT_19738_20260831_153540986_WEB.html,,,,,,,,,,,,,,
FSL,Firstsource Solutions Limited,Regulation 7 (2),,2026-08-31,,,,,,,,,https://nsearchives.nseindia.com/corporate/ixbrl/IT_2535_20260831_155116399_WEB.html,,,,,,,,,,,,,,
FSL,Firstsource Solutions Limited,Regulation 7 (2),,2026-08-31,,,,,,,,,https://nsearchives.nseindia.com/corporate/ixbrl/IT_2535_20260831_155116399_WEB.html,,,,,,,,,,,,,,
FSL,Firstsource Solutions Limited,Regulation 7 (2),,2026-08-31,,,,,,,,,https://nsearchives.nseindia.com/corporate/ixbrl/IT_2535_20260831_155116399_WEB.html,,,,,,,,,,,,,,
FSL,Firstsource Solutions Limited,Regulation 7 (2),,2026-08-31,,,,,,,,,https://nsearchives.nseindia.com/corporate/ixbrl/IT_2535_20260831_155116399_WEB.html,,,,,,,,,,,,,,
INFOBEAN,INFOBEANS TECHNO. LTD.,Regulation 7 (2),,2026-08-31,,,,,,,,,https://nsearchives.nseindia.com/corporate/ixbrl/IT_14975_20260831_164400483_WEB.html,,,,,,,,,,,,,,
NAUKRI,Info Edge (India) Limited,Regulation 7 (2),,2026-08-31,,,,,,,,,https://nsearchives.nseindia.com/corporate/ixbrl/IT_2460_20260831_154914557_WEB.html,,,,,,,,,,,,,,
NAUKRI,Info Edge (India) Limited,Regulation 7 (2),,2026-08-31,,,,,,,,,https://nsearchives.nseindia.com/corporate/ixbrl/IT_2460_20260831_154914557_WEB.html,,,,,,,,,,,,,,
NAUKRI,Info Edge (India) Limited,Regulation 7 (2),,2026-08-31,,,,,,,,,https://nsearchives.nseindia.com/corporate/ixbrl/IT_2460_20260831_154914557_WEB.html,,,,,,,,,,,,,,
HINDCON,Hindcon Chemicals Limited,Regulation 7 (2),,2026-08-31,,,,,,,,,https://nsearchives.nseindia.com/corporate/ixbrl/IT_15847_20260831_144243248_WEB.html,,,,,,,,,,,,,,
ECLERX,eClerx Services Ltd,Regulation 7 (2),,2026-08-31,,,,,,,,,https://nsearchives.nseindia.com/corporate/ixbrl/IT_2698_20260831_131918582_WEB.html,,,,,,,,,,,,,,
ECLERX,eClerx Services Ltd,Regulation 7 (2),,2026-08-31,,,,,,,,,https://nsearchives.nseindia.com/corporate/ixbrl/IT_2698_20260831_131918582_WEB.html,,,,,,,,,,,,,,
RPPINFRA,R P P Infra Projects Limited,Regulation 7 (2),,2026-08-31,,,,,,,,,https://nsearchives.nseindia.com/corporate/ixbrl/IT_3798_20260831_153439596_WEB.html,,,,,,,,,,,,,,
AARTIPHARM,Aarti Pharmalabs Limited,Regulation 7 (2),,2026-08-31,,,,,,,,,https://nsearchives.nseindia.com/corporate/ixbrl/IT_21272_20260831_143906615_WEB.html,,,,,,,,,,,,,,
SPORTKING,SPORTKING INDIA LIMITED,Regulation 7 (2),,2026-08-31,,,,,,,,,https://nsearchives.nseindia.com/corporate/ixbrl/IT_20830_20260831_141003616_WEB.html,,,,,,,,,,,,,,
SPORTKING,SPORTKING INDIA LIMITED,Regulation 7 (2),,2026-08-31,,,,,,,,,https://nsearchives.nseindia.com/corporate/ixbrl/IT_20830_20260831_141331283_WEB.html,,,,,,,,,,,,,,
BCONCEPTS,BRAND CONCEPTS LIMITED,Regulation 7 (2),,2026-08-31,,,,,,,,,https://nsearchives.nseindia.com/corporate/ixbrl/IT_15702_20260831_131044571_WEB.html,,,,,,,,,,,,,,
NIITLTD,NIIT Limited,Regulation 7 (2),,2026-08-31,,,,,,,,,https://nsearchives.nseindia.com/corporate/ixbrl/IT_2209_20260831_114210660_WEB.html,,,,,,,,,,,,,,
NIITLTD,NIIT Limited,Regulation 7 (2),,2026-08-31,,,,,,,,,https://nsearchives.nseindia.com/corporate/ixbrl/IT_2209_20260831_114210660_WEB.html,,,,,,,,,,,,,,
TAINWALCHM,TAINWALA CHEMICALS AND PLASTICS (INDIA) LIMITED,Regulation 7 (2),,2026-06-11,,,,,,,,,https://nsearchives.nseindia.com/corporate/ixbrl/IT_481_20260831_121046633_WEB.html,,,,,,,,,,,,,,Re-submission for rectification of the transaction value reported in the earlier filing.
TAINWALCHM,TAINWALA CHEMICALS AND PLASTICS (INDIA) LIMITED,Regulation 7 (2),,2026-06-11,,,,,,,,,https://nsearchives.nseindia.com/corporate/ixbrl/IT_481_20260831_121046633_WEB.html,,,,,,,,,,,,,,Re-submission for rectification of the transaction value reported in the earlier filing.
ALMONDZ,ALMONDZ GLOBAL SECURITIES  LIMITED,Regulation 7 (2),,2026-08-31,,,,,,,,,https://nsearchives.nseindia.com/corporate/ixbrl/IT_2757_20260831_121926092_WEB.html,,,,,,,,,,,,,,
AVONMORE,AVONMORE CAPITAL & MANAGEMENT SERVICES  LIMITED,Regulation 7 (2),,2026-08-31,,,,,,,,,https://nsearchives.nseindia.com/corporate/ixbrl/IT_20397_20260831_124246541_WEB.html,,,,,,,,,,,,,,
RAJMET,Rajnandini Metal Limited,Regulation 7 (2),,2026-08-31,,,,,,,,,https://nsearchives.nseindia.com/corporate/ixbrl/IT_16759_20260831_113852151_WEB.html,,,,,,,,,,,,,,
RAJMET,Rajnandini Metal Limited,Regulation 7 (2),,2026-08-31,,,,,,,,,https://nsearchives.nseindia.com/corporate/ixbrl/IT_16759_20260831_113108111_WEB.html,,,,,,,,,,,,,,
SIGIND,Signet Industries Limited,Regulation 7 (2),,2026-08-31,,,,,,,,,https://nsearchives.nseindia.com/corporate/ixbrl/IT_16593_20260831_125931999_WEB.html,,,,,,,,,,,,,,
PATINTLOG,Patel Integrated Logistics Limited,Regulation 7 (2),,2026-08-29,,,,,,,,,https://nsearchives.nseindia.com/corporate/ixbrl/IT_2705_20260829_200619689_WEB.html,,,,,,,,,,,,,,
PATINTLOG,Patel Integrated Logistics Limited,Regulation 7 (2),,2026-08-29,,,,,,,,,https://nsearchives.nseindia.com/corporate/ixbrl/IT_2705_20260829_200619689_WEB.html,,,,,,,,,,,,,,
TTL,T T LIMITED,Regulation 7 (2),,2026-08-29,,,,,,,,,https://nsearchives.nseindia.com/corporate/ixbrl/IT_2534_20260829_184909376_WEB.html,,,,,,,,,,,,,,
SPAL,S. P. APPARELS LIMITED,Regulation 7 (2),,2026-08-29,,,,,,,,,https://nsearchives.nseindia.com/corporate/ixbrl/IT_14100_20260829_181940950_WEB.html,,,,,,,,,,,,,,
SGIL,SYNERGY GREEN INDUSTRIES LIMITED,Regulation 7 (2),,2026-08-30,,,,,,,,,https://nsearchives.nseindia.com/corporate/ixbrl/IT_19808_20260830_174152408_WEB.html,,,,,,,,,,,,,,
NEOGEN,Neogen Chemicals Limited,Regulation 7 (2),,2026-08-29,,,,,,,,,https://nsearchives.nseindia.com/corporate/ixbrl/IT_17441_20260829_192350298_WEB.html,,,,,,,,,,,,,,
NEOGEN,Neogen Chemicals Limited,Regulation 7 (2),,2026-08-29,,,,,,,,,https://nsearchives.nseindia.com/corporate/ixbrl/IT_17441_20260829_192350298_WEB.html,,,,,,,,,,,,,,
NURECA,NURECA LIMITED,Regulation 7 (2),,2026-08-29,,,,,,,,,https://nsearchives.nseindia.com/corporate/ixbrl/IT_18918_20260829_170845743_WEB.html,,,,,,,,,,,,,,
NURECA,NURECA LIMITED,Regulation 7 (2),,2026-08-29,,,,,,,,,https://nsearchives.nseindia.com/corporate/ixbrl/IT_18918_20260829_170845743_WEB.html,,,,,,,,,,,,,,
NURECA,NURECA LIMITED,Regulation 7 (2),,2026-08-29,,,,,,,,,https://nsearchives.nseindia.com/corporate/ixbrl/IT_18918_20260829_170845743_WEB.html,,,,,,,,,,,,,,
NURECA,NURECA LIMITED,Regulation 7 (2),,2026-08-29,,,,,,,,,https://nsearchives.nseindia.com/corporate/ixbrl/IT_18918_20260829_170845743_WEB.html,,,,,,,,,,,,,,
DIVISLAB,Divi's Laboratories Limited,Regulation 7 (2),,2026-08-31,,,,,,,,,https://nsearchives.nseindia.com/corporate/ixbrl/IT_2132_20260831_110842670_WEB.html,,,,,,,,,,,,,,
SIGIND,Signet Industries Limited,Regulation 7 (2),,2026-08-29,,,,,,,,,https://nsearchives.nseindia.com/corporate/ixbrl/IT_16593_20260829_150650400_WEB.html,,,,,,,,,,,,,,
PATINTLOG,Patel Integrated Logistics Limited,Regulation 7 (2),,2026-08-29,,,,,,,,,https://nsearchives.nseindia.com/corporate/ixbrl/IT_2705_20260829_195722297_WEB.html,,,,,,,,,,,,,,
PATINTLOG,Patel Integrated Logistics Limited,Regulation 7 (2),,2026-08-29,,,,,,,,,https://nsearchives.nseindia.com/corporate/ixbrl/IT_2705_20260829_195722297_WEB.html,,,,,,,,,,,,,,
NURECA,NURECA LIMITED,Regulation 7 (2),,2026-08-29,,,,,,,,,https://nsearchives.nseindia.com/corporate/ixbrl/IT_18918_20260829_170828470_WEB.html,,,,,,,,,,,,,,
NURECA,NURECA LIMITED,Regulation 7 (2),,2026-08-29,,,,,,,,,https://nsearchives.nseindia.com/corporate/ixbrl/IT_18918_20260829_170828470_WEB.html,,,,,,,,,,,,,,
NURECA,NURECA LIMITED,Regulation 7 (2),,2026-08-29,,,,,,,,,https://nsearchives.nseindia.com/corporate/ixbrl/IT_18918_20260829_170828470_WEB.html,,,,,,,,,,,,,,
NURECA,NURECA LIMITED,Regulation 7 (2),,2026-08-29,,,,,,,,,https://nsearchives.nseindia.com/corporate/ixbrl/IT_18918_20260829_170828470_WEB.html,,,,,,,,,,,,,,
SIGIND,Signet Industries Limited,Regulation 7 (2),,2026-08-29,,,,,,,,,https://nsearchives.nseindia.com/corporate/ixbrl/IT_16593_20260829_150709884_WEB.html,,,,,,,,,,,,,,
SINCLAIR,SINCLAIRS HOTELS LIMITED,Regulation 7 (2),,2026-08-29,,,,,,,,,https://nsearchives.nseindia.com/corporate/ixbrl/IT_22933_20260829_133928320_WEB.html,,,,,,,,,,,,,,
SIGIND,Signet Industries Limited,Regulation 7 (2),,2026-08-29,,,,,,,,,https://nsearchives.nseindia.com/corporate/ixbrl/IT_16593_20260829_145405541_WEB.html,,,,,,,,,,,,,,
ASTRAMICRO,ASTRA MICROWAVE PRODUCTS LIMITED,Regulation 7 (2),,2026-08-29,,,,,,,,,https://nsearchives.nseindia.com/corporate/ixbrl/IT_2246_20260829_112700422_WEB.html,,,,,,,,,,,,,,
BLBLIMITED,BLB LIMITED,Regulation 7 (2),,2026-08-29,,,,,,,,,https://nsearchives.nseindia.com/corporate/ixbrl/IT_1893_20260829_130351822_WEB.html,,,,,,,,,,,,,,
NECCLTD,NORTH EASTERN CARRYING CORPORATION LIMITED,Regulation 7 (2),,2026-08-29,,,,,,,,,https://nsearchives.nseindia.com/corporate/ixbrl/IT_13506_20260829_102957352_WEB.html,,,,,,,,,,,,,,
HCLTECH,HCL Technologies Limited,Regulation 7 (2),,2026-08-29,,,,,,,,,https://nsearchives.nseindia.com/corporate/ixbrl/IT_1828_20260829_124638412_WEB.html,,,,,,,,,,,,,,
SANGAMIND,SANGAM (INDIA) LIMITED,Regulation 7 (2),,2026-08-29,,,,,,,,,https://nsearchives.nseindia.com/corporate/ixbrl/IT_1381_20260829_113450933_WEB.html,,,,,,,,,,,,,,
SANGAMIND,SANGAM (INDIA) LIMITED,Regulation 7 (2),,2026-08-29,,,,,,,,,https://nsearchives.nseindia.com/corporate/ixbrl/IT_1381_20260829_113450933_WEB.html,,,,,,,,,,,,,,
CONFIPET,CONFIDENCE PETROLEUM INDIA LIMITED,Regulation 7 (2),,2026-08-28,,,,,,,,,https://nsearchives.nseindia.com/corporate/ixbrl/IT_17510_20260828_214126275_WEB.html,,,,,,,,,,,,,,
WSI,W S Industries (I) Limited,Regulation 7 (2),,2026-08-29,,,,,,,,,https://nsearchives.nseindia.com/corporate/ixbrl/IT_587_20260829_103104247_WEB.html,,,,,,,,,,,,,,
NECCLTD,NORTH EASTERN CARRYING CORPORATION LIMITED,Regulation 7 (2),,2026-08-29,,,,,,,,,https://nsearchives.nseindia.com/corporate/ixbrl/IT_13506_20260829_101312424_WEB.html,,,,,,,,,,,,,,
JINDALSTEL,JINDAL STEEL LIMITED,Regulation 7 (2),,2026-08-28,,,,,,,,,https://nsearchives.nseindia.com/corporate/ixbrl/IT_1816_20260828_184330314_WEB.html,,,,,,,,,,,,,,
TURTLEMINT,Turtlemint Fintech Solutions Limited,Regulation 7 (2),,2026-08-28,,,,,,,,,https://nsearchives.nseindia.com/corporate/ixbrl/IT_26874_20260828_180408922_WEB.html,,,,,,,,,,,,,,
TURTLEMINT,Turtlemint Fintech Solutions Limited,Regulation 7 (2),,2026-08-28,,,,,,,,,https://nsearchives.nseindia.com/corporate/ixbrl/IT_26874_20260828_180408922_WEB.html,,,,,,,,,,,,,,
TURTLEMINT,Turtlemint Fintech Solutions Limited,Regulation 7 (2),,2026-08-28,,,,,,,,,https://nsearchives.nseindia.com/corporate/ixbrl/IT_26874_20260828_180408922_WEB.html,,,,,,,,,,,,,,
TURTLEMINT,Turtlemint Fintech Solutions Limited,Regulation 7 (2),,2026-08-28,,,,,,,,,https://nsearchives.nseindia.com/corporate/ixbrl/IT_26874_20260828_180408922_WEB.html,,,,,,,,,,,,,,
TURTLEMINT,Turtlemint Fintech Solutions Limited,Regulation 7 (2),,2026-08-28,,,,,,,,,https://nsearchives.nseindia.com/corporate/ixbrl/IT_26874_20260828_180408922_WEB.html,,,,,,,,,,,,,,
TURTLEMINT,Turtlemint Fintech Solutions Limited,Regulation 7 (2),,2026-08-28,,,,,,,,,https://nsearchives.nseindia.com/corporate/ixbrl/IT_26874_20260828_180408922_WEB.html,,,,,,,,,,,,,,
TURTLEMINT,Turtlemint Fintech Solutions Limited,Regulation 7 (2),,2026-08-28,,,,,,,,,https://nsearchives.nseindia.com/corporate/ixbrl/IT_26874_20260828_180408922_WEB.html,,,,,,,,,,,,,,
TURTLEMINT,Turtlemint Fintech Solutions Limited,Regulation 7 (2),,2026-08-28,,,,,,,,,https://nsearchives.nseindia.com/corporate/ixbrl/IT_26874_20260828_180408922_WEB.html,,,,,,,,,,,,,,
CONFIPET,CONFIDENCE PETROLEUM INDIA LIMITED,Regulation 7 (2),,2026-08-28,,,,,,,,,https://nsearchives.nseindia.com/corporate/ixbrl/IT_17510_20260828_213616323_WEB.html,,,,,,,,,,,,,,
KARURVYSYA,KARUR VYSYA BANK LIMITED,Regulation 7 (2),,2026-08-28,,,,,,,,,https://nsearchives.nseindia.com/corporate/ixbrl/IT_539_20260828_205716768_WEB.html,,,,,,,,,,,,,,
KARURVYSYA,KARUR VYSYA BANK LIMITED,Regulation 7 (2),,2026-08-28,,,,,,,,,https://nsearchives.nseindia.com/corporate/ixbrl/IT_539_20260828_205716768_WEB.html,,,,,,,,,,,,,,
KARURVYSYA,KARUR VYSYA BANK LIMITED,Regulation 7 (2),,2026-08-28,,,,,,,,,https://nsearchives.nseindia.com/corporate/ixbrl/IT_539_20260828_205716768_WEB.html,,,,,,,,,,,,,,
KARURVYSYA,KARUR VYSYA BANK LIMITED,Regulation 7 (2),,2026-08-28,,,,,,,,,https://nsearchives.nseindia.com/corporate/ixbrl/IT_539_20260828_205716768_WEB.html,,,,,,,,,,,,,,
RUBICON,RUBICON RESEARCH LIMITED,Regulation 7 (2),,2026-08-28,,,,,,,,,https://nsearchives.nseindia.com/corporate/ixbrl/IT_24193_20260828_184323413_WEB.html,,,,,,,,,,,,,,
RUBICON,RUBICON RESEARCH LIMITED,Regulation 7 (2),,2026-08-28,,,,,,,,,https://nsearchives.nseindia.com/corporate/ixbrl/IT_24193_20260828_184323413_WEB.html,,,,,,,,,,,,,,
TURTLEMINT,Turtlemint Fintech Solutions Limited,Regulation 7 (2),,2026-08-28,,,,,,,,,https://nsearchives.nseindia.com/corporate/ixbrl/IT_26874_20260828_182359080_WEB.html,,,,,,,,,,,,,,
TURTLEMINT,Turtlemint Fintech Solutions Limited,Regulation 7 (2),,2026-08-28,,,,,,,,,https://nsearchives.nseindia.com/corporate/ixbrl/IT_26874_20260828_182359080_WEB.html,,,,,,,,,,,,,,
TURTLEMINT,Turtlemint Fintech Solutions Limited,Regulation 7 (2),,2026-08-28,,,,,,,,,https://nsearchives.nseindia.com/corporate/ixbrl/IT_26874_20260828_182359080_WEB.html,,,,,,,,,,,,,,
TURTLEMINT,Turtlemint Fintech Solutions Limited,Regulation 7 (2),,2026-08-28,,,,,,,,,https://nsearchives.nseindia.com/corporate/ixbrl/IT_26874_20260828_182359080_WEB.html,,,,,,,,,,,,,,
TURTLEMINT,Turtlemint Fintech Solutions Limited,Regulation 7 (2),,2026-08-28,,,,,,,,,https://nsearchives.nseindia.com/corporate/ixbrl/IT_26874_20260828_182359080_WEB.html,,,,,,,,,,,,,,
TURTLEMINT,Turtlemint Fintech Solutions Limited,Regulation 7 (2),,2026-08-28,,,,,,,,,https://nsearchives.nseindia.com/corporate/ixbrl/IT_26874_20260828_182359080_WEB.html,,,,,,,,,,,,,,
TURTLEMINT,Turtlemint Fintech Solutions Limited,Regulation 7 (2),,2026-08-28,,,,,,,,,https://nsearchives.nseindia.com/corporate/ixbrl/IT_26874_20260828_182359080_WEB.html,,,,,,,,,,,,,,
TURTLEMINT,Turtlemint Fintech Solutions Limited,Regulation 7 (2),,2026-08-28,,,,,,,,,https://nsearchives.nseindia.com/corporate/ixbrl/IT_26874_20260828_182359080_WEB.html,,,,,,,,,,,,,,
GANESHBE,GANESH BENZOPLAST LIMITED,Regulation 7 (2),,2026-08-28,,,,,,,,,https://nsearchives.nseindia.com/corporate/ixbrl/IT_19975_20260828_175348328_WEB.html,,,,,,,,,,,,,,
GANESHBE,GANESH BENZOPLAST LIMITED,Regulation 7 (2),,2026-08-28,,,,,,,,,https://nsearchives.nseindia.com/corporate/ixbrl/IT_19975_20260828_175348328_WEB.html,,,,,,,,,,,,,,
GANESHBE,GANESH BENZOPLAST LIMITED,Regulation 7 (2),,2026-08-28,,,,,,,,,https://nsearchives.nseindia.com/corporate/ixbrl/IT_19975_20260828_175348328_WEB.html,,,,,,,,,,,,,,
SRHHYPOLTD,Sree Rayalaseema Hi-Strength Hypo Limited,Regulation 7 (2),,2026-08-28,,,,,,,,,https://nsearchives.nseindia.com/corporate/ixbrl/IT_2588_20260828_170146433_WEB.html,,,,,,,,,,,,,,
RAMCOIND,RAMCO INDUSTRIES LIMITED,Regulation 7 (2),,2026-08-28,,,,,,,,,https://nsearchives.nseindia.com/corporate/ixbrl/IT_1560_20260828_154905470_WEB.html,,,,,,,,,,,,,,
BLBLIMITED,BLB LIMITED,Regulation 7 (2),,2026-08-28,,,,,,,,,https://nsearchives.nseindia.com/corporate/ixbrl/IT_1893_20260828_125350565_WEB.html,,,,,,,,,,,,,,
GANESHCP,GANESH CONSUMER PRODUCTS LIMITED,Regulation 7 (2),,2026-08-28,,,,,,,,,https://nsearchives.nseindia.com/corporate/ixbrl/IT_25074_20260828_112400421_WEB.html,,,,,,,,,,,,,,
INDOMIM,INDO-MIM Limited,Regulation 7 (2),,2026-08-28,,,,,,,,,https://nsearchives.nseindia.com/corporate/ixbrl/IT_27036_20260828_153658401_WEB.html,,,,,,,,,,,,,,
INDOMIM,INDO-MIM Limited,Regulation 7 (2),,2026-08-28,,,,,,,,,https://nsearchives.nseindia.com/corporate/ixbrl/IT_27036_20260828_153658401_WEB.html,,,,,,,,,,,,,,
INDOMIM,INDO-MIM Limited,Regulation 7 (2),,2026-08-28,,,,,,,,,https://nsearchives.nseindia.com/corporate/ixbrl/IT_27036_20260828_153658401_WEB.html,,,,,,,,,,,,,,
INDOMIM,INDO-MIM Limited,Regulation 7 (2),,2026-08-28,,,,,,,,,https://nsearchives.nseindia.com/corporate/ixbrl/IT_27036_20260828_153658401_WEB.html,,,,,,,,,,,,,,
INDOMIM,INDO-MIM Limited,Regulation 7 (2),,2026-08-28,,,,,,,,,https://nsearchives.nseindia.com/corporate/ixbrl/IT_27036_20260828_153658401_WEB.html,,,,,,,,,,,,,,
INDOMIM,INDO-MIM Limited,Regulation 7 (2),,2026-08-28,,,,,,,,,https://nsearchives.nseindia.com/corporate/ixbrl/IT_27036_20260828_153658401_WEB.html,,,,,,,,,,,,,,
INDOMIM,INDO-MIM Limited,Regulation 7 (2),,2026-08-28,,,,,,,,,https://nsearchives.nseindia.com/corporate/ixbrl/IT_27036_20260828_153658401_WEB.html,,,,,,,,,,,,,,
INDOMIM,INDO-MIM Limited,Regulation 7 (2),,2026-08-28,,,,,,,,,https://nsearchives.nseindia.com/corporate/ixbrl/IT_27036_20260828_153658401_WEB.html,,,,,,,,,,,,,,
INDOMIM,INDO-MIM Limited,Regulation 7 (2),,2026-08-28,,,,,,,,,https://nsearchives.nseindia.com/corporate/ixbrl/IT_27036_20260828_153658401_WEB.html,,,,,,,,,,,,,,
INDOMIM,INDO-MIM Limited,Regulation 7 (2),,2026-08-28,,,,,,,,,https://nsearchives.nseindia.com/corporate/ixbrl/IT_27036_20260828_153658401_WEB.html,,,,,,,,,,,,,,
INDOMIM,INDO-MIM Limited,Regulation 7 (2),,2026-08-28,,,,,,,,,https://nsearchives.nseindia.com/corporate/ixbrl/IT_27036_20260828_153658401_WEB.html,,,,,,,,,,,,,,
ALMONDZ,ALMONDZ GLOBAL SECURITIES  LIMITED,Regulation 7 (2),,2026-08-28,,,,,,,,,https://nsearchives.nseindia.com/corporate/ixbrl/IT_2757_20260828_113826331_WEB.html,,,,,,,,,,,,,,
DIVISLAB,Divi's Laboratories Limited,Regulation 7 (2),,2026-08-28,,,,,,,,,https://nsearchives.nseindia.com/corporate/ixbrl/IT_2132_20260828_112328755_WEB.html,,,,,,,,,,,,,,
ATHERENERG,Ather Energy Limited,Regulation 7 (2),,2026-08-28,,,,,,,,,https://nsearchives.nseindia.com/corporate/ixbrl/IT_24448_20260828_154909619_WEB.html,,,,,,,,,,,,,,
ATHERENERG,Ather Energy Limited,Regulation 7 (2),,2026-08-28,,,,,,,,,https://nsearchives.nseindia.com/corporate/ixbrl/IT_24448_20260828_154909619_WEB.html,,,,,,,,,,,,,,
ATHERENERG,Ather Energy Limited,Regulation 7 (2),,2026-08-28,,,,,,,,,https://nsearchives.nseindia.com/corporate/ixbrl/IT_24448_20260828_154909619_WEB.html,,,,,,,,,,,,,,
AVONMORE,AVONMORE CAPITAL & MANAGEMENT SERVICES  LIMITED,Regulation 7 (2),,2026-08-28,,,,,,,,,https://nsearchives.nseindia.com/corporate/ixbrl/IT_20397_20260828_111634274_WEB.html,,,,,,,,,,,,,,
GOKUL,GOKUL REFOILS AND SOLVENT LIMITED,Regulation 7 (2),,2026-08-27,,,,,,,,,https://nsearchives.nseindia.com/corporate/ixbrl/IT_2754_20260827_220716089_WEB.html,,,,,,,,,,,,,,
360ONE,360 ONE WAM LIMITED,Regulation 7 (2),,2026-08-27,,,,,,,,,https://nsearchives.nseindia.com/corporate/ixbrl/IT_17593_20260827_232346352_WEB.html,,,,,,,,,,,,,,
360ONE,360 ONE WAM LIMITED,Regulation 7 (2),,2026-08-27,,,,,,,,,https://nsearchives.nseindia.com/corporate/ixbrl/IT_17593_20260827_232346352_WEB.html,,,,,,,,,,,,,,
360ONE,360 ONE WAM LIMITED,Regulation 7 (2),,2026-08-27,,,,,,,,,https://nsearchives.nseindia.com/corporate/ixbrl/IT_17593_20260827_232346352_WEB.html,,,,,,,,,,,,,,
SWARAJ,SWARAJ SUITING LIMITED,Regulation 7 (2),,2026-08-27,,,,,,,,,https://nsearchives.nseindia.com/corporate/ixbrl/IT_20487_20260827_231015931_WEB.html,,,,,,,,,,,,,,
ESCORTS,ESCORTS KUBOTA LIMITED,Regulation 7 (2),,2026-08-27,,,,,,,,,https://nsearchives.nseindia.com/corporate/ixbrl/IT_224_20260827_205125376_WEB.html,,,,,,,,,,,,,,
ESCORTS,ESCORTS KUBOTA LIMITED,Regulation 7 (2),,2026-08-27,,,,,,,,,https://nsearchives.nseindia.com/corporate/ixbrl/IT_224_20260827_205125376_WEB.html,,,,,,,,,,,,,,
ESCORTS,ESCORTS KUBOTA LIMITED,Regulation 7 (2),,2026-08-27,,,,,,,,,https://nsearchives.nseindia.com/corporate/ixbrl/IT_224_20260827_205125376_WEB.html,,,,,,,,,,,,,,
KARURVYSYA,KARUR VYSYA BANK LIMITED,Regulation 7 (2),,2026-08-27,,,,,,,,,https://nsearchives.nseindia.com/corporate/ixbrl/IT_539_20260827_195048801_WEB.html,,,,,,,,,,,,,,
KARURVYSYA,KARUR VYSYA BANK LIMITED,Regulation 7 (2),,2026-08-27,,,,,,,,,https://nsearchives.nseindia.com/corporate/ixbrl/IT_539_20260827_195048801_WEB.html,,,,,,,,,,,,,,
KARURVYSYA,KARUR VYSYA BANK LIMITED,Regulation 7 (2),,2026-08-27,,,,,,,,,https://nsearchives.nseindia.com/corporate/ixbrl/IT_539_20260827_195048801_WEB.html,,,,,,,,,,,,,,
GRAVITA,GRAVITA INDIA LIMITED,Regulation 7 (2),,2026-08-27,,,,,,,,,https://nsearchives.nseindia.com/corporate/ixbrl/IT_3733_20260827_195326312_WEB.html,,,,,,,,,,,,,,
SUVIDHAA,SUVIDHAA INFOSERVE LIMITED,Regulation 7 (2),,2026-08-27,,,,,,,,,https://nsearchives.nseindia.com/corporate/ixbrl/IT_19313_20260827_192513625_WEB.html,,,,,,,,,,,,,,
SUVIDHAA,SUVIDHAA INFOSERVE LIMITED,Regulation 7 (2),,2026-08-27,,,,,,,,,https://nsearchives.nseindia.com/corporate/ixbrl/IT_19313_20260827_192513625_WEB.html,,,,,,,,,,,,,,
SUVIDHAA,SUVIDHAA INFOSERVE LIMITED,Regulation 7 (2),,2026-08-27,,,,,,,,,https://nsearchives.nseindia.com/corporate/ixbrl/IT_19313_20260827_192202443_WEB.html,,,,,,,,,,,,,,
SUVIDHAA,SUVIDHAA INFOSERVE LIMITED,Regulation 7 (2),,2026-08-27,,,,,,,,,https://nsearchives.nseindia.com/corporate/ixbrl/IT_19313_20260827_192202443_WEB.html,,,,,,,,,,,,,,
TTL,T T LIMITED,Regulation 7 (2),,2026-08-27,,,,,,,,,https://nsearchives.nseindia.com/corporate/ixbrl/IT_2534_20260827_183636348_WEB.html,,,,,,,,,,,,,,
TATACONSUM,Tata Consumer Products Limited,Regulation 7 (2),,2026-08-27,,,,,,,,,https://nsearchives.nseindia.com/corporate/ixbrl/IT_1098_20260827_175236528_WEB.html,,,,,,,,,,,,,,
JARO,JARO INSTITUTE OF TECHNOLOGY MANAGEMENT AND RESEARCH LIMITED,Regulation 7 (2),,2026-08-27,,,,,,,,,https://nsearchives.nseindia.com/corporate/ixbrl/IT_24645_20260827_183417085_WEB.html,,,,,,,,,,,,,,
JSWSTEEL,JSW STEEL LIMITED,Regulation 7 (2),,2026-08-27,,,,,,,,,https://nsearchives.nseindia.com/corporate/ixbrl/IT_2266_20260827_175018470_WEB.html,,,,,,,,,,,,,,
JSWSTEEL,JSW STEEL LIMITED,Regulation 7 (2),,2026-08-27,,,,,,,,,https://nsearchives.nseindia.com/corporate/ixbrl/IT_2266_20260827_175018470_WEB.html,,,,,,,,,,,,,,
JSWSTEEL,JSW STEEL LIMITED,Regulation 7 (2),,2026-08-27,,,,,,,,,https://nsearchives.nseindia.com/corporate/ixbrl/IT_2266_20260827_175018470_WEB.html,,,,,,,,,,,,,,
JSWSTEEL,JSW STEEL LIMITED,Regulation 7 (2),,2026-08-27,,,,,,,,,https://nsearchives.nseindia.com/corporate/ixbrl/IT_2266_20260827_175018470_WEB.html,,,,,,,,,,,,,,
JSWSTEEL,JSW STEEL LIMITED,Regulation 7 (2),,2026-08-27,,,,,,,,,https://nsearchives.nseindia.com/corporate/ixbrl/IT_2266_20260827_175018470_WEB.html,,,,,,,,,,,,,,
JSWSTEEL,JSW STEEL LIMITED,Regulation 7 (2),,2026-08-27,,,,,,,,,https://nsearchives.nseindia.com/corporate/ixbrl/IT_2266_20260827_175018470_WEB.html,,,,,,,,,,,,,,
JSWSTEEL,JSW STEEL LIMITED,Regulation 7 (2),,2026-08-27,,,,,,,,,https://nsearchives.nseindia.com/corporate/ixbrl/IT_2266_20260827_175018470_WEB.html,,,,,,,,,,,,,,
HCLTECH,HCL Technologies Limited,Regulation 7 (2),,2026-08-27,,,,,,,,,https://nsearchives.nseindia.com/corporate/ixbrl/IT_1828_20260827_173442676_WEB.html,,,,,,,,,,,,,,
HCLTECH,HCL Technologies Limited,Regulation 7 (2),,2026-08-27,,,,,,,,,https://nsearchives.nseindia.com/corporate/ixbrl/IT_1828_20260827_173442676_WEB.html,,,,,,,,,,,,,,
INOXWIND,Inox Wind Limited,Regulation 7 (2),,2026-08-27,,,,,,,,,https://nsearchives.nseindia.com/corporate/ixbrl/IT_11855_20260827_191158380_WEB.html,,,,,,,,,,,,,,
INOXWIND,Inox Wind Limited,Regulation 7 (2),,2026-08-27,,,,,,,,,https://nsearchives.nseindia.com/corporate/ixbrl/IT_11855_20260827_191158380_WEB.html,,,,,,,,,,,,,,
HINDCOPPER,Hindustan Copper Limited,Regulation 7 (2),,2026-08-27,,,,,,,,,https://nsearchives.nseindia.com/corporate/ixbrl/IT_3022_20260827_183237602_WEB.html,,,,,,,,,,,,,,
VPRPL,VISHNU PRAKASH R PUNGLIA LIMITED,Regulation 7 (2),,2026-08-27,,,,,,,,,https://nsearchives.nseindia.com/corporate/ixbrl/IT_21894_20260827_173726519_WEB.html,,,,,,,,,,,,,,
VPRPL,VISHNU PRAKASH R PUNGLIA LIMITED,Regulation 7 (2),,2026-08-27,,,,,,,,,https://nsearchives.nseindia.com/corporate/ixbrl/IT_21894_20260827_173726519_WEB.html,,,,,,,,,,,,,,
NILASPACES,NILA SPACES LIMITED,Regulation 7 (2),,2026-08-27,,,,,,,,,https://nsearchives.nseindia.com/corporate/ixbrl/IT_17088_20260827_170539360_WEB.html,,,,,,,,,,,,,,
LCCINFOTEC,LCC INFOTECH LIMITED,Regulation 7 (2),,2026-08-27,,,,,,,,,https://nsearchives.nseindia.com/corporate/ixbrl/IT_1864_20260827_180556651_WEB.html,,,,,,,,,,,,,,
KPITTECH,KPIT TECHNOLOGIES LIMITED,Regulation 7 (2),,2026-08-27,,,,,,,,,https://nsearchives.nseindia.com/corporate/ixbrl/IT_17417_20260827_163550693_WEB.html,,,,,,,,,,,,,,
KPITTECH,KPIT TECHNOLOGIES LIMITED,Regulation 7 (2),,2026-08-27,,,,,,,,,https://nsearchives.nseindia.com/corporate/ixbrl/IT_17417_20260827_163550693_WEB.html,,,,,,,,,,,,,,
KPITTECH,KPIT TECHNOLOGIES LIMITED,Regulation 7 (2),,2026-08-27,,,,,,,,,https://nsearchives.nseindia.com/corporate/ixbrl/IT_17417_20260827_163550693_WEB.html,,,,,,,,,,,,,,
SRHHYPOLTD,Sree Rayalaseema Hi-Strength Hypo Limited,Regulation 7 (2),,2026-08-27,,,,,,,,,https://nsearchives.nseindia.com/corporate/ixbrl/IT_2588_20260827_170454525_WEB.html,,,,,,,,,,,,,,
SRHHYPOLTD,Sree Rayalaseema Hi-Strength Hypo Limited,Regulation 7 (2),,2026-08-27,,,,,,,,,https://nsearchives.nseindia.com/corporate/ixbrl/IT_2588_20260827_170454525_WEB.html,,,,,,,,,,,,,,
ASHAPURMIN,ASHAPURA MINECHEM LIMITED,Regulation 7 (2),,2026-08-27,,,,,,,,,https://nsearchives.nseindia.com/corporate/ixbrl/IT_1262_20260827_170255350_WEB.html,,,,,,,,,,,,,,
WABAG,VA TECH WABAG LIMITED,Regulation 7 (2),,2026-08-27,,,,,,,,,https://nsearchives.nseindia.com/corporate/ixbrl/IT_3630_20260827_161723574_WEB.html,,,,,,,,,,,,,,
NAUKRI,Info Edge (India) Limited,Regulation 7 (2),,2026-08-27,,,,,,,,,https://nsearchives.nseindia.com/corporate/ixbrl/IT_2460_20260827_165740573_WEB.html,,,,,,,,,,,,,,
NAUKRI,Info Edge (India) Limited,Regulation 7 (2),,2026-08-27,,,,,,,,,https://nsearchives.nseindia.com/corporate/ixbrl/IT_2460_20260827_165740573_WEB.html,,,,,,,,,,,,,,
NAUKRI,Info Edge (India) Limited,Regulation 7 (2),,2026-08-27,,,,,,,,,https://nsearchives.nseindia.com/corporate/ixbrl/IT_2460_20260827_165740573_WEB.html,,,,,,,,,,,,,,
STEL,STEL HOLDINGS LIMITED,Regulation 7 (2),,2026-08-27,,,,,,,,,https://nsearchives.nseindia.com/corporate/ixbrl/IT_4020_20260827_155908916_WEB.html,,,,,,,,,,,,,,
STEL,STEL HOLDINGS LIMITED,Regulation 7 (2),,2026-08-27,,,,,,,,,https://nsearchives.nseindia.com/corporate/ixbrl/IT_4020_20260827_155908916_WEB.html,,,,,,,,,,,,,,
STEL,STEL HOLDINGS LIMITED,Regulation 7 (2),,2026-08-27,,,,,,,,,https://nsearchives.nseindia.com/corporate/ixbrl/IT_4020_20260827_155908916_WEB.html,,,,,,,,,,,,,,
STEL,STEL HOLDINGS LIMITED,Regulation 7 (2),,2026-08-27,,,,,,,,,https://nsearchives.nseindia.com/corporate/ixbrl/IT_4020_20260827_155908916_WEB.html,,,,,,,,,,,,,,
MGEL,MANGALAM GLOBAL ENTERPRISE LIMITED,Regulation 7 (2),,2026-08-27,,,,,,,,,https://nsearchives.nseindia.com/corporate/ixbrl/IT_17639_20260827_153254712_WEB.html,,,,,,,,,,,,,,
RAJMET,Rajnandini Metal Limited,Regulation 7 (2),,2026-08-27,,,,,,,,,https://nsearchives.nseindia.com/corporate/ixbrl/IT_16759_20260827_155813718_WEB.html,,,,,,,,,,,,,,
TAINWALCHM,TAINWALA CHEMICALS AND PLASTICS (INDIA) LIMITED,Regulation 7 (2),,2026-08-27,,,,,,,,,https://nsearchives.nseindia.com/corporate/ixbrl/IT_481_20260827_153423148_WEB.html,,,,,,,,,,,,,,
NCLIND,NCL INDUSTRIES LIMITED,Regulation 7 (2),,2026-08-27,,,,,,,,,https://nsearchives.nseindia.com/corporate/ixbrl/IT_2568_20260827_151902774_WEB.html,,,,,,,,,,,,,,
RAJMET,Rajnandini Metal Limited,Regulation 7 (2),,2026-08-27,,,,,,,,,https://nsearchives.nseindia.com/corporate/ixbrl/IT_16759_20260827_155745971_WEB.html,,,,,,,,,,,,,,
MGEL,MANGALAM GLOBAL ENTERPRISE LIMITED,Regulation 7 (2),,2026-08-27,,,,,,,,,https://nsearchives.nseindia.com/corporate/ixbrl/IT_17639_20260827_150929746_WEB.html,,,,,,,,,,,,,,
NAVA,NAVA LIMITED,Regulation 7 (2),,2026-08-26,,,,,,,,,https://nsearchives.nseindia.com/corporate/ixbrl/IT_1264_20260827_150630537_WEB.html,,,,,,,,,,,,,,
NAVA,NAVA LIMITED,Regulation 7 (2),,2026-08-26,,,,,,,,,https://nsearchives.nseindia.com/corporate/ixbrl/IT_1264_20260827_150630537_WEB.html,,,,,,,,,,,,,,
CSLFINANCE,CSL Finance Limited,Regulation 7 (2),,2026-08-27,,,,,,,,,https://nsearchives.nseindia.com/corporate/ixbrl/IT_20784_20260827_145532475_WEB.html,,,,,,,,,,,,,,
CSLFINANCE,CSL Finance Limited,Regulation 7 (2),,2026-08-27,,,,,,,,,https://nsearchives.nseindia.com/corporate/ixbrl/IT_20784_20260827_145532475_WEB.html,,,,,,,,,,,,,,
CSLFINANCE,CSL Finance Limited,Regulation 7 (2),,2026-08-27,,,,,,,,,https://nsearchives.nseindia.com/corporate/ixbrl/IT_20784_20260827_145532475_WEB.html,,,,,,,,,,,,,,
CSLFINANCE,CSL Finance Limited,Regulation 7 (2),,2026-08-27,,,,,,,,,https://nsearchives.nseindia.com/corporate/ixbrl/IT_20784_20260827_145532475_WEB.html,,,,,,,,,,,,,,
CSLFINANCE,CSL Finance Limited,Regulation 7 (2),,2026-08-27,,,,,,,,,https://nsearchives.nseindia.com/corporate/ixbrl/IT_20784_20260827_145532475_WEB.html,,,,,,,,,,,,,,
PRECWIRE,PRECISION WIRES INDIA LIMITED,Regulation 7 (2),,2026-08-27,,,,,,,,,https://nsearchives.nseindia.com/corporate/ixbrl/IT_910_20260827_142902683_WEB.html,,,,,,,,,,,,,,
MGEL,MANGALAM GLOBAL ENTERPRISE LIMITED,Regulation 7 (2),,2026-08-27,,,,,,,,,https://nsearchives.nseindia.com/corporate/ixbrl/IT_17639_20260827_150754255_WEB.html,,,,,,,,,,,,,,
PRECWIRE,PRECISION WIRES INDIA LIMITED,Regulation 7 (2),,2026-08-27,,,,,,,,,https://nsearchives.nseindia.com/corporate/ixbrl/IT_910_20260827_142837073_WEB.html,,,,,,,,,,,,,,
AFFLE,Affle 3i Limited,Regulation 7 (2),,2026-08-27,,,,,,,,,https://nsearchives.nseindia.com/corporate/ixbrl/IT_17565_20260827_141058810_WEB.html,,,,,,,,,,,,,,
CSLFINANCE,CSL Finance Limited,Regulation 7 (2),,2026-08-27,,,,,,,,,https://nsearchives.nseindia.com/corporate/ixbrl/IT_20784_20260827_145328549_WEB.html,,,,,,,,,,,,,,
CSLFINANCE,CSL Finance Limited,Regulation 7 (2),,2026-08-27,,,,,,,,,https://nsearchives.nseindia.com/corporate/ixbrl/IT_20784_20260827_145328549_WEB.html,,,,,,,,,,,,,,
CSLFINANCE,CSL Finance Limited,Regulation 7 (2),,2026-08-27,,,,,,,,,https://nsearchives.nseindia.com/corporate/ixbrl/IT_20784_20260827_145328549_WEB.html,,,,,,,,,,,,,,
CSLFINANCE,CSL Finance Limited,Regulation 7 (2),,2026-08-27,,,,,,,,,https://nsearchives.nseindia.com/corporate/ixbrl/IT_20784_20260827_145328549_WEB.html,,,,,,,,,,,,,,
CSLFINANCE,CSL Finance Limited,Regulation 7 (2),,2026-08-27,,,,,,,,,https://nsearchives.nseindia.com/corporate/ixbrl/IT_20784_20260827_145328549_WEB.html,,,,,,,,,,,,,,
BAIDFIN,BAID FINSERV LIMITED,Regulation 7 (2),,2026-08-27,,,,,,,,,https://nsearchives.nseindia.com/corporate/ixbrl/IT_21019_20260827_115244795_WEB.html,,,,,,,,,,,,,,
BAIDFIN,BAID FINSERV LIMITED,Regulation 7 (2),,2026-08-27,,,,,,,,,https://nsearchives.nseindia.com/corporate/ixbrl/IT_21019_20260827_115244795_WEB.html,,,,,,,,,,,,,,
BAIDFIN,BAID FINSERV LIMITED,Regulation 7 (2),,2026-08-27,,,,,,,,,https://nsearchives.nseindia.com/corporate/ixbrl/IT_21019_20260827_115244795_WEB.html,,,,,,,,,,,,,,
BAIDFIN,BAID FINSERV LIMITED,Regulation 7 (2),,2026-08-27,,,,,,,,,https://nsearchives.nseindia.com/corporate/ixbrl/IT_21019_20260827_115244795_WEB.html,,,,,,,,,,,,,,
GOKUL,GOKUL REFOILS AND SOLVENT LIMITED,Regulation 7 (2),,2026-08-27,,,,,,,,,https://nsearchives.nseindia.com/corporate/ixbrl/IT_2754_20260827_112510291_WEB.html,,,,,,,,,,,,,,
PRECWIRE,PRECISION WIRES INDIA LIMITED,Regulation 7 (2),,2026-08-27,,,,,,,,,https://nsearchives.nseindia.com/corporate/ixbrl/IT_910_20260827_131918491_WEB.html,,,,,,,,,,,,,,
NIITLTD,NIIT Limited,Regulation 7 (2),,2026-08-27,,,,,,,,,https://nsearchives.nseindia.com/corporate/ixbrl/IT_2209_20260827_121316584_WEB.html,,,,,,,,,,,,,,
NIITLTD,NIIT Limited,Regulation 7 (2),,2026-08-27,,,,,,,,,https://nsearchives.nseindia.com/corporate/ixbrl/IT_2209_20260827_121316584_WEB.html,,,,,,,,,,,,,,
AVONMORE,AVONMORE CAPITAL & MANAGEMENT SERVICES  LIMITED,Regulation 7 (2),,2026-08-27,,,,,,,,,https://nsearchives.nseindia.com/corporate/ixbrl/IT_20397_20260827_111919080_WEB.html,,,,,,,,,,,,,,
JSWENERGY,JSW Energy Limited,Regulation 7 (2),,2026-08-26,,,,,,,,,https://nsearchives.nseindia.com/corporate/ixbrl/IT_3013_20260826_202536407_WEB.html,,,,,,,,,,,,,,
JSWENERGY,JSW Energy Limited,Regulation 7 (2),,2026-08-26,,,,,,,,,https://nsearchives.nseindia.com/corporate/ixbrl/IT_3013_20260826_202536407_WEB.html,,,,,,,,,,,,,,
JSWENERGY,JSW Energy Limited,Regulation 7 (2),,2026-08-26,,,,,,,,,https://nsearchives.nseindia.com/corporate/ixbrl/IT_3013_20260826_202536407_WEB.html,,,,,,,,,,,,,,
JSWENERGY,JSW Energy Limited,Regulation 7 (2),,2026-08-26,,,,,,,,,https://nsearchives.nseindia.com/corporate/ixbrl/IT_3013_20260826_202536407_WEB.html,,,,,,,,,,,,,,
SUVIDHAA,SUVIDHAA INFOSERVE LIMITED,Regulation 7 (2),,2026-08-26,,,,,,,,,https://nsearchives.nseindia.com/corporate/ixbrl/IT_19313_20260826_195325883_WEB.html,,,,,,,,,,,,,,
SUVIDHAA,SUVIDHAA INFOSERVE LIMITED,Regulation 7 (2),,2026-08-26,,,,,,,,,https://nsearchives.nseindia.com/corporate/ixbrl/IT_19313_20260826_195325883_WEB.html,,,,,,,,,,,,,,
SUVIDHAA,SUVIDHAA INFOSERVE LIMITED,Regulation 7 (2),,2026-08-26,,,,,,,,,https://nsearchives.nseindia.com/corporate/ixbrl/IT_19313_20260826_195325883_WEB.html,,,,,,,,,,,,,,
SUVIDHAA,SUVIDHAA INFOSERVE LIMITED,Regulation 7 (2),,2026-08-26,,,,,,,,,https://nsearchives.nseindia.com/corporate/ixbrl/IT_19313_20260826_195325883_WEB.html,,,,,,,,,,,,,,
SUVIDHAA,SUVIDHAA INFOSERVE LIMITED,Regulation 7 (2),,2026-08-26,,,,,,,,,https://nsearchives.nseindia.com/corporate/ixbrl/IT_19313_20260826_195325883_WEB.html,,,,,,,,,,,,,,
INDOWIND,INDOWIND ENERGY LIMITED,Regulation 7 (2),,2026-08-27,,,,,,,,,https://nsearchives.nseindia.com/corporate/ixbrl/IT_2653_20260827_110936588_WEB.html,,,,,,,,,,,,,,
ALEMBICLTD,Alembic Limited,Regulation 7 (2),,2026-08-26,,,,,,,,,https://nsearchives.nseindia.com/corporate/ixbrl/IT_1817_20260826_193406018_WEB.html,,,,,,,,,,,,,,
ZEEL,Zee Entertainment Enterprises Limited,Regulation 7 (2),,2026-08-26,,,,,,,,,https://nsearchives.nseindia.com/corporate/ixbrl/IT_1105_20260826_192604468_WEB.html,,,,,,,,,,,,,,
SUVIDHAA,SUVIDHAA INFOSERVE LIMITED,Regulation 7 (2),,2026-08-26,,,,,,,,,https://nsearchives.nseindia.com/corporate/ixbrl/IT_19313_20260826_194100413_WEB.html,,,,,,,,,,,,,,
SUVIDHAA,SUVIDHAA INFOSERVE LIMITED,Regulation 7 (2),,2026-08-26,,,,,,,,,https://nsearchives.nseindia.com/corporate/ixbrl/IT_19313_20260826_194100413_WEB.html,,,,,,,,,,,,,,
SUVIDHAA,SUVIDHAA INFOSERVE LIMITED,Regulation 7 (2),,2026-08-26,,,,,,,,,https://nsearchives.nseindia.com/corporate/ixbrl/IT_19313_20260826_194100413_WEB.html,,,,,,,,,,,,,,
SUVIDHAA,SUVIDHAA INFOSERVE LIMITED,Regulation 7 (2),,2026-08-26,,,,,,,,,https://nsearchives.nseindia.com/corporate/ixbrl/IT_19313_20260826_194100413_WEB.html,,,,,,,,,,,,,,
SUVIDHAA,SUVIDHAA INFOSERVE LIMITED,Regulation 7 (2),,2026-08-26,,,,,,,,,https://nsearchives.nseindia.com/corporate/ixbrl/IT_19313_20260826_194100413_WEB.html,,,,,,,,,,,,,,
EVEREADY,EVEREADY INDUSTRIES INDIA LIMITED,Regulation 7 (2),,2026-08-26,,,,,,,,,https://nsearchives.nseindia.com/corporate/ixbrl/IT_2275_20260826_184257662_WEB.html,,,,,,,,,,,,,,
AURIONPRO,AURIONPRO SOLUTIONS LIMITED,Regulation 7 (2),,2026-08-26,,,,,,,,,https://nsearchives.nseindia.com/corporate/ixbrl/IT_2329_20260826_191446336_WEB.html,,,,,,,,,,,,,,
CENTUM,CENTUM ELECTRONICS LIMITED,Regulation 7 (2),,2026-08-26,,,,,,,,,https://nsearchives.nseindia.com/corporate/ixbrl/IT_2659_20260826_184918722_WEB.html,,,,,,,,,,,,,,
CENTUM,CENTUM ELECTRONICS LIMITED,Regulation 7 (2),,2026-08-26,,,,,,,,,https://nsearchives.nseindia.com/corporate/ixbrl/IT_2659_20260826_184918722_WEB.html,,,,,,,,,,,,,,
CENTUM,CENTUM ELECTRONICS LIMITED,Regulation 7 (2),,2026-08-26,,,,,,,,,https://nsearchives.nseindia.com/corporate/ixbrl/IT_2659_20260826_184918722_WEB.html,,,,,,,,,,,,,,
CENTUM,CENTUM ELECTRONICS LIMITED,Regulation 7 (2),,2026-08-26,,,,,,,,,https://nsearchives.nseindia.com/corporate/ixbrl/IT_2659_20260826_184918722_WEB.html,,,,,,,,,,,,,,
EVEREADY,EVEREADY INDUSTRIES INDIA LIMITED,Regulation 7 (2),,2026-08-26,,,,,,,,,https://nsearchives.nseindia.com/corporate/ixbrl/IT_2275_20260826_183710294_WEB.html,,,,,,,,,,,,,,
WABAG,VA TECH WABAG LIMITED,Regulation 7 (2),,2026-08-26,,,,,,,,,https://nsearchives.nseindia.com/corporate/ixbrl/IT_3630_20260826_172802363_WEB.html,,,,,,,,,,,,,,
CENTUM,CENTUM ELECTRONICS LIMITED,Regulation 7 (2),,2026-08-26,,,,,,,,,https://nsearchives.nseindia.com/corporate/ixbrl/IT_2659_20260826_184953370_WEB.html,,,,,,,,,,,,,,
CENTUM,CENTUM ELECTRONICS LIMITED,Regulation 7 (2),,2026-08-26,,,,,,,,,https://nsearchives.nseindia.com/corporate/ixbrl/IT_2659_20260826_184953370_WEB.html,,,,,,,,,,,,,,
CENTUM,CENTUM ELECTRONICS LIMITED,Regulation 7 (2),,2026-08-26,,,,,,,,,https://nsearchives.nseindia.com/corporate/ixbrl/IT_2659_20260826_184953370_WEB.html,,,,,,,,,,,,,,
CENTUM,CENTUM ELECTRONICS LIMITED,Regulation 7 (2),,2026-08-26,,,,,,,,,https://nsearchives.nseindia.com/corporate/ixbrl/IT_2659_20260826_184953370_WEB.html,,,,,,,,,,,,,,
BCONCEPTS,BRAND CONCEPTS LIMITED,Regulation 7 (2),,2026-08-26,,,,,,,,,https://nsearchives.nseindia.com/corporate/ixbrl/IT_15702_20260826_172352293_WEB.html,,,,,,,,,,,,,,
LIBAS,Libas Consumer Products Limited,Regulation 7 (2),,2026-08-24,,,,,,,,,https://nsearchives.nseindia.com/corporate/ixbrl/IT_14456_20260826_165855257_WEB.html,,,,,,,,,,,,,,
ECLERX,eClerx Services Ltd,Regulation 7 (2),,2026-08-26,,,,,,,,,https://nsearchives.nseindia.com/corporate/ixbrl/IT_2698_20260826_184128276_WEB.html,,,,,,,,,,,,,,
ECLERX,eClerx Services Ltd,Regulation 7 (2),,2026-08-26,,,,,,,,,https://nsearchives.nseindia.com/corporate/ixbrl/IT_2698_20260826_184128276_WEB.html,,,,,,,,,,,,,,
ECLERX,eClerx Services Ltd,Regulation 7 (2),,2026-08-26,,,,,,,,,https://nsearchives.nseindia.com/corporate/ixbrl/IT_2698_20260826_184128276_WEB.html,,,,,,,,,,,,,,
APOLLOHOSP,APOLLO HOSPITALS ENTERPRISE LIMITED,Regulation 7 (2),,2026-08-26,,,,,,,,,https://nsearchives.nseindia.com/corporate/ixbrl/IT_417_20260826_174044314_WEB.html,,,,,,,,,,,,,,
SILVERTUC,SILVER TOUCH TECHNOLOGIES LIMITED,Regulation 7 (2),,2026-08-26,,,,,,,,,https://nsearchives.nseindia.com/corporate/ixbrl/IT_15598_20260826_163421280_WEB.html,,,,,,,,,,,,,,
SHREYANIND,SHREYANS INDUSTRIES LIMITED,Regulation 7 (2),,2026-08-26,,,,,,,,,https://nsearchives.nseindia.com/corporate/ixbrl/IT_399_20260826_165932779_WEB.html,,,,,,,,,,,,,,
WSI,W S Industries (I) Limited,Regulation 7 (2),,2026-08-26,,,,,,,,,https://nsearchives.nseindia.com/corporate/ixbrl/IT_587_20260826_173943981_WEB.html,,,,,,,,,,,,,,
HNDFDS,HINDUSTAN FOODS LIMITED,Regulation 7 (2),,2026-08-26,,,,,,,,,https://nsearchives.nseindia.com/corporate/ixbrl/IT_17576_20260826_162308558_WEB.html,,,,,,,,,,,,,,
HCLTECH,HCL Technologies Limited,Regulation 7 (2),,2026-08-26,,,,,,,,,https://nsearchives.nseindia.com/corporate/ixbrl/IT_1828_20260826_162711122_WEB.html,,,,,,,,,,,,,,
HCLTECH,HCL Technologies Limited,Regulation 7 (2),,2026-08-26,,,,,,,,,https://nsearchives.nseindia.com/corporate/ixbrl/IT_1828_20260826_162711122_WEB.html,,,,,,,,,,,,,,
HCLTECH,HCL Technologies Limited,Regulation 7 (2),,2026-08-26,,,,,,,,,https://nsearchives.nseindia.com/corporate/ixbrl/IT_1828_20260826_162711122_WEB.html,,,,,,,,,,,,,,
HCLTECH,HCL Technologies Limited,Regulation 7 (2),,2026-08-26,,,,,,,,,https://nsearchives.nseindia.com/corporate/ixbrl/IT_1828_20260826_162711122_WEB.html,,,,,,,,,,,,,,
SILVERTUC,SILVER TOUCH TECHNOLOGIES LIMITED,Regulation 7 (2),,2026-08-26,,,,,,,,,https://nsearchives.nseindia.com/corporate/ixbrl/IT_15598_20260826_163212172_WEB.html,,,,,,,,,,,,,,
BLBLIMITED,BLB LIMITED,Regulation 7 (2),,2026-08-26,,,,,,,,,https://nsearchives.nseindia.com/corporate/ixbrl/IT_1893_20260826_152536610_WEB.html,,,,,,,,,,,,,,
TAINWALCHM,TAINWALA CHEMICALS AND PLASTICS (INDIA) LIMITED,Regulation 7 (2),,2026-08-26,,,,,,,,,https://nsearchives.nseindia.com/corporate/ixbrl/IT_481_20260826_150832299_WEB.html,,,,,,,,,,,,,,
GFLLIMITED,GFL LIMITED,Regulation 7 (2),,2026-08-26,,,,,,,,,https://nsearchives.nseindia.com/corporate/ixbrl/IT_198_20260826_134440827_WEB.html,,,,,,,,,,,,,,
GFLLIMITED,GFL LIMITED,Regulation 7 (2),,2026-08-26,,,,,,,,,https://nsearchives.nseindia.com/corporate/ixbrl/IT_198_20260826_134440827_WEB.html,,,,,,,,,,,,,,
BHAGERIA,Bhageria Industries Limited,Regulation 7 (2),,2026-08-26,,,,,,,,,https://nsearchives.nseindia.com/corporate/ixbrl/IT_13498_20260826_153544422_WEB.html,,,,,,,,,,,,,,
INFY,Infosys Limited,Regulation 7 (2),,2026-08-26,,,,,,,,,https://nsearchives.nseindia.com/corporate/ixbrl/IT_180_20260826_161630178_WEB.html,,,,,,,,,,,,,,
INFY,Infosys Limited,Regulation 7 (2),,2026-08-26,,,,,,,,,https://nsearchives.nseindia.com/corporate/ixbrl/IT_180_20260826_161630178_WEB.html,,,,,,,,,,,,,,
INFY,Infosys Limited,Regulation 7 (2),,2026-08-26,,,,,,,,,https://nsearchives.nseindia.com/corporate/ixbrl/IT_180_20260826_161630178_WEB.html,,,,,,,,,,,,,,
NATCOPHARM,NATCO PHARMA LIMITED,Regulation 7 (2),,2026-08-26,,,,,,,,,https://nsearchives.nseindia.com/corporate/ixbrl/IT_1299_20260826_132233821_WEB.html,,,,,,,,,,,,,,
SANGAMIND,SANGAM (INDIA) LIMITED,Regulation 7 (2),,2026-08-26,,,,,,,,,https://nsearchives.nseindia.com/corporate/ixbrl/IT_1381_20260826_122001022_WEB.html,,,,,,,,,,,,,,
SANGAMIND,SANGAM (INDIA) LIMITED,Regulation 7 (2),,2026-08-26,,,,,,,,,https://nsearchives.nseindia.com/corporate/ixbrl/IT_1381_20260826_122001022_WEB.html,,,,,,,,,,,,,,
SANGAMIND,SANGAM (INDIA) LIMITED,Regulation 7 (2),,2026-08-26,,,,,,,,,https://nsearchives.nseindia.com/corporate/ixbrl/IT_1381_20260826_122001022_WEB.html,,,,,,,,,,,,,,
SANGAMIND,SANGAM (INDIA) LIMITED,Regulation 7 (2),,2026-08-26,,,,,,,,,https://nsearchives.nseindia.com/corporate/ixbrl/IT_1381_20260826_145354435_WEB.html,,,,,,,,,,,,,,
GOKUL,GOKUL REFOILS AND SOLVENT LIMITED,Regulation 7 (2),,2026-08-25,,,,,,,,,https://nsearchives.nseindia.com/corporate/ixbrl/IT_2754_20260826_120353444_WEB.html,,,,,,,,,,,,,,
GOKUL,GOKUL REFOILS AND SOLVENT LIMITED,Regulation 7 (2),,2026-08-25,,,,,,,,,https://nsearchives.nseindia.com/corporate/ixbrl/IT_2754_20260826_120353444_WEB.html,,,,,,,,,,,,,,
AVONMORE,AVONMORE CAPITAL & MANAGEMENT SERVICES  LIMITED,Regulation 7 (2),,2026-08-26,,,,,,,,,https://nsearchives.nseindia.com/corporate/ixbrl/IT_20397_20260826_103522339_WEB.html,,,,,,,,,,,,,,
CHEMBONDCH,CHEMBOND CHEMICALS LIMITED,Regulation 7 (2),,2026-08-26,,,,,,,,,https://nsearchives.nseindia.com/corporate/ixbrl/IT_26029_20260826_100610592_WEB.html,,,,,,,,,,,,,,
IDEAFORGE,ideaForge Technology Limited,Regulation 7 (2),,2026-08-26,,,,,,,,,https://nsearchives.nseindia.com/corporate/ixbrl/IT_21638_20260826_105746332_WEB.html,,,,,,,,,,,,,,
ZENSARTECH,ZENSAR TECHNOLOGIES LIMITED,Regulation 7 (2),,2026-08-26,,,,,,,,,https://nsearchives.nseindia.com/corporate/ixbrl/IT_476_20260826_094058666_WEB.html,,,,,,,,,,,,,,
NAUKRI,Info Edge (India) Limited,Regulation 7 (2),,2026-08-22,,,,,,,,,https://nsearchives.nseindia.com/corporate/ixbrl/IT_2460_20260825_194907990_WEB.html,,,,,,,,,,,,,,
NAUKRI,Info Edge (India) Limited,Regulation 7 (2),,2026-08-22,,,,,,,,,https://nsearchives.nseindia.com/corporate/ixbrl/IT_2460_20260825_194907990_WEB.html,,,,,,,,,,,,,,
NAUKRI,Info Edge (India) Limited,Regulation 7 (2),,2026-08-22,,,,,,,,,https://nsearchives.nseindia.com/corporate/ixbrl/IT_2460_20260825_194907990_WEB.html,,,,,,,,,,,,,,
GNA,GNA AXLES LIMITED,Regulation 7 (2),,2026-08-26,,,,,,,,,https://nsearchives.nseindia.com/corporate/ixbrl/IT_14236_20260826_130604337_WEB.html,,,,,,,,,,,,,,
RUBICON,RUBICON RESEARCH LIMITED,Regulation 7 (2),,2026-08-25,,,,,,,,,https://nsearchives.nseindia.com/corporate/ixbrl/IT_24193_20260825_192303756_WEB.html,,,,,,,,,,,,,,
RUBICON,RUBICON RESEARCH LIMITED,Regulation 7 (2),,2026-08-25,,,,,,,,,https://nsearchives.nseindia.com/corporate/ixbrl/IT_24193_20260825_192303756_WEB.html,,,,,,,,,,,,,,
GNA,GNA AXLES LIMITED,Regulation 7 (2),,2026-08-26,,,,,,,,,https://nsearchives.nseindia.com/corporate/ixbrl/IT_14236_20260826_131013087_WEB.html,,,,,,,,,,,,,,
LANDMARK,Landmark Cars Limited,Regulation 7 (2),,2026-08-25,,,,,,,,,https://nsearchives.nseindia.com/corporate/ixbrl/IT_20392_20260825_190423688_WEB.html,,,,,,,,,,,,,,
LANDMARK,Landmark Cars Limited,Regulation 7 (2),,2026-08-25,,,,,,,,,https://nsearchives.nseindia.com/corporate/ixbrl/IT_20392_20260825_190423688_WEB.html,,,,,,,,,,,,,,
LANDMARK,Landmark Cars Limited,Regulation 7 (2),,2026-08-25,,,,,,,,,https://nsearchives.nseindia.com/corporate/ixbrl/IT_20392_20260825_190423688_WEB.html,,,,,,,,,,,,,,
TIGERLOGS,Tiger Logistics (India) Limited,Regulation 7 (2),,2026-08-25,,,,,,,,,https://nsearchives.nseindia.com/corporate/ixbrl/IT_26474_20260825_191921374_WEB.html,,,,,,,,,,,,,,
LANDMARK,Landmark Cars Limited,Regulation 7 (2),,2026-08-25,,,,,,,,,https://nsearchives.nseindia.com/corporate/ixbrl/IT_20392_20260825_190408697_WEB.html,,,,,,,,,,,,,,
STEL,STEL HOLDINGS LIMITED,Regulation 7 (2),,2026-08-25,,,,,,,,,https://nsearchives.nseindia.com/corporate/ixbrl/IT_4020_20260825_205144388_WEB.html,,,,,,,,,,,,,,
STEL,STEL HOLDINGS LIMITED,Regulation 7 (2),,2026-08-25,,,,,,,,,https://nsearchives.nseindia.com/corporate/ixbrl/IT_4020_20260825_205144388_WEB.html,,,,,,,,,,,,,,
STEL,STEL HOLDINGS LIMITED,Regulation 7 (2),,2026-08-25,,,,,,,,,https://nsearchives.nseindia.com/corporate/ixbrl/IT_4020_20260825_205144388_WEB.html,,,,,,,,,,,,,,
STEL,STEL HOLDINGS LIMITED,Regulation 7 (2),,2026-08-25,,,,,,,,,https://nsearchives.nseindia.com/corporate/ixbrl/IT_4020_20260825_205144388_WEB.html,,,,,,,,,,,,,,
GRAVITA,GRAVITA INDIA LIMITED,Regulation 7 (2),,2026-08-25,,,,,,,,,https://nsearchives.nseindia.com/corporate/ixbrl/IT_3733_20260825_185420420_WEB.html,,,,,,,,,,,,,,
GRAVITA,GRAVITA INDIA LIMITED,Regulation 7 (2),,2026-08-25,,,,,,,,,https://nsearchives.nseindia.com/corporate/ixbrl/IT_3733_20260825_185420420_WEB.html,,,,,,,,,,,,,,
GFLLIMITED,GFL LIMITED,Regulation 7 (2),,2026-08-26,,,,,,,,,https://nsearchives.nseindia.com/corporate/ixbrl/IT_198_20260826_134406863_WEB.html,,,,,,,,,,,,,,
GFLLIMITED,GFL LIMITED,Regulation 7 (2),,2026-08-26,,,,,,,,,https://nsearchives.nseindia.com/corporate/ixbrl/IT_198_20260826_134406863_WEB.html,,,,,,,,,,,,,,
JSWSTEEL,JSW STEEL LIMITED,Regulation 7 (2),,2026-08-25,,,,,,,,,https://nsearchives.nseindia.com/corporate/ixbrl/IT_2266_20260825_181102407_WEB.html,,,,,,,,,,,,,,
JSWSTEEL,JSW STEEL LIMITED,Regulation 7 (2),,2026-08-25,,,,,,,,,https://nsearchives.nseindia.com/corporate/ixbrl/IT_2266_20260825_181102407_WEB.html,,,,,,,,,,,,,,
JSWSTEEL,JSW STEEL LIMITED,Regulation 7 (2),,2026-08-25,,,,,,,,,https://nsearchives.nseindia.com/corporate/ixbrl/IT_2266_20260825_181102407_WEB.html,,,,,,,,,,,,,,
JSWSTEEL,JSW STEEL LIMITED,Regulation 7 (2),,2026-08-25,,,,,,,,,https://nsearchives.nseindia.com/corporate/ixbrl/IT_2266_20260825_181102407_WEB.html,,,,,,,,,,,,,,
JSWSTEEL,JSW STEEL LIMITED,Regulation 7 (2),,2026-08-25,,,,,,,,,https://nsearchives.nseindia.com/corporate/ixbrl/IT_2266_20260825_181102407_WEB.html,,,,,,,,,,,,,,
JSWSTEEL,JSW STEEL LIMITED,Regulation 7 (2),,2026-08-25,,,,,,,,,https://nsearchives.nseindia.com/corporate/ixbrl/IT_2266_20260825_181102407_WEB.html,,,,,,,,,,,,,,
JSWSTEEL,JSW STEEL LIMITED,Regulation 7 (2),,2026-08-25,,,,,,,,,https://nsearchives.nseindia.com/corporate/ixbrl/IT_2266_20260825_181102407_WEB.html,,,,,,,,,,,,,,
JSWSTEEL,JSW STEEL LIMITED,Regulation 7 (2),,2026-08-25,,,,,,,,,https://nsearchives.nseindia.com/corporate/ixbrl/IT_2266_20260825_181102407_WEB.html,,,,,,,,,,,,,,
JSWSTEEL,JSW STEEL LIMITED,Regulation 7 (2),,2026-08-25,,,,,,,,,https://nsearchives.nseindia.com/corporate/ixbrl/IT_2266_20260825_181102407_WEB.html,,,,,,,,,,,,,,
JSWSTEEL,JSW STEEL LIMITED,Regulation 7 (2),,2026-08-25,,,,,,,,,https://nsearchives.nseindia.com/corporate/ixbrl/IT_2266_20260825_181102407_WEB.html,,,,,,,,,,,,,,
JSWSTEEL,JSW STEEL LIMITED,Regulation 7 (2),,2026-08-25,,,,,,,,,https://nsearchives.nseindia.com/corporate/ixbrl/IT_2266_20260825_181102407_WEB.html,,,,,,,,,,,,,,
JSWSTEEL,JSW STEEL LIMITED,Regulation 7 (2),,2026-08-25,,,,,,,,,https://nsearchives.nseindia.com/corporate/ixbrl/IT_2266_20260825_181102407_WEB.html,,,,,,,,,,,,,,
JSWSTEEL,JSW STEEL LIMITED,Regulation 7 (2),,2026-08-25,,,,,,,,,https://nsearchives.nseindia.com/corporate/ixbrl/IT_2266_20260825_181102407_WEB.html,,,,,,,,,,,,,,
TTL,T T LIMITED,Regulation 7 (2),,2026-08-25,,,,,,,,,https://nsearchives.nseindia.com/corporate/ixbrl/IT_2534_20260825_175212686_WEB.html,,,,,,,,,,,,,,
WABAG,VA TECH WABAG LIMITED,Regulation 7 (2),,2026-08-25,,,,,,,,,https://nsearchives.nseindia.com/corporate/ixbrl/IT_3630_20260825_185845998_WEB.html,,,,,,,,,,,,,,
NCLIND,NCL INDUSTRIES LIMITED,Regulation 7 (2),,2026-08-25,,,,,,,,,https://nsearchives.nseindia.com/corporate/ixbrl/IT_2568_20260825_174909840_WEB.html,,,,,,,,,,,,,,
NCLIND,NCL INDUSTRIES LIMITED,Regulation 7 (2),,2026-08-25,,,,,,,,,https://nsearchives.nseindia.com/corporate/ixbrl/IT_2568_20260825_174909840_WEB.html,,,,,,,,,,,,,,
JUBLINGREA,JUBILANT INGREVIA LIMITED,Regulation 7 (2),,2026-08-25,,,,,,,,,https://nsearchives.nseindia.com/corporate/ixbrl/IT_19288_20260825_182720355_WEB.html,,,,,,,,,,,,,,
PKTEA,THE PERIA KARAMALAI TEA & PRODUCE COMPANY LIMITED,Regulation 7 (2),,2026-08-25,,,,,,,,,https://nsearchives.nseindia.com/corporate/ixbrl/IT_12988_20260825_171133852_WEB.html,,,,,,,,,,,,,,
BHAGERIA,Bhageria Industries Limited,Regulation 7 (2),,2026-08-25,,,,,,,,,https://nsearchives.nseindia.com/corporate/ixbrl/IT_13498_20260825_165512735_WEB.html,,,,,,,,,,,,,,
WSTCSTPAPR,WEST COAST PAPER MILLS LIMITED,Regulation 7 (2),,2026-08-25,,,,,,,,,https://nsearchives.nseindia.com/corporate/ixbrl/IT_991_20260825_164812028_WEB.html,,,,,,,,,,,,,,
IONEXCHANG,ION EXCHANGE (INDIA) LIMITED,Regulation 7 (2),,2026-08-25,,,,,,,,,https://nsearchives.nseindia.com/corporate/ixbrl/IT_185_20260825_174326419_WEB.html,,,,,,,,,,,,,,
IONEXCHANG,ION EXCHANGE (INDIA) LIMITED,Regulation 7 (2),,2026-08-25,,,,,,,,,https://nsearchives.nseindia.com/corporate/ixbrl/IT_185_20260825_174326419_WEB.html,,,,,,,,,,,,,,
BIL,BHARTIYA INTERNATIONAL LIMITED,Regulation 7 (2),,2026-08-25,,,,,,,,,https://nsearchives.nseindia.com/corporate/ixbrl/IT_1877_20260825_162722376_WEB.html,,,,,,,,,,,,,,
BIL,BHARTIYA INTERNATIONAL LIMITED,Regulation 7 (2),,2026-08-25,,,,,,,,,https://nsearchives.nseindia.com/corporate/ixbrl/IT_1877_20260825_162722376_WEB.html,,,,,,,,,,,,,,
BHARATGEAR,Bharat Gears Limited,Regulation 7 (2),,2026-08-25,,,,,,,,,https://nsearchives.nseindia.com/corporate/ixbrl/IT_1253_20260825_161245656_WEB.html,,,,,,,,,,,,,,
PATINTLOG,Patel Integrated Logistics Limited,Regulation 7 (2),,2026-08-25,,,,,,,,,https://nsearchives.nseindia.com/corporate/ixbrl/IT_2705_20260825_161210887_WEB.html,,,,,,,,,,,,,,
PATINTLOG,Patel Integrated Logistics Limited,Regulation 7 (2),,2026-08-25,,,,,,,,,https://nsearchives.nseindia.com/corporate/ixbrl/IT_2705_20260825_161210887_WEB.html,,,,,,,,,,,,,,
LALPATHLAB,DR. LAL PATHLABS LIMITED,Regulation 7 (2),,2026-08-25,,,,,,,,,https://nsearchives.nseindia.com/corporate/ixbrl/IT_13310_20260825_165645081_WEB.html,,,,,,,,,,,,,,
LALPATHLAB,DR. LAL PATHLABS LIMITED,Regulation 7 (2),,2026-08-25,,,,,,,,,https://nsearchives.nseindia.com/corporate/ixbrl/IT_13310_20260825_165645081_WEB.html,,,,,,,,,,,,,,
BHARATGEAR,Bharat Gears Limited,Regulation 7 (2),,2026-08-25,,,,,,,,,https://nsearchives.nseindia.com/corporate/ixbrl/IT_1253_20260825_160818333_WEB.html,,,,,,,,,,,,,,
FSL,Firstsource Solutions Limited,Regulation 7 (2),,2026-08-25,,,,,,,,,https://nsearchives.nseindia.com/corporate/ixbrl/IT_2535_20260825_160526850_WEB.html,,,,,,,,,,,,,,
FSL,Firstsource Solutions Limited,Regulation 7 (2),,2026-08-25,,,,,,,,,https://nsearchives.nseindia.com/corporate/ixbrl/IT_2535_20260825_160526850_WEB.html,,,,,,,,,,,,,,
VPRPL,VISHNU PRAKASH R PUNGLIA LIMITED,Regulation 7 (2),,2026-08-25,,,,,,,,,https://nsearchives.nseindia.com/corporate/ixbrl/IT_21894_20260825_173638374_WEB.html,,,,,,,,,,,,,,
NAM-INDIA,Nippon Life India Asset Management Limited,Regulation 7 (2),,2026-08-25,,,,,,,,,https://nsearchives.nseindia.com/corporate/ixbrl/IT_15552_20260825_155420346_WEB.html,,,,,,,,,,,,,,
NAM-INDIA,Nippon Life India Asset Management Limited,Regulation 7 (2),,2026-08-25,,,,,,,,,https://nsearchives.nseindia.com/corporate/ixbrl/IT_15552_20260825_155420346_WEB.html,,,,,,,,,,,,,,
NAM-INDIA,Nippon Life India Asset Management Limited,Regulation 7 (2),,2026-08-25,,,,,,,,,https://nsearchives.nseindia.com/corporate/ixbrl/IT_15552_20260825_155420346_WEB.html,,,,,,,,,,,,,,
NAM-INDIA,Nippon Life India Asset Management Limited,Regulation 7 (2),,2026-08-25,,,,,,,,,https://nsearchives.nseindia.com/corporate/ixbrl/IT_15552_20260825_155420346_WEB.html,,,,,,,,,,,,,,
NAM-INDIA,Nippon Life India Asset Management Limited,Regulation 7 (2),,2026-08-25,,,,,,,,,https://nsearchives.nseindia.com/corporate/ixbrl/IT_15552_20260825_155420346_WEB.html,,,,,,,,,,,,,,
NAM-INDIA,Nippon Life India Asset Management Limited,Regulation 7 (2),,2026-08-25,,,,,,,,,https://nsearchives.nseindia.com/corporate/ixbrl/IT_15552_20260825_155420346_WEB.html,,,,,,,,,,,,,,
KPITTECH,KPIT TECHNOLOGIES LIMITED,Regulation 7 (2),,2026-08-25,,,,,,,,,https://nsearchives.nseindia.com/corporate/ixbrl/IT_17417_20260825_160622392_WEB.html,,,,,,,,,,,,,,
HINDCON,Hindcon Chemicals Limited,Regulation 7 (2),,2026-08-25,,,,,,,,,https://nsearchives.nseindia.com/corporate/ixbrl/IT_15847_20260825_154420438_WEB.html,,,,,,,,,,,,,,
THANGAMAYL,THANGAMAYIL JEWELLERY LIMITED,Regulation 7 (2),,2026-08-25,,,,,,,,,https://nsearchives.nseindia.com/corporate/ixbrl/IT_3067_20260825_144356651_WEB.html,,,,,,,,,,,,,,
ALKYLAMINE,ALKYL AMINES CHEMICALS LIMITED,Regulation 7 (2),,2026-08-25,,,,,,,,,https://nsearchives.nseindia.com/corporate/ixbrl/IT_1527_20260825_144034509_WEB.html,,,,,,,,,,,,,,
MAZDA,MAZDA LIMITED,Regulation 7 (2),,2026-08-25,,,,,,,,,https://nsearchives.nseindia.com/corporate/ixbrl/IT_14337_20260825_154919989_WEB.html,,,,,,,,,,,,,,
PANACEABIO,Panacea Biotec Limited,Regulation 7 (2),,2026-08-25,,,,,,,,,https://nsearchives.nseindia.com/corporate/ixbrl/IT_1350_20260825_143412508_WEB.html,,,,,,,,,,,,,,
INDOMIM,INDO-MIM Limited,Regulation 7 (2),,2026-08-25,,,,,,,,,https://nsearchives.nseindia.com/corporate/ixbrl/IT_27036_20260825_124438392_WEB.html,,,,,,,,,,,,,,
INDOMIM,INDO-MIM Limited,Regulation 7 (2),,2026-08-25,,,,,,,,,https://nsearchives.nseindia.com/corporate/ixbrl/IT_27036_20260825_124438392_WEB.html,,,,,,,,,,,,,,
INDOMIM,INDO-MIM Limited,Regulation 7 (2),,2026-08-25,,,,,,,,,https://nsearchives.nseindia.com/corporate/ixbrl/IT_27036_20260825_124438392_WEB.html,,,,,,,,,,,,,,
INDOMIM,INDO-MIM Limited,Regulation 7 (2),,2026-08-25,,,,,,,,,https://nsearchives.nseindia.com/corporate/ixbrl/IT_27036_20260825_124438392_WEB.html,,,,,,,,,,,,,,
PATINTLOG,Patel Integrated Logistics Limited,Regulation 7 (2),,2026-08-25,,,,,,,,,https://nsearchives.nseindia.com/corporate/ixbrl/IT_2705_20260825_161620576_WEB.html,,,,,,,,,,,,,,
PATINTLOG,Patel Integrated Logistics Limited,Regulation 7 (2),,2026-08-25,,,,,,,,,https://nsearchives.nseindia.com/corporate/ixbrl/IT_2705_20260825_161620576_WEB.html,,,,,,,,,,,,,,
GOKUL,GOKUL REFOILS AND SOLVENT LIMITED,Regulation 7 (2),,2026-08-24,,,,,,,,,https://nsearchives.nseindia.com/corporate/ixbrl/IT_2754_20260825_124910470_WEB.html,,,,,,,,,,,,,,
GOKUL,GOKUL REFOILS AND SOLVENT LIMITED,Regulation 7 (2),,2026-08-24,,,,,,,,,https://nsearchives.nseindia.com/corporate/ixbrl/IT_2754_20260825_124910470_WEB.html,,,,,,,,,,,,,,
LANDMARK,Landmark Cars Limited,Regulation 7 (2),,2026-08-25,,,,,,,,,https://nsearchives.nseindia.com/corporate/ixbrl/IT_20392_20260825_190414559_WEB.html,,,,,,,,,,,,,,There is a reconciliation error in the submission.
VSTL,VIBHOR STEEL TUBES LIMITED,Regulation 7 (2),,2026-08-25,,,,,,,,,https://nsearchives.nseindia.com/corporate/ixbrl/IT_22607_20260825_121511740_WEB.html,,,,,,,,,,,,,,
SWARAJ,SWARAJ SUITING LIMITED,Regulation 7 (2),,2026-08-24,,,,,,,,,https://nsearchives.nseindia.com/corporate/ixbrl/IT_20487_20260824_234001650_WEB.html,,,,,,,,,,,,,,
SWARAJ,SWARAJ SUITING LIMITED,Regulation 7 (2),,2026-08-24,,,,,,,,,https://nsearchives.nseindia.com/corporate/ixbrl/IT_20487_20260824_234001650_WEB.html,,,,,,,,,,,,,,
AVONMORE,AVONMORE CAPITAL & MANAGEMENT SERVICES  LIMITED,Regulation 7 (2),,2026-08-25,,,,,,,,,https://nsearchives.nseindia.com/corporate/ixbrl/IT_20397_20260825_115724415_WEB.html,,,,,,,,,,,,,,
SIGIND,Signet Industries Limited,Regulation 7 (2),,2026-08-24,,,,,,,,,https://nsearchives.nseindia.com/corporate/ixbrl/IT_16593_20260824_215651526_WEB.html,,,,,,,,,,,,,,
ZYDUSWELL,ZYDUS WELLNESS LIMITED,Regulation 7 (2),,2026-08-24,,,,,,,,,https://nsearchives.nseindia.com/corporate/ixbrl/IT_2952_20260824_215350235_WEB.html,,,,,,,,,,,,,,
STERTOOLS,STERLING TOOLS LIMITED,Regulation 7 (2),,2026-08-24,,,,,,,,,https://nsearchives.nseindia.com/corporate/ixbrl/IT_1404_20260824_210417375_WEB.html,,,,,,,,,,,,,,
STERTOOLS,STERLING TOOLS LIMITED,Regulation 7 (2),,2026-08-24,,,,,,,,,https://nsearchives.nseindia.com/corporate/ixbrl/IT_1404_20260824_210417375_WEB.html,,,,,,,,,,,,,,
ZYDUSLIFE,ZYDUS LIFESCIENCES LIMITED,Regulation 7 (2),,2026-08-24,,,,,,,,,https://nsearchives.nseindia.com/corporate/ixbrl/IT_1852_20260824_194540033_WEB.html,,,,,,,,,,,,,,
SIGIND,Signet Industries Limited,Regulation 7 (2),,2026-08-24,,,,,,,,,https://nsearchives.nseindia.com/corporate/ixbrl/IT_16593_20260824_215430244_WEB.html,,,,,,,,,,,,,,
CONFIPET,CONFIDENCE PETROLEUM INDIA LIMITED,Regulation 7 (2),,2026-08-24,,,,,,,,,https://nsearchives.nseindia.com/corporate/ixbrl/IT_17510_20260824_194135252_WEB.html,,,,,,,,,,,,,,
CONFIPET,CONFIDENCE PETROLEUM INDIA LIMITED,Regulation 7 (2),,2026-08-24,,,,,,,,,https://nsearchives.nseindia.com/corporate/ixbrl/IT_17510_20260824_193439888_WEB.html,,,,,,,,,,,,,,
KRISHANA,Krishana Phoschem Limited,Regulation 7 (2),,2026-08-24,,,,,,,,,https://nsearchives.nseindia.com/corporate/ixbrl/IT_14570_20260824_194020760_WEB.html,,,,,,,,,,,,,,
KRISHANA,Krishana Phoschem Limited,Regulation 7 (2),,2026-08-24,,,,,,,,,https://nsearchives.nseindia.com/corporate/ixbrl/IT_14570_20260824_194020760_WEB.html,,,,,,,,,,,,,,
CONFIPET,CONFIDENCE PETROLEUM INDIA LIMITED,Regulation 7 (2),,2026-06-30,,,,,,,,,https://nsearchives.nseindia.com/corporate/ixbrl/IT_17510_20260824_193418510_WEB.html,,,,,,,,,,,,,,
KDDL,KDDL LIMITED,Regulation 7 (2),,2026-08-25,,,,,,,,,https://nsearchives.nseindia.com/corporate/ixbrl/IT_13614_20260825_103648588_WEB.html,,,,,,,,,,,,,,
ECLERX,eClerx Services Ltd,Regulation 7 (2),,2026-08-24,,,,,,,,,https://nsearchives.nseindia.com/corporate/ixbrl/IT_2698_20260824_183448692_WEB.html,,,,,,,,,,,,,,
NCLIND,NCL INDUSTRIES LIMITED,Regulation 7 (2),,2026-08-24,,,,,,,,,https://nsearchives.nseindia.com/corporate/ixbrl/IT_2568_20260824_192958578_WEB.html,,,,,,,,,,,,,,
NILASPACES,NILA SPACES LIMITED,Regulation 7 (2),,2026-08-24,,,,,,,,,https://nsearchives.nseindia.com/corporate/ixbrl/IT_17088_20260824_182538292_WEB.html,,,,,,,,,,,,,,
PIIND,PI INDUSTRIES LIMITED,Regulation 7 (2),,2026-08-25,,,,,,,,,https://nsearchives.nseindia.com/corporate/ixbrl/IT_4909_20260825_150818474_WEB.html,,,,,,,,,,,,,,
PIIND,PI INDUSTRIES LIMITED,Regulation 7 (2),,2026-08-25,,,,,,,,,https://nsearchives.nseindia.com/corporate/ixbrl/IT_4909_20260825_150818474_WEB.html,,,,,,,,,,,,,,
LIBAS,Libas Consumer Products Limited,Regulation 7 (2),,2026-08-24,,,,,,,,,https://nsearchives.nseindia.com/corporate/ixbrl/IT_14456_20260824_175631786_WEB.html,,,,,,,,,,,,,,
SMSPHARMA,SMS PHARMACEUTICALS LIMITED,Regulation 7 (2),,2026-08-24,,,,,,,,,https://nsearchives.nseindia.com/corporate/ixbrl/IT_2539_20260824_172134094_WEB.html,,,,,,,,,,,,,,
360ONE,360 ONE WAM LIMITED,Regulation 7 (2),,2026-08-25,,,,,,,,,https://nsearchives.nseindia.com/corporate/ixbrl/IT_17593_20260825_120427384_WEB.html,,,,,,,,,,,,,,
360ONE,360 ONE WAM LIMITED,Regulation 7 (2),,2026-08-24,,,,,,,,,https://nsearchives.nseindia.com/corporate/ixbrl/IT_17593_20260824_170712332_WEB.html,,,,,,,,,,,,,,
360ONE,360 ONE WAM LIMITED,Regulation 7 (2),,2026-08-24,,,,,,,,,https://nsearchives.nseindia.com/corporate/ixbrl/IT_17593_20260824_170712332_WEB.html,,,,,,,,,,,,,,
360ONE,360 ONE WAM LIMITED,Regulation 7 (2),,2026-08-24,,,,,,,,,https://nsearchives.nseindia.com/corporate/ixbrl/IT_17593_20260824_170712332_WEB.html,,,,,,,,,,,,,,
360ONE,360 ONE WAM LIMITED,Regulation 7 (2),,2026-08-24,,,,,,,,,https://nsearchives.nseindia.com/corporate/ixbrl/IT_17593_20260824_170712332_WEB.html,,,,,,,,,,,,,,
360ONE,360 ONE WAM LIMITED,Regulation 7 (2),,2026-08-24,,,,,,,,,https://nsearchives.nseindia.com/corporate/ixbrl/IT_17593_20260824_170712332_WEB.html,,,,,,,,,,,,,,
360ONE,360 ONE WAM LIMITED,Regulation 7 (2),,2026-08-24,,,,,,,,,https://nsearchives.nseindia.com/corporate/ixbrl/IT_17593_20260824_170712332_WEB.html,,,,,,,,,,,,,,
BCONCEPTS,BRAND CONCEPTS LIMITED,Regulation 7 (2),,2026-08-24,,,,,,,,,https://nsearchives.nseindia.com/corporate/ixbrl/IT_15702_20260824_183427066_WEB.html,,,,,,,,,,,,,,
EUROPRATIK,Euro Pratik Sales Limited,Regulation 7 (2),,2026-08-24,,,,,,,,,https://nsearchives.nseindia.com/corporate/ixbrl/IT_25276_20260824_165134306_WEB.html,,,,,,,,,,,,,,
EUROPRATIK,Euro Pratik Sales Limited,Regulation 7 (2),,2026-08-24,,,,,,,,,https://nsearchives.nseindia.com/corporate/ixbrl/IT_25276_20260824_165134306_WEB.html,,,,,,,,,,,,,,
EUROPRATIK,Euro Pratik Sales Limited,Regulation 7 (2),,2026-08-24,,,,,,,,,https://nsearchives.nseindia.com/corporate/ixbrl/IT_25276_20260824_165134306_WEB.html,,,,,,,,,,,,,,
INDOWIND,INDOWIND ENERGY LIMITED,Regulation 7 (2),,2026-08-24,,,,,,,,,https://nsearchives.nseindia.com/corporate/ixbrl/IT_2653_20260824_173531869_WEB.html,,,,,,,,,,,,,,
DMART,AVENUE SUPERMARTS LIMITED,Regulation 7 (2),,2026-08-24,,,,,,,,,https://nsearchives.nseindia.com/corporate/ixbrl/IT_14711_20260824_164926670_WEB.html,,,,,,,,,,,,,,
BHAGERIA,Bhageria Industries Limited,Regulation 7 (2),,2026-08-24,,,,,,,,,https://nsearchives.nseindia.com/corporate/ixbrl/IT_13498_20260824_145924397_WEB.html,,,,,,,,,,,,,,
BLUESTONE,BlueStone Jewellery and Lifestyle Limited,Regulation 7 (2),,2026-08-24,,,,,,,,,https://nsearchives.nseindia.com/corporate/ixbrl/IT_25008_20260824_170411019_WEB.html,,,,,,,,,,,,,,
BERGEPAINT,BERGER PAINTS (I) LIMITED,Regulation 7 (2),,2026-08-24,,,,,,,,,https://nsearchives.nseindia.com/corporate/ixbrl/IT_488_20260824_135204497_WEB.html,,,,,,,,,,,,,,
CSLFINANCE,CSL Finance Limited,Regulation 7 (2),,2026-08-24,,,,,,,,,https://nsearchives.nseindia.com/corporate/ixbrl/IT_20784_20260824_122100612_WEB.html,,,,,,,,,,,,,,
CSLFINANCE,CSL Finance Limited,Regulation 7 (2),,2026-08-24,,,,,,,,,https://nsearchives.nseindia.com/corporate/ixbrl/IT_20784_20260824_122100612_WEB.html,,,,,,,,,,,,,,
CSLFINANCE,CSL Finance Limited,Regulation 7 (2),,2026-08-24,,,,,,,,,https://nsearchives.nseindia.com/corporate/ixbrl/IT_20784_20260824_122100612_WEB.html,,,,,,,,,,,,,,
CSLFINANCE,CSL Finance Limited,Regulation 7 (2),,2026-08-24,,,,,,,,,https://nsearchives.nseindia.com/corporate/ixbrl/IT_20784_20260824_122100612_WEB.html,,,,,,,,,,,,,,
CSLFINANCE,CSL Finance Limited,Regulation 7 (2),,2026-08-24,,,,,,,,,https://nsearchives.nseindia.com/corporate/ixbrl/IT_20784_20260824_122100612_WEB.html,,,,,,,,,,,,,,
LALPATHLAB,DR. LAL PATHLABS LIMITED,Regulation 7 (2),,2026-08-24,,,,,,,,,https://nsearchives.nseindia.com/corporate/ixbrl/IT_13310_20260824_180746461_WEB.html,,,,,,,,,,,,,,
LALPATHLAB,DR. LAL PATHLABS LIMITED,Regulation 7 (2),,2026-08-24,,,,,,,,,https://nsearchives.nseindia.com/corporate/ixbrl/IT_13310_20260824_180746461_WEB.html,,,,,,,,,,,,,,
AVONMORE,AVONMORE CAPITAL & MANAGEMENT SERVICES  LIMITED,Regulation 7 (2),,2026-08-24,,,,,,,,,https://nsearchives.nseindia.com/corporate/ixbrl/IT_20397_20260824_101904756_WEB.html,,,,,,,,,,,,,,
CSLFINANCE,CSL Finance Limited,Regulation 7 (2),,2026-08-24,,,,,,,,,https://nsearchives.nseindia.com/corporate/ixbrl/IT_20784_20260824_120758845_WEB.html,,,,,,,,,,,,,,
CSLFINANCE,CSL Finance Limited,Regulation 7 (2),,2026-08-24,,,,,,,,,https://nsearchives.nseindia.com/corporate/ixbrl/IT_20784_20260824_120758845_WEB.html,,,,,,,,,,,,,,
CSLFINANCE,CSL Finance Limited,Regulation 7 (2),,2026-08-24,,,,,,,,,https://nsearchives.nseindia.com/corporate/ixbrl/IT_20784_20260824_120758845_WEB.html,,,,,,,,,,,,,,
CSLFINANCE,CSL Finance Limited,Regulation 7 (2),,2026-08-24,,,,,,,,,https://nsearchives.nseindia.com/corporate/ixbrl/IT_20784_20260824_120758845_WEB.html,,,,,,,,,,,,,,
CSLFINANCE,CSL Finance Limited,Regulation 7 (2),,2026-08-24,,,,,,,,,https://nsearchives.nseindia.com/corporate/ixbrl/IT_20784_20260824_120758845_WEB.html,,,,,,,,,,,,,,
RUCHIRA,RUCHIRA PAPERS LIMITED,Regulation 7 (2),,2026-08-22,,,,,,,,,https://nsearchives.nseindia.com/corporate/ixbrl/IT_2475_20260822_171851453_WEB.html,,,,,,,,,,,,,,
RUCHIRA,RUCHIRA PAPERS LIMITED,Regulation 7 (2),,2026-08-22,,,,,,,,,https://nsearchives.nseindia.com/corporate/ixbrl/IT_2475_20260822_171851453_WEB.html,,,,,,,,,,,,,,
RUCHIRA,RUCHIRA PAPERS LIMITED,Regulation 7 (2),,2026-08-22,,,,,,,,,https://nsearchives.nseindia.com/corporate/ixbrl/IT_2475_20260822_171851453_WEB.html,,,,,,,,,,,,,,
INDOMIM,INDO-MIM Limited,Regulation 7 (2),,2026-08-24,,,,,,,,,https://nsearchives.nseindia.com/corporate/ixbrl/IT_27036_20260824_103806918_WEB.html,,,,,,,,,,,,,,
INDOMIM,INDO-MIM Limited,Regulation 7 (2),,2026-08-24,,,,,,,,,https://nsearchives.nseindia.com/corporate/ixbrl/IT_27036_20260824_103806918_WEB.html,,,,,,,,,,,,,,
JARO,JARO INSTITUTE OF TECHNOLOGY MANAGEMENT AND RESEARCH LIMITED,Regulation 7 (2),,2026-08-22,,,,,,,,,https://nsearchives.nseindia.com/corporate/ixbrl/IT_24645_20260822_175032334_WEB.html,,,,,,,,,,,,,,
SHIVALIK,Shivalik Rasayan Limited,Regulation 7 (3),,2026-08-24,,,,,,,,,https://nsearchives.nseindia.com/corporate/ixbrl/IT_20019_20260824_123447253_WEB.html,,,,,,,,,,,,,,
WSI,W S Industries (I) Limited,Regulation 7 (2),,2026-08-22,,,,,,,,,https://nsearchives.nseindia.com/corporate/ixbrl/IT_587_20260822_163757788_WEB.html,,,,,,,,,,,,,,
WSI,W S Industries (I) Limited,Regulation 7 (2),,2026-08-22,,,,,,,,,https://nsearchives.nseindia.com/corporate/ixbrl/IT_587_20260822_163757788_WEB.html,,,,,,,,,,,,,,
HINDCON,Hindcon Chemicals Limited,Regulation 7 (2),,2026-08-22,,,,,,,,,https://nsearchives.nseindia.com/corporate/ixbrl/IT_15847_20260822_162229535_WEB.html,,,,,,,,,,,,,,
HINDCON,Hindcon Chemicals Limited,Regulation 7 (2),,2026-08-22,,,,,,,,,https://nsearchives.nseindia.com/corporate/ixbrl/IT_15847_20260822_162229535_WEB.html,,,,,,,,,,,,,,
HINDCON,Hindcon Chemicals Limited,Regulation 7 (2),,2026-08-22,,,,,,,,,https://nsearchives.nseindia.com/corporate/ixbrl/IT_15847_20260822_162229535_WEB.html,,,,,,,,,,,,,,
RELTD,Ravindra Energy Limited,Regulation 7 (2),,2026-08-22,,,,,,,,,https://nsearchives.nseindia.com/corporate/ixbrl/IT_23918_20260822_002420334_WEB.html,,,,,,,,,,,,,,Incorrect radio button was selected in last submission
RELTD,Ravindra Energy Limited,Regulation 7 (2),,2026-08-22,,,,,,,,,https://nsearchives.nseindia.com/corporate/ixbrl/IT_23918_20260822_002420334_WEB.html,,,,,,,,,,,,,,Incorrect radio button was selected in last submission
TAINWALCHM,TAINWALA CHEMICALS AND PLASTICS (INDIA) LIMITED,Regulation 7 (2),,2026-08-22,,,,,,,,,https://nsearchives.nseindia.com/corporate/ixbrl/IT_481_20260822_130406340_WEB.html,,,,,,,,,,,,,,
HINDUNILVR,Hindustan Unilever Limited,Regulation 7 (2),,2026-08-21,,,,,,,,,https://nsearchives.nseindia.com/corporate/ixbrl/IT_1232_20260821_232630189_WEB.html,,,,,,,,,,,,,,
HINDUNILVR,Hindustan Unilever Limited,Regulation 7 (2),,2026-08-21,,,,,,,,,https://nsearchives.nseindia.com/corporate/ixbrl/IT_1232_20260821_232630189_WEB.html,,,,,,,,,,,,,,
HINDUNILVR,Hindustan Unilever Limited,Regulation 7 (2),,2026-08-21,,,,,,,,,https://nsearchives.nseindia.com/corporate/ixbrl/IT_1232_20260821_232630189_WEB.html,,,,,,,,,,,,,,
HINDUNILVR,Hindustan Unilever Limited,Regulation 7 (2),,2026-08-21,,,,,,,,,https://nsearchives.nseindia.com/corporate/ixbrl/IT_1232_20260821_232630189_WEB.html,,,,,,,,,,,,,,
RELTD,Ravindra Energy Limited,Regulation 7 (2),,2026-08-21,,,,,,,,,https://nsearchives.nseindia.com/corporate/ixbrl/IT_23918_20260822_001642854_WEB.html,,,,,,,,,,,,,,
RELTD,Ravindra Energy Limited,Regulation 7 (2),,2026-08-21,,,,,,,,,https://nsearchives.nseindia.com/corporate/ixbrl/IT_23918_20260822_001642854_WEB.html,,,,,,,,,,,,,,
RUBICON,RUBICON RESEARCH LIMITED,Regulation 7 (2),,2026-08-21,,,,,,,,,https://nsearchives.nseindia.com/corporate/ixbrl/IT_24193_20260821_213133709_WEB.html,,,,,,,,,,,,,,
TURTLEMINT,Turtlemint Fintech Solutions Limited,Regulation 7 (2),,2026-08-21,,,,,,,,,https://nsearchives.nseindia.com/corporate/ixbrl/IT_26874_20260821_203413304_WEB.html,,,,,,,,,,,,,,
TURTLEMINT,Turtlemint Fintech Solutions Limited,Regulation 7 (2),,2026-08-21,,,,,,,,,https://nsearchives.nseindia.com/corporate/ixbrl/IT_26874_20260821_203413304_WEB.html,,,,,,,,,,,,,,
TURTLEMINT,Turtlemint Fintech Solutions Limited,Regulation 7 (2),,2026-08-21,,,,,,,,,https://nsearchives.nseindia.com/corporate/ixbrl/IT_26874_20260821_203413304_WEB.html,,,,,,,,,,,,,,
TTL,T T LIMITED,Regulation 7 (2),,2026-08-22,,,,,,,,,https://nsearchives.nseindia.com/corporate/ixbrl/IT_2534_20260822_163411819_WEB.html,,,,,,,,,,,,,,
TURTLEMINT,Turtlemint Fintech Solutions Limited,Regulation 7 (2),,2026-08-21,,,,,,,,,https://nsearchives.nseindia.com/corporate/ixbrl/IT_26874_20260821_203704604_WEB.html,,,,,,,,,,,,,,
TURTLEMINT,Turtlemint Fintech Solutions Limited,Regulation 7 (2),,2026-08-21,,,,,,,,,https://nsearchives.nseindia.com/corporate/ixbrl/IT_26874_20260821_203704604_WEB.html,,,,,,,,,,,,,,
TURTLEMINT,Turtlemint Fintech Solutions Limited,Regulation 7 (2),,2026-08-21,,,,,,,,,https://nsearchives.nseindia.com/corporate/ixbrl/IT_26874_20260821_203704604_WEB.html,,,,,,,,,,,,,,
PKTEA,THE PERIA KARAMALAI TEA & PRODUCE COMPANY LIMITED,Regulation 7 (2),,2026-08-22,,,,,,,,,https://nsearchives.nseindia.com/corporate/ixbrl/IT_12988_20260822_165601837_WEB.html,,,,,,,,,,,,,,
JSWENERGY,JSW Energy Limited,Regulation 7 (2),,2026-08-21,,,,,,,,,https://nsearchives.nseindia.com/corporate/ixbrl/IT_3013_20260821_200602369_WEB.html,,,,,,,,,,,,,,
JSWENERGY,JSW Energy Limited,Regulation 7 (2),,2026-08-21,,,,,,,,,https://nsearchives.nseindia.com/corporate/ixbrl/IT_3013_20260821_200602369_WEB.html,,,,,,,,,,,,,,
JSWENERGY,JSW Energy Limited,Regulation 7 (2),,2026-08-21,,,,,,,,,https://nsearchives.nseindia.com/corporate/ixbrl/IT_3013_20260821_200602369_WEB.html,,,,,,,,,,,,,,
JSWENERGY,JSW Energy Limited,Regulation 7 (2),,2026-08-21,,,,,,,,,https://nsearchives.nseindia.com/corporate/ixbrl/IT_3013_20260821_200602369_WEB.html,,,,,,,,,,,,,,
OBCL,OBCL LIMITED,Regulation 7 (2),,2026-08-21,,,,,,,,,https://nsearchives.nseindia.com/corporate/ixbrl/IT_20443_20260821_222906324_WEB.html,,,,,,,,,,,,,,
KARURVYSYA,THE KARUR VYSYA BANK LIMITED,Regulation 7 (2),,2026-08-21,,,,,,,,,https://nsearchives.nseindia.com/corporate/ixbrl/IT_539_20260821_185017730_WEB.html,,,,,,,,,,,,,,
NAUKRI,Info Edge (India) Limited,Regulation 7 (2),,2026-08-21,,,,,,,,,https://nsearchives.nseindia.com/corporate/ixbrl/IT_2460_20260821_195634622_WEB.html,,,,,,,,,,,,,,
NAUKRI,Info Edge (India) Limited,Regulation 7 (2),,2026-08-21,,,,,,,,,https://nsearchives.nseindia.com/corporate/ixbrl/IT_2460_20260821_195634622_WEB.html,,,,,,,,,,,,,,
NAUKRI,Info Edge (India) Limited,Regulation 7 (2),,2026-08-21,,,,,,,,,https://nsearchives.nseindia.com/corporate/ixbrl/IT_2460_20260821_195634622_WEB.html,,,,,,,,,,,,,,
NAUKRI,Info Edge (India) Limited,Regulation 7 (2),,2026-08-21,,,,,,,,,https://nsearchives.nseindia.com/corporate/ixbrl/IT_2460_20260821_195634622_WEB.html,,,,,,,,,,,,,,
STYLEBAAZA,Baazar Style Retail Limited,Regulation 7 (2),,2026-08-21,,,,,,,,,https://nsearchives.nseindia.com/corporate/ixbrl/IT_23456_20260821_190408649_WEB.html,,,,,,,,,,,,,,
STYLEBAAZA,Baazar Style Retail Limited,Regulation 7 (2),,2026-08-21,,,,,,,,,https://nsearchives.nseindia.com/corporate/ixbrl/IT_23456_20260821_190408649_WEB.html,,,,,,,,,,,,,,
GOKUL,GOKUL REFOILS AND SOLVENT LIMITED,Regulation 7 (2),,2026-08-21,,,,,,,,,https://nsearchives.nseindia.com/corporate/ixbrl/IT_2754_20260821_181136807_WEB.html,,,,,,,,,,,,,,
GOKUL,GOKUL REFOILS AND SOLVENT LIMITED,Regulation 7 (2),,2026-08-21,,,,,,,,,https://nsearchives.nseindia.com/corporate/ixbrl/IT_2754_20260821_181136807_WEB.html,,,,,,,,,,,,,,
RAMCOIND,RAMCO INDUSTRIES LIMITED,Regulation 7 (2),,2026-08-21,,,,,,,,,https://nsearchives.nseindia.com/corporate/ixbrl/IT_1560_20260821_172928584_WEB.html,,,,,,,,,,,,,,
DPSCLTD,DPSC LIMITED,Regulation 7 (2),,2026-08-21,,,,,,,,,https://nsearchives.nseindia.com/corporate/ixbrl/IT_2743_20260821_174830489_WEB.html,,,,,,,,,,,,,,
REGAAL,REGAAL RESOURCES LIMITED,Regulation 7 (2),,2026-08-21,,,,,,,,,https://nsearchives.nseindia.com/corporate/ixbrl/IT_25173_20260821_172537463_WEB.html,,,,,,,,,,,,,,
REGAAL,REGAAL RESOURCES LIMITED,Regulation 7 (2),,2026-08-21,,,,,,,,,https://nsearchives.nseindia.com/corporate/ixbrl/IT_25173_20260821_172537463_WEB.html,,,,,,,,,,,,,,
REGAAL,REGAAL RESOURCES LIMITED,Regulation 7 (2),,2026-08-21,,,,,,,,,https://nsearchives.nseindia.com/corporate/ixbrl/IT_25173_20260821_172537463_WEB.html,,,,,,,,,,,,,,
REGAAL,REGAAL RESOURCES LIMITED,Regulation 7 (2),,2026-08-21,,,,,,,,,https://nsearchives.nseindia.com/corporate/ixbrl/IT_25173_20260821_172537463_WEB.html,,,,,,,,,,,,,,
REGAAL,REGAAL RESOURCES LIMITED,Regulation 7 (2),,2026-08-21,,,,,,,,,https://nsearchives.nseindia.com/corporate/ixbrl/IT_25173_20260821_172537463_WEB.html,,,,,,,,,,,,,,
REGAAL,REGAAL RESOURCES LIMITED,Regulation 7 (2),,2026-08-21,,,,,,,,,https://nsearchives.nseindia.com/corporate/ixbrl/IT_25173_20260821_172537463_WEB.html,,,,,,,,,,,,,,
STYLEBAAZA,Baazar Style Retail Limited,Regulation 7 (2),,2026-08-21,,,,,,,,,https://nsearchives.nseindia.com/corporate/ixbrl/IT_23456_20260821_185906531_WEB.html,,,,,,,,,,,,,,
STYLEBAAZA,Baazar Style Retail Limited,Regulation 7 (2),,2026-08-21,,,,,,,,,https://nsearchives.nseindia.com/corporate/ixbrl/IT_23456_20260821_185906531_WEB.html,,,,,,,,,,,,,,
MOTHERSON,Samvardhana Motherson International Limited,Regulation 7 (2),,2026-08-21,,,,,,,,,https://nsearchives.nseindia.com/corporate/ixbrl/IT_1385_20260821_173518713_WEB.html,,,,,,,,,,,,,,
MOTHERSON,Samvardhana Motherson International Limited,Regulation 7 (2),,2026-08-21,,,,,,,,,https://nsearchives.nseindia.com/corporate/ixbrl/IT_1385_20260821_173518713_WEB.html,,,,,,,,,,,,,,
MOTHERSON,Samvardhana Motherson International Limited,Regulation 7 (2),,2026-08-21,,,,,,,,,https://nsearchives.nseindia.com/corporate/ixbrl/IT_1385_20260821_173518713_WEB.html,,,,,,,,,,,,,,
MOTHERSON,Samvardhana Motherson International Limited,Regulation 7 (2),,2026-08-21,,,,,,,,,https://nsearchives.nseindia.com/corporate/ixbrl/IT_1385_20260821_173518713_WEB.html,,,,,,,,,,,,,,
GANECOS,GANESHA ECOSPHERE LIMITED,Regulation 7 (2),,2026-08-21,,,,,,,,,https://nsearchives.nseindia.com/corporate/ixbrl/IT_11601_20260821_182658317_WEB.html,,,,,,,,,,,,,,
GANECOS,GANESHA ECOSPHERE LIMITED,Regulation 7 (2),,2026-08-21,,,,,,,,,https://nsearchives.nseindia.com/corporate/ixbrl/IT_11601_20260821_182658317_WEB.html,,,,,,,,,,,,,,
GANECOS,GANESHA ECOSPHERE LIMITED,Regulation 7 (2),,2026-08-21,,,,,,,,,https://nsearchives.nseindia.com/corporate/ixbrl/IT_11601_20260821_182658317_WEB.html,,,,,,,,,,,,,,
GANECOS,GANESHA ECOSPHERE LIMITED,Regulation 7 (2),,2026-08-21,,,,,,,,,https://nsearchives.nseindia.com/corporate/ixbrl/IT_11601_20260821_182658317_WEB.html,,,,,,,,,,,,,,
GANECOS,GANESHA ECOSPHERE LIMITED,Regulation 7 (2),,2026-08-21,,,,,,,,,https://nsearchives.nseindia.com/corporate/ixbrl/IT_11601_20260821_182658317_WEB.html,,,,,,,,,,,,,,
GLOBUSSPR,GLOBUS SPIRITS LIMITED,Regulation 7 (2),,2026-08-21,,,,,,,,,https://nsearchives.nseindia.com/corporate/ixbrl/IT_2904_20260821_164920663_WEB.html,,,,,,,,,,,,,,
KPIGREEN,KPI Green Energy Limited,Regulation 7 (2),,2026-08-21,,,,,,,,,https://nsearchives.nseindia.com/corporate/ixbrl/IT_19804_20260821_162606248_WEB.html,,,,,,,,,,,,,,
SOUTHWEST,SOUTH WEST PINNACLE EXPLORATION LIMITED,Regulation 7 (2),,2026-08-21,,,,,,,,,https://nsearchives.nseindia.com/corporate/ixbrl/IT_15798_20260821_163512321_WEB.html,,,,,,,,,,,,,,
SOUTHWEST,SOUTH WEST PINNACLE EXPLORATION LIMITED,Regulation 7 (2),,2026-08-21,,,,,,,,,https://nsearchives.nseindia.com/corporate/ixbrl/IT_15798_20260821_163512321_WEB.html,,,,,,,,,,,,,,
BHAGERIA,Bhageria Industries Limited,Regulation 7 (2),,2026-08-21,,,,,,,,,https://nsearchives.nseindia.com/corporate/ixbrl/IT_13498_20260821_171908530_WEB.html,,,,,,,,,,,,,,
SASKEN,Sasken Technologies Limited,Regulation 7 (2),,2026-08-21,,,,,,,,,https://nsearchives.nseindia.com/corporate/ixbrl/IT_2320_20260821_162446412_WEB.html,,,,,,,,,,,,,,
SASKEN,Sasken Technologies Limited,Regulation 7 (2),,2026-08-21,,,,,,,,,https://nsearchives.nseindia.com/corporate/ixbrl/IT_2320_20260821_162446412_WEB.html,,,,,,,,,,,,,,
SASKEN,Sasken Technologies Limited,Regulation 7 (2),,2026-08-21,,,,,,,,,https://nsearchives.nseindia.com/corporate/ixbrl/IT_2320_20260821_162446412_WEB.html,,,,,,,,,,,,,,
SASKEN,Sasken Technologies Limited,Regulation 7 (2),,2026-08-21,,,,,,,,,https://nsearchives.nseindia.com/corporate/ixbrl/IT_2320_20260821_162446412_WEB.html,,,,,,,,,,,,,,
SASKEN,Sasken Technologies Limited,Regulation 7 (2),,2026-08-21,,,,,,,,,https://nsearchives.nseindia.com/corporate/ixbrl/IT_2320_20260821_162446412_WEB.html,,,,,,,,,,,,,,
SASKEN,Sasken Technologies Limited,Regulation 7 (2),,2026-08-21,,,,,,,,,https://nsearchives.nseindia.com/corporate/ixbrl/IT_2320_20260821_162446412_WEB.html,,,,,,,,,,,,,,
SASKEN,Sasken Technologies Limited,Regulation 7 (2),,2026-08-21,,,,,,,,,https://nsearchives.nseindia.com/corporate/ixbrl/IT_2320_20260821_162446412_WEB.html,,,,,,,,,,,,,,
SASKEN,Sasken Technologies Limited,Regulation 7 (2),,2026-08-21,,,,,,,,,https://nsearchives.nseindia.com/corporate/ixbrl/IT_2320_20260821_162446412_WEB.html,,,,,,,,,,,,,,
SASKEN,Sasken Technologies Limited,Regulation 7 (2),,2026-08-21,,,,,,,,,https://nsearchives.nseindia.com/corporate/ixbrl/IT_2320_20260821_162446412_WEB.html,,,,,,,,,,,,,,
SASKEN,Sasken Technologies Limited,Regulation 7 (2),,2026-08-21,,,,,,,,,https://nsearchives.nseindia.com/corporate/ixbrl/IT_2320_20260821_162446412_WEB.html,,,,,,,,,,,,,,
SASKEN,Sasken Technologies Limited,Regulation 7 (2),,2026-08-21,,,,,,,,,https://nsearchives.nseindia.com/corporate/ixbrl/IT_2320_20260821_162446412_WEB.html,,,,,,,,,,,,,,
HGS,HINDUJA GLOBAL SOLUTIONS LIMITED,Regulation 7 (2),,2026-08-21,,,,,,,,,https://nsearchives.nseindia.com/corporate/ixbrl/IT_2614_20260821_160710607_WEB.html,,,,,,,,,,,,,,
HGS,HINDUJA GLOBAL SOLUTIONS LIMITED,Regulation 7 (2),,2026-08-21,,,,,,,,,https://nsearchives.nseindia.com/corporate/ixbrl/IT_2614_20260821_160710607_WEB.html,,,,,,,,,,,,,,
WSI,W S Industries (I) Limited,Regulation 7 (2),,2026-08-21,,,,,,,,,https://nsearchives.nseindia.com/corporate/ixbrl/IT_587_20260821_163408222_WEB.html,,,,,,,,,,,,,,
HGS,HINDUJA GLOBAL SOLUTIONS LIMITED,Regulation 7 (2),,2026-08-21,,,,,,,,,https://nsearchives.nseindia.com/corporate/ixbrl/IT_2614_20260821_160546566_WEB.html,,,,,,,,,,,,,,
SURYAROSNI,SURYA ROSHNI LIMITED,Regulation 7 (2),,2026-08-21,,,,,,,,,https://nsearchives.nseindia.com/corporate/ixbrl/IT_1209_20260821_152924513_WEB.html,,,,,,,,,,,,,,
DMART,AVENUE SUPERMARTS LIMITED,Regulation 7 (2),,2026-08-21,,,,,,,,,https://nsearchives.nseindia.com/corporate/ixbrl/IT_14711_20260821_142021360_WEB.html,,,,,,,,,,,,,,
HAPPYFORGE,HAPPY FORGINGS LIMITED,Regulation 7 (2),,2026-08-21,,,,,,,,,https://nsearchives.nseindia.com/corporate/ixbrl/IT_22370_20260821_133802412_WEB.html,,,,,,,,,,,,,,
MCL,M TEK COPPER LIMITED,Regulation 7 (2),,2026-08-21,,,,,,,,,https://nsearchives.nseindia.com/corporate/ixbrl/IT_14514_20260821_132343451_WEB.html,,,,,,,,,,,,,,
MCL,M TEK COPPER LIMITED,Regulation 7 (2),,2026-08-21,,,,,,,,,https://nsearchives.nseindia.com/corporate/ixbrl/IT_14514_20260821_132343451_WEB.html,,,,,,,,,,,,,,
MCL,M TEK COPPER LIMITED,Regulation 7 (2),,2026-08-21,,,,,,,,,https://nsearchives.nseindia.com/corporate/ixbrl/IT_14514_20260821_132343451_WEB.html,,,,,,,,,,,,,,
360ONE,360 ONE WAM LIMITED,Regulation 7 (2),,2026-08-21,,,,,,,,,https://nsearchives.nseindia.com/corporate/ixbrl/IT_17593_20260821_161018790_WEB.html,,,,,,,,,,,,,,There is a change in the pre shareholding of the shareholder
MCL,M TEK COPPER LIMITED,Regulation 7 (2),,2026-08-21,,,,,,,,,https://nsearchives.nseindia.com/corporate/ixbrl/IT_14514_20260821_132149554_WEB.html,,,,,,,,,,,,,,
MCL,M TEK COPPER LIMITED,Regulation 7 (2),,2026-08-21,,,,,,,,,https://nsearchives.nseindia.com/corporate/ixbrl/IT_14514_20260821_132149554_WEB.html,,,,,,,,,,,,,,
MCL,M TEK COPPER LIMITED,Regulation 7 (2),,2026-08-21,,,,,,,,,https://nsearchives.nseindia.com/corporate/ixbrl/IT_14514_20260821_132149554_WEB.html,,,,,,,,,,,,,,
SHALBY,SHALBY LIMITED,Regulation 7 (2),,2026-08-21,,,,,,,,,https://nsearchives.nseindia.com/corporate/ixbrl/IT_15620_20260821_130454319_WEB.html,,,,,,,,,,,,,,
AFFLE,Affle 3i Limited,Regulation 7 (2),,2026-08-21,,,,,,,,,https://nsearchives.nseindia.com/corporate/ixbrl/IT_17565_20260821_123422693_WEB.html,,,,,,,,,,,,,,
AFFLE,Affle 3i Limited,Regulation 7 (2),,2026-08-21,,,,,,,,,https://nsearchives.nseindia.com/corporate/ixbrl/IT_17565_20260821_123422693_WEB.html,,,,,,,,,,,,,,
AFFLE,Affle 3i Limited,Regulation 7 (2),,2026-08-21,,,,,,,,,https://nsearchives.nseindia.com/corporate/ixbrl/IT_17565_20260821_123422693_WEB.html,,,,,,,,,,,,,,
AFFLE,Affle 3i Limited,Regulation 7 (2),,2026-08-21,,,,,,,,,https://nsearchives.nseindia.com/corporate/ixbrl/IT_17565_20260821_123422693_WEB.html,,,,,,,,,,,,,,
NCLIND,NCL INDUSTRIES LIMITED,Regulation 7 (2),,2026-08-21,,,,,,,,,https://nsearchives.nseindia.com/corporate/ixbrl/IT_2568_20260821_131307729_WEB.html,,,,,,,,,,,,,,
NCLIND,NCL INDUSTRIES LIMITED,Regulation 7 (2),,2026-08-21,,,,,,,,,https://nsearchives.nseindia.com/corporate/ixbrl/IT_2568_20260821_131307729_WEB.html,,,,,,,,,,,,,,
NCLIND,NCL INDUSTRIES LIMITED,Regulation 7 (2),,2026-08-21,,,,,,,,,https://nsearchives.nseindia.com/corporate/ixbrl/IT_2568_20260821_131307729_WEB.html,,,,,,,,,,,,,,
KEI,KEI INDUSTRIES LIMITED,Regulation 7 (2),,2026-08-21,,,,,,,,,https://nsearchives.nseindia.com/corporate/ixbrl/IT_2379_20260821_122242578_WEB.html,,,,,,,,,,,,,,
BHAGERIA,Bhageria Industries Limited,Regulation 7 (2),,2026-08-21,,,,,,,,,https://nsearchives.nseindia.com/corporate/ixbrl/IT_13498_20260821_114739171_WEB.html,,,,,,,,,,,,,,
BHAGERIA,Bhageria Industries Limited,Regulation 7 (2),,2026-08-21,,,,,,,,,https://nsearchives.nseindia.com/corporate/ixbrl/IT_13498_20260821_115735521_WEB.html,,,,,,,,,,,,,,
DIVISLAB,Divi's Laboratories Limited,Regulation 7 (2),,2026-08-21,,,,,,,,,https://nsearchives.nseindia.com/corporate/ixbrl/IT_2132_20260821_111254480_WEB.html,,,,,,,,,,,,,,
NAVA,NAVA LIMITED,Regulation 7 (2),,2026-08-21,,,,,,,,,https://nsearchives.nseindia.com/corporate/ixbrl/IT_1264_20260821_163620299_WEB.html,,,,,,,,,,,,,,
NAVA,NAVA LIMITED,Regulation 7 (2),,2026-08-21,,,,,,,,,https://nsearchives.nseindia.com/corporate/ixbrl/IT_1264_20260821_163620299_WEB.html,,,,,,,,,,,,,,
NAVA,NAVA LIMITED,Regulation 7 (2),,2026-08-21,,,,,,,,,https://nsearchives.nseindia.com/corporate/ixbrl/IT_1264_20260821_163620299_WEB.html,,,,,,,,,,,,,,
PARADEEP,PARADEEP PHOSPHATES LIMITED,Regulation 7 (2),,2026-08-21,,,,,,,,,https://nsearchives.nseindia.com/corporate/ixbrl/IT_19922_20260821_102256866_WEB.html,,,,,,,,,,,,,,
PARADEEP,PARADEEP PHOSPHATES LIMITED,Regulation 7 (2),,2026-08-21,,,,,,,,,https://nsearchives.nseindia.com/corporate/ixbrl/IT_19922_20260821_102256866_WEB.html,,,,,,,,,,,,,,
PARADEEP,PARADEEP PHOSPHATES LIMITED,Regulation 7 (2),,2026-08-21,,,,,,,,,https://nsearchives.nseindia.com/corporate/ixbrl/IT_19922_20260821_102318702_WEB.html,,,,,,,,,,,,,,
STEL,STEL HOLDINGS LIMITED,Regulation 7 (2),,2026-08-20,,,,,,,,,https://nsearchives.nseindia.com/corporate/ixbrl/IT_4020_20260820_235857704_WEB.html,,,,,,,,,,,,,,
STEL,STEL HOLDINGS LIMITED,Regulation 7 (2),,2026-08-20,,,,,,,,,https://nsearchives.nseindia.com/corporate/ixbrl/IT_4020_20260820_235857704_WEB.html,,,,,,,,,,,,,,
STEL,STEL HOLDINGS LIMITED,Regulation 7 (2),,2026-08-20,,,,,,,,,https://nsearchives.nseindia.com/corporate/ixbrl/IT_4020_20260820_235857704_WEB.html,,,,,,,,,,,,,,
STEL,STEL HOLDINGS LIMITED,Regulation 7 (2),,2026-08-20,,,,,,,,,https://nsearchives.nseindia.com/corporate/ixbrl/IT_4020_20260820_235857704_WEB.html,,,,,,,,,,,,,,
STEL,STEL HOLDINGS LIMITED,Regulation 7 (2),,2026-08-20,,,,,,,,,https://nsearchives.nseindia.com/corporate/ixbrl/IT_4020_20260820_235857704_WEB.html,,,,,,,,,,,,,,
STEL,STEL HOLDINGS LIMITED,Regulation 7 (2),,2026-08-20,,,,,,,,,https://nsearchives.nseindia.com/corporate/ixbrl/IT_4020_20260820_235857704_WEB.html,,,,,,,,,,,,,,
JARO,JARO INSTITUTE OF TECHNOLOGY MANAGEMENT AND RESEARCH LIMITED,Regulation 7 (2),,2026-08-21,,,,,,,,,https://nsearchives.nseindia.com/corporate/ixbrl/IT_24645_20260821_153740440_WEB.html,,,,,,,,,,,,,,
JARO,JARO INSTITUTE OF TECHNOLOGY MANAGEMENT AND RESEARCH LIMITED,Regulation 7 (2),,2026-08-21,,,,,,,,,https://nsearchives.nseindia.com/corporate/ixbrl/IT_24645_20260821_153740440_WEB.html,,,,,,,,,,,,,,
INFY,Infosys Limited,Regulation 7 (2),,2026-08-20,,,,,,,,,https://nsearchives.nseindia.com/corporate/ixbrl/IT_180_20260820_195914548_WEB.html,,,,,,,,,,,,,,
SENCO,SENCO GOLD LIMITED,Regulation 7 (2),,2026-08-20,,,,,,,,,https://nsearchives.nseindia.com/corporate/ixbrl/IT_20714_20260820_192414322_WEB.html,,,,,,,,,,,,,,
GRAVITA,GRAVITA INDIA LIMITED,Regulation 7 (2),,2026-08-20,,,,,,,,,https://nsearchives.nseindia.com/corporate/ixbrl/IT_3733_20260820_192148389_WEB.html,,,,,,,,,,,,,,
TIGERLOGS,Tiger Logistics (India) Limited,Regulation 7 (2),,2026-08-20,,,,,,,,,https://nsearchives.nseindia.com/corporate/ixbrl/IT_26474_20260820_202008480_WEB.html,,,,,,,,,,,,,,
TIGERLOGS,Tiger Logistics (India) Limited,Regulation 7 (2),,2026-08-20,,,,,,,,,https://nsearchives.nseindia.com/corporate/ixbrl/IT_26474_20260820_202008480_WEB.html,,,,,,,,,,,,,,
LIBERTSHOE,LIBERTY SHOES LIMITED,Regulation 7 (2),,2026-08-20,,,,,,,,,https://nsearchives.nseindia.com/corporate/ixbrl/IT_681_20260820_191240366_WEB.html,,,,,,,,,,,,,,
LIBERTSHOE,LIBERTY SHOES LIMITED,Regulation 7 (2),,2026-08-20,,,,,,,,,https://nsearchives.nseindia.com/corporate/ixbrl/IT_681_20260820_191240366_WEB.html,,,,,,,,,,,,,,
LIBERTSHOE,LIBERTY SHOES LIMITED,Regulation 7 (2),,2026-08-20,,,,,,,,,https://nsearchives.nseindia.com/corporate/ixbrl/IT_681_20260820_191240366_WEB.html,,,,,,,,,,,,,,
LIBERTSHOE,LIBERTY SHOES LIMITED,Regulation 7 (2),,2026-08-20,,,,,,,,,https://nsearchives.nseindia.com/corporate/ixbrl/IT_681_20260820_191240366_WEB.html,,,,,,,,,,,,,,
LIBERTSHOE,LIBERTY SHOES LIMITED,Regulation 7 (2),,2026-08-20,,,,,,,,,https://nsearchives.nseindia.com/corporate/ixbrl/IT_681_20260820_191240366_WEB.html,,,,,,,,,,,,,,
ECLERX,eClerx Services Ltd,Regulation 7 (2),,2026-08-21,,,,,,,,,https://nsearchives.nseindia.com/corporate/ixbrl/IT_2698_20260821_153420515_WEB.html,,,,,,,,,,,,,,
TURTLEMINT,Turtlemint Fintech Solutions Limited,Regulation 7 (2),,2026-08-20,,,,,,,,,https://nsearchives.nseindia.com/corporate/ixbrl/IT_26874_20260820_190203517_WEB.html,,,,,,,,,,,,,,
TURTLEMINT,Turtlemint Fintech Solutions Limited,Regulation 7 (2),,2026-08-20,,,,,,,,,https://nsearchives.nseindia.com/corporate/ixbrl/IT_26874_20260820_190203517_WEB.html,,,,,,,,,,,,,,
TURTLEMINT,Turtlemint Fintech Solutions Limited,Regulation 7 (2),,2026-08-20,,,,,,,,,https://nsearchives.nseindia.com/corporate/ixbrl/IT_26874_20260820_190203517_WEB.html,,,,,,,,,,,,,,
TURTLEMINT,Turtlemint Fintech Solutions Limited,Regulation 7 (2),,2026-08-20,,,,,,,,,https://nsearchives.nseindia.com/corporate/ixbrl/IT_26874_20260820_190203517_WEB.html,,,,,,,,,,,,,,
TURTLEMINT,Turtlemint Fintech Solutions Limited,Regulation 7 (2),,2026-08-20,,,,,,,,,https://nsearchives.nseindia.com/corporate/ixbrl/IT_26874_20260820_190203517_WEB.html,,,,,,,,,,,,,,
TURTLEMINT,Turtlemint Fintech Solutions Limited,Regulation 7 (2),,2026-08-20,,,,,,,,,https://nsearchives.nseindia.com/corporate/ixbrl/IT_26874_20260820_190203517_WEB.html,,,,,,,,,,,,,,
TURTLEMINT,Turtlemint Fintech Solutions Limited,Regulation 7 (2),,2026-08-20,,,,,,,,,https://nsearchives.nseindia.com/corporate/ixbrl/IT_26874_20260820_190203517_WEB.html,,,,,,,,,,,,,,
TURTLEMINT,Turtlemint Fintech Solutions Limited,Regulation 7 (2),,2026-08-20,,,,,,,,,https://nsearchives.nseindia.com/corporate/ixbrl/IT_26874_20260820_190203517_WEB.html,,,,,,,,,,,,,,
TURTLEMINT,Turtlemint Fintech Solutions Limited,Regulation 7 (2),,2026-08-20,,,,,,,,,https://nsearchives.nseindia.com/corporate/ixbrl/IT_26874_20260820_190203517_WEB.html,,,,,,,,,,,,,,
TURTLEMINT,Turtlemint Fintech Solutions Limited,Regulation 7 (2),,2026-08-20,,,,,,,,,https://nsearchives.nseindia.com/corporate/ixbrl/IT_26874_20260820_190203517_WEB.html,,,,,,,,,,,,,,
TURTLEMINT,Turtlemint Fintech Solutions Limited,Regulation 7 (2),,2026-08-20,,,,,,,,,https://nsearchives.nseindia.com/corporate/ixbrl/IT_26874_20260820_190203517_WEB.html,,,,,,,,,,,,,,
TITAGARH,TITAGARH RAIL SYSTEMS LIMITED,Regulation 7 (2),,2026-08-20,,,,,,,,,https://nsearchives.nseindia.com/corporate/ixbrl/IT_2744_20260820_185346323_WEB.html,,,,,,,,,,,,,,
TITAGARH,TITAGARH RAIL SYSTEMS LIMITED,Regulation 7 (2),,2026-08-20,,,,,,,,,https://nsearchives.nseindia.com/corporate/ixbrl/IT_2744_20260820_185346323_WEB.html,,,,,,,,,,,,,,
AVONMORE,AVONMORE CAPITAL & MANAGEMENT SERVICES  LIMITED,Regulation 7 (2),,2026-08-21,,,,,,,,,https://nsearchives.nseindia.com/corporate/ixbrl/IT_20397_20260821_101917612_WEB.html,,,,,,,,,,,,,,
TTL,T T LIMITED,Regulation 7 (2),,2026-08-20,,,,,,,,,https://nsearchives.nseindia.com/corporate/ixbrl/IT_2534_20260820_190246785_WEB.html,,,,,,,,,,,,,,
TURTLEMINT,Turtlemint Fintech Solutions Limited,Regulation 7 (2),,2026-08-20,,,,,,,,,https://nsearchives.nseindia.com/corporate/ixbrl/IT_26874_20260820_184910824_WEB.html,,,,,,,,,,,,,,
TURTLEMINT,Turtlemint Fintech Solutions Limited,Regulation 7 (2),,2026-08-20,,,,,,,,,https://nsearchives.nseindia.com/corporate/ixbrl/IT_26874_20260820_184910824_WEB.html,,,,,,,,,,,,,,
TURTLEMINT,Turtlemint Fintech Solutions Limited,Regulation 7 (2),,2026-08-20,,,,,,,,,https://nsearchives.nseindia.com/corporate/ixbrl/IT_26874_20260820_184910824_WEB.html,,,,,,,,,,,,,,
TURTLEMINT,Turtlemint Fintech Solutions Limited,Regulation 7 (2),,2026-08-20,,,,,,,,,https://nsearchives.nseindia.com/corporate/ixbrl/IT_26874_20260820_184910824_WEB.html,,,,,,,,,,,,,,
TURTLEMINT,Turtlemint Fintech Solutions Limited,Regulation 7 (2),,2026-08-20,,,,,,,,,https://nsearchives.nseindia.com/corporate/ixbrl/IT_26874_20260820_184910824_WEB.html,,,,,,,,,,,,,,
TURTLEMINT,Turtlemint Fintech Solutions Limited,Regulation 7 (2),,2026-08-20,,,,,,,,,https://nsearchives.nseindia.com/corporate/ixbrl/IT_26874_20260820_184910824_WEB.html,,,,,,,,,,,,,,
TURTLEMINT,Turtlemint Fintech Solutions Limited,Regulation 7 (2),,2026-08-20,,,,,,,,,https://nsearchives.nseindia.com/corporate/ixbrl/IT_26874_20260820_184910824_WEB.html,,,,,,,,,,,,,,
TURTLEMINT,Turtlemint Fintech Solutions Limited,Regulation 7 (2),,2026-08-20,,,,,,,,,https://nsearchives.nseindia.com/corporate/ixbrl/IT_26874_20260820_184910824_WEB.html,,,,,,,,,,,,,,
TURTLEMINT,Turtlemint Fintech Solutions Limited,Regulation 7 (2),,2026-08-20,,,,,,,,,https://nsearchives.nseindia.com/corporate/ixbrl/IT_26874_20260820_184910824_WEB.html,,,,,,,,,,,,,,
TURTLEMINT,Turtlemint Fintech Solutions Limited,Regulation 7 (2),,2026-08-20,,,,,,,,,https://nsearchives.nseindia.com/corporate/ixbrl/IT_26874_20260820_184910824_WEB.html,,,,,,,,,,,,,,
TURTLEMINT,Turtlemint Fintech Solutions Limited,Regulation 7 (2),,2026-08-20,,,,,,,,,https://nsearchives.nseindia.com/corporate/ixbrl/IT_26874_20260820_184910824_WEB.html,,,,,,,,,,,,,,
INDOSTAR,INDOSTAR CAPITAL FINANCE LIMITED,Regulation 7 (2),,2026-08-20,,,,,,,,,https://nsearchives.nseindia.com/corporate/ixbrl/IT_16166_20260820_184320323_WEB.html,,,,,,,,,,,,,,
NAUKRI,Info Edge (India) Limited,Regulation 7 (2),,2026-08-20,,,,,,,,,https://nsearchives.nseindia.com/corporate/ixbrl/IT_2460_20260820_195654382_WEB.html,,,,,,,,,,,,,,
NAUKRI,Info Edge (India) Limited,Regulation 7 (2),,2026-08-20,,,,,,,,,https://nsearchives.nseindia.com/corporate/ixbrl/IT_2460_20260820_195654382_WEB.html,,,,,,,,,,,,,,
NAUKRI,Info Edge (India) Limited,Regulation 7 (2),,2026-08-20,,,,,,,,,https://nsearchives.nseindia.com/corporate/ixbrl/IT_2460_20260820_195654382_WEB.html,,,,,,,,,,,,,,
NAUKRI,Info Edge (India) Limited,Regulation 7 (2),,2026-08-20,,,,,,,,,https://nsearchives.nseindia.com/corporate/ixbrl/IT_2460_20260820_195654382_WEB.html,,,,,,,,,,,,,,
NAUKRI,Info Edge (India) Limited,Regulation 7 (2),,2026-08-20,,,,,,,,,https://nsearchives.nseindia.com/corporate/ixbrl/IT_2460_20260820_195654382_WEB.html,,,,,,,,,,,,,,
NAUKRI,Info Edge (India) Limited,Regulation 7 (2),,2026-08-20,,,,,,,,,https://nsearchives.nseindia.com/corporate/ixbrl/IT_2460_20260820_195654382_WEB.html,,,,,,,,,,,,,,
LALPATHLAB,DR. LAL PATHLABS LIMITED,Regulation 7 (2),,2026-08-20,,,,,,,,,https://nsearchives.nseindia.com/corporate/ixbrl/IT_13310_20260820_183444152_WEB.html,,,,,,,,,,,,,,Revised Submission
ASTRAL,ASTRAL LIMITED,Regulation 7 (2),,2026-08-20,,,,,,,,,https://nsearchives.nseindia.com/corporate/ixbrl/IT_2559_20260820_184156451_WEB.html,,,,,,,,,,,,,,
ASTRAL,ASTRAL LIMITED,Regulation 7 (2),,2026-08-20,,,,,,,,,https://nsearchives.nseindia.com/corporate/ixbrl/IT_2559_20260820_184156451_WEB.html,,,,,,,,,,,,,,
COFFEEDAY,Coffee Day Enterprises Limited,Regulation 7 (2),,2026-08-20,,,,,,,,,https://nsearchives.nseindia.com/corporate/ixbrl/IT_13209_20260820_175449365_WEB.html,,,,,,,,,,,,,,
COFFEEDAY,Coffee Day Enterprises Limited,Regulation 7 (2),,2026-08-20,,,,,,,,,https://nsearchives.nseindia.com/corporate/ixbrl/IT_13209_20260820_175449365_WEB.html,,,,,,,,,,,,,,
ECLERX,eClerx Services Ltd,Regulation 7 (2),,2026-08-20,,,,,,,,,https://nsearchives.nseindia.com/corporate/ixbrl/IT_2698_20260820_180644409_WEB.html,,,,,,,,,,,,,,
UYFINCORP,U. Y. Fincorp Limited,Regulation 7 (2),,2026-08-20,,,,,,,,,https://nsearchives.nseindia.com/corporate/ixbrl/IT_21090_20260820_174928450_WEB.html,,,,,,,,,,,,,,
UYFINCORP,U. Y. Fincorp Limited,Regulation 7 (2),,2026-08-20,,,,,,,,,https://nsearchives.nseindia.com/corporate/ixbrl/IT_21090_20260820_174928450_WEB.html,,,,,,,,,,,,,,
UYFINCORP,U. Y. Fincorp Limited,Regulation 7 (2),,2026-08-20,,,,,,,,,https://nsearchives.nseindia.com/corporate/ixbrl/IT_21090_20260820_174928450_WEB.html,,,,,,,,,,,,,,
COFFEEDAY,Coffee Day Enterprises Limited,Regulation 7 (2),,2026-08-20,,,,,,,,,https://nsearchives.nseindia.com/corporate/ixbrl/IT_13209_20260820_175032473_WEB.html,,,,,,,,,,,,,,
COFFEEDAY,Coffee Day Enterprises Limited,Regulation 7 (2),,2026-08-20,,,,,,,,,https://nsearchives.nseindia.com/corporate/ixbrl/IT_13209_20260820_175032473_WEB.html,,,,,,,,,,,,,,
WSI,W S Industries (I) Limited,Regulation 7 (2),,2026-08-20,,,,,,,,,https://nsearchives.nseindia.com/corporate/ixbrl/IT_587_20260820_174244358_WEB.html,,,,,,,,,,,,,,
WSI,W S Industries (I) Limited,Regulation 7 (2),,2026-08-20,,,,,,,,,https://nsearchives.nseindia.com/corporate/ixbrl/IT_587_20260820_174244358_WEB.html,,,,,,,,,,,,,,
JAYSREETEA,JAY SHREE TEA & INDUSTRIES LTD,Regulation 7 (2),,2026-08-20,,,,,,,,,https://nsearchives.nseindia.com/corporate/ixbrl/IT_1139_20260820_171116333_WEB.html,,,,,,,,,,,,,,
COFFEEDAY,Coffee Day Enterprises Limited,Regulation 7 (2),,2026-08-20,,,,,,,,,https://nsearchives.nseindia.com/corporate/ixbrl/IT_13209_20260820_175523310_WEB.html,,,,,,,,,,,,,,
COFFEEDAY,Coffee Day Enterprises Limited,Regulation 7 (2),,2026-08-20,,,,,,,,,https://nsearchives.nseindia.com/corporate/ixbrl/IT_13209_20260820_175523310_WEB.html,,,,,,,,,,,,,,
APOLLOHOSP,APOLLO HOSPITALS ENTERPRISE LIMITED,Regulation 7 (2),,2026-08-20,,,,,,,,,https://nsearchives.nseindia.com/corporate/ixbrl/IT_417_20260820_160834350_WEB.html,,,,,,,,,,,,,,
SIYSIL,SIYARAM SILK MILLS LIMITED,Regulation 7 (2),,2026-08-20,,,,,,,,,https://nsearchives.nseindia.com/corporate/ixbrl/IT_903_20260820_163453108_WEB.html,,,,,,,,,,,,,,
SIYSIL,SIYARAM SILK MILLS LIMITED,Regulation 7 (2),,2026-08-20,,,,,,,,,https://nsearchives.nseindia.com/corporate/ixbrl/IT_903_20260820_163453108_WEB.html,,,,,,,,,,,,,,
WIPRO,WIPRO LIMITED,Regulation 7 (2),,2026-08-20,,,,,,,,,https://nsearchives.nseindia.com/corporate/ixbrl/IT_624_20260820_154905784_WEB.html,,,,,,,,,,,,,,
TURTLEMINT,Turtlemint Fintech Solutions Limited,Regulation 7 (2),,2026-08-20,,,,,,,,,https://nsearchives.nseindia.com/corporate/ixbrl/IT_26874_20260820_190127591_WEB.html,,,,,,,,,,,,,,
TURTLEMINT,Turtlemint Fintech Solutions Limited,Regulation 7 (2),,2026-08-20,,,,,,,,,https://nsearchives.nseindia.com/corporate/ixbrl/IT_26874_20260820_190127591_WEB.html,,,,,,,,,,,,,,
TURTLEMINT,Turtlemint Fintech Solutions Limited,Regulation 7 (2),,2026-08-20,,,,,,,,,https://nsearchives.nseindia.com/corporate/ixbrl/IT_26874_20260820_190127591_WEB.html,,,,,,,,,,,,,,
TURTLEMINT,Turtlemint Fintech Solutions Limited,Regulation 7 (2),,2026-08-20,,,,,,,,,https://nsearchives.nseindia.com/corporate/ixbrl/IT_26874_20260820_190127591_WEB.html,,,,,,,,,,,,,,
TURTLEMINT,Turtlemint Fintech Solutions Limited,Regulation 7 (2),,2026-08-20,,,,,,,,,https://nsearchives.nseindia.com/corporate/ixbrl/IT_26874_20260820_190127591_WEB.html,,,,,,,,,,,,,,
TURTLEMINT,Turtlemint Fintech Solutions Limited,Regulation 7 (2),,2026-08-20,,,,,,,,,https://nsearchives.nseindia.com/corporate/ixbrl/IT_26874_20260820_190127591_WEB.html,,,,,,,,,,,,,,
TURTLEMINT,Turtlemint Fintech Solutions Limited,Regulation 7 (2),,2026-08-20,,,,,,,,,https://nsearchives.nseindia.com/corporate/ixbrl/IT_26874_20260820_190127591_WEB.html,,,,,,,,,,,,,,
TURTLEMINT,Turtlemint Fintech Solutions Limited,Regulation 7 (2),,2026-08-20,,,,,,,,,https://nsearchives.nseindia.com/corporate/ixbrl/IT_26874_20260820_190127591_WEB.html,,,,,,,,,,,,,,
TURTLEMINT,Turtlemint Fintech Solutions Limited,Regulation 7 (2),,2026-08-20,,,,,,,,,https://nsearchives.nseindia.com/corporate/ixbrl/IT_26874_20260820_190127591_WEB.html,,,,,,,,,,,,,,
TURTLEMINT,Turtlemint Fintech Solutions Limited,Regulation 7 (2),,2026-08-20,,,,,,,,,https://nsearchives.nseindia.com/corporate/ixbrl/IT_26874_20260820_190127591_WEB.html,,,,,,,,,,,,,,
TURTLEMINT,Turtlemint Fintech Solutions Limited,Regulation 7 (2),,2026-08-20,,,,,,,,,https://nsearchives.nseindia.com/corporate/ixbrl/IT_26874_20260820_190127591_WEB.html,,,,,,,,,,,,,,
SIGIND,Signet Industries Limited,Regulation 7 (2),,2026-08-20,,,,,,,,,https://nsearchives.nseindia.com/corporate/ixbrl/IT_16593_20260820_160818957_WEB.html,,,,,,,,,,,,,,
CSLFINANCE,CSL Finance Limited,Regulation 7 (2),,2026-08-20,,,,,,,,,https://nsearchives.nseindia.com/corporate/ixbrl/IT_20784_20260820_144352399_WEB.html,,,,,,,,,,,,,,
CSLFINANCE,CSL Finance Limited,Regulation 7 (2),,2026-08-20,,,,,,,,,https://nsearchives.nseindia.com/corporate/ixbrl/IT_20784_20260820_144352399_WEB.html,,,,,,,,,,,,,,
CSLFINANCE,CSL Finance Limited,Regulation 7 (2),,2026-08-20,,,,,,,,,https://nsearchives.nseindia.com/corporate/ixbrl/IT_20784_20260820_144352399_WEB.html,,,,,,,,,,,,,,
CSLFINANCE,CSL Finance Limited,Regulation 7 (2),,2026-08-20,,,,,,,,,https://nsearchives.nseindia.com/corporate/ixbrl/IT_20784_20260820_144352399_WEB.html,,,,,,,,,,,,,,
STARCEMENT,STAR CEMENT LIMITED,Regulation 7 (2),,2026-08-20,,,,,,,,,https://nsearchives.nseindia.com/corporate/ixbrl/IT_15239_20260820_163410413_WEB.html,,,,,,,,,,,,,,
AVONMORE,AVONMORE CAPITAL & MANAGEMENT SERVICES  LIMITED,Regulation 7 (2),,2026-08-20,,,,,,,,,https://nsearchives.nseindia.com/corporate/ixbrl/IT_20397_20260820_104116797_WEB.html,,,,,,,,,,,,,,
YASHO,YASHO INDUSTRIES LIMITED,Regulation 7 (2),,2026-08-20,,,,,,,,,https://nsearchives.nseindia.com/corporate/ixbrl/IT_22010_20260820_094936668_WEB.html,,,,,,,,,,,,,,
SWARAJ,SWARAJ SUITING LIMITED,Regulation 7 (2),,2026-08-19,,,,,,,,,https://nsearchives.nseindia.com/corporate/ixbrl/IT_20487_20260819_215702137_WEB.html,,,,,,,,,,,,,,
SWARAJ,SWARAJ SUITING LIMITED,Regulation 7 (2),,2026-08-19,,,,,,,,,https://nsearchives.nseindia.com/corporate/ixbrl/IT_20487_20260819_215702137_WEB.html,,,,,,,,,,,,,,
360ONE,360 ONE WAM LIMITED,Regulation 7 (2),,2026-08-19,,,,,,,,,https://nsearchives.nseindia.com/corporate/ixbrl/IT_17593_20260819_213411841_WEB.html,,,,,,,,,,,,,,
YASHO,YASHO INDUSTRIES LIMITED,Regulation 7 (2),,2026-08-20,,,,,,,,,https://nsearchives.nseindia.com/corporate/ixbrl/IT_22010_20260820_095247706_WEB.html,,,,,,,,,,,,,,
AURIONPRO,AURIONPRO SOLUTIONS LIMITED,Regulation 7 (2),,2026-08-19,,,,,,,,,https://nsearchives.nseindia.com/corporate/ixbrl/IT_2329_20260819_204404494_WEB.html,,,,,,,,,,,,,,
KPITTECH,KPIT TECHNOLOGIES LIMITED,Regulation 7 (2),,2026-08-20,,,,,,,,,https://nsearchives.nseindia.com/corporate/ixbrl/IT_17417_20260820_131409286_WEB.html,,,,,,,,,,,,,,
KPITTECH,KPIT TECHNOLOGIES LIMITED,Regulation 7 (2),,2026-08-20,,,,,,,,,https://nsearchives.nseindia.com/corporate/ixbrl/IT_17417_20260820_131409286_WEB.html,,,,,,,,,,,,,,
KPITTECH,KPIT TECHNOLOGIES LIMITED,Regulation 7 (2),,2026-08-20,,,,,,,,,https://nsearchives.nseindia.com/corporate/ixbrl/IT_17417_20260820_131409286_WEB.html,,,,,,,,,,,,,,
EXCELSOFT,Excelsoft Technologies Limited,Regulation 7 (2),,2026-08-19,,,,,,,,,https://nsearchives.nseindia.com/corporate/ixbrl/IT_25530_20260819_192744359_WEB.html,,,,,,,,,,,,,,
ALEMBICLTD,Alembic Limited,Regulation 7 (2),,2026-08-19,,,,,,,,,https://nsearchives.nseindia.com/corporate/ixbrl/IT_1817_20260819_194050349_WEB.html,,,,,,,,,,,,,,
JSWSTEEL,JSW STEEL LIMITED,Regulation 7 (2),,2026-08-19,,,,,,,,,https://nsearchives.nseindia.com/corporate/ixbrl/IT_2266_20260819_180436484_WEB.html,,,,,,,,,,,,,,
JSWSTEEL,JSW STEEL LIMITED,Regulation 7 (2),,2026-08-19,,,,,,,,,https://nsearchives.nseindia.com/corporate/ixbrl/IT_2266_20260819_180436484_WEB.html,,,,,,,,,,,,,,
JSWSTEEL,JSW STEEL LIMITED,Regulation 7 (2),,2026-08-19,,,,,,,,,https://nsearchives.nseindia.com/corporate/ixbrl/IT_2266_20260819_180436484_WEB.html,,,,,,,,,,,,,,
JSWSTEEL,JSW STEEL LIMITED,Regulation 7 (2),,2026-08-19,,,,,,,,,https://nsearchives.nseindia.com/corporate/ixbrl/IT_2266_20260819_180436484_WEB.html,,,,,,,,,,,,,,
JSWSTEEL,JSW STEEL LIMITED,Regulation 7 (2),,2026-08-19,,,,,,,,,https://nsearchives.nseindia.com/corporate/ixbrl/IT_2266_20260819_180436484_WEB.html,,,,,,,,,,,,,,
JSWSTEEL,JSW STEEL LIMITED,Regulation 7 (2),,2026-08-19,,,,,,,,,https://nsearchives.nseindia.com/corporate/ixbrl/IT_2266_20260819_180436484_WEB.html,,,,,,,,,,,,,,
JSWSTEEL,JSW STEEL LIMITED,Regulation 7 (2),,2026-08-19,,,,,,,,,https://nsearchives.nseindia.com/corporate/ixbrl/IT_2266_20260819_180436484_WEB.html,,,,,,,,,,,,,,
JSWSTEEL,JSW STEEL LIMITED,Regulation 7 (2),,2026-08-19,,,,,,,,,https://nsearchives.nseindia.com/corporate/ixbrl/IT_2266_20260819_180436484_WEB.html,,,,,,,,,,,,,,
JSWSTEEL,JSW STEEL LIMITED,Regulation 7 (2),,2026-08-19,,,,,,,,,https://nsearchives.nseindia.com/corporate/ixbrl/IT_2266_20260819_180436484_WEB.html,,,,,,,,,,,,,,
JSWSTEEL,JSW STEEL LIMITED,Regulation 7 (2),,2026-08-19,,,,,,,,,https://nsearchives.nseindia.com/corporate/ixbrl/IT_2266_20260819_180436484_WEB.html,,,,,,,,,,,,,,
VSTL,VIBHOR STEEL TUBES LIMITED,Regulation 7 (2),,2026-08-20,,,,,,,,,https://nsearchives.nseindia.com/corporate/ixbrl/IT_22607_20260820_124306685_WEB.html,,,,,,,,,,,,,,
EVEREADY,EVEREADY INDUSTRIES INDIA LIMITED,Regulation 7 (2),,2026-08-19,,,,,,,,,https://nsearchives.nseindia.com/corporate/ixbrl/IT_2275_20260819_180309346_WEB.html,,,,,,,,,,,,,,
PKTEA,THE PERIA KARAMALAI TEA & PRODUCE COMPANY LIMITED,Regulation 7 (2),,2026-08-19,,,,,,,,,https://nsearchives.nseindia.com/corporate/ixbrl/IT_12988_20260819_175753329_WEB.html,,,,,,,,,,,,,,
GPIL,Godawari Power And Ispat Limited,Regulation 7 (2),,2026-08-19,,,,,,,,,https://nsearchives.nseindia.com/corporate/ixbrl/IT_2397_20260819_175509055_WEB.html,,,,,,,,,,,,,,
PKTEA,THE PERIA KARAMALAI TEA & PRODUCE COMPANY LIMITED,Regulation 7 (2),,2026-08-19,,,,,,,,,https://nsearchives.nseindia.com/corporate/ixbrl/IT_12988_20260819_175823095_WEB.html,,,,,,,,,,,,,,
AARTIPHARM,Aarti Pharmalabs Limited,Regulation 7 (2),,2026-08-19,,,,,,,,,https://nsearchives.nseindia.com/corporate/ixbrl/IT_21272_20260819_180431315_WEB.html,,,,,,,,,,,,,,
APOLLOHOSP,APOLLO HOSPITALS ENTERPRISE LIMITED,Regulation 7 (2),,2026-08-19,,,,,,,,,https://nsearchives.nseindia.com/corporate/ixbrl/IT_417_20260819_174929279_WEB.html,,,,,,,,,,,,,,
SAFARI,SAFARI INDUSTRIES (INDIA) LIMITED,Regulation 7 (2),,2026-08-20,,,,,,,,,https://nsearchives.nseindia.com/corporate/ixbrl/IT_17590_20260820_152756327_WEB.html,,,,,,,,,,,,,,
SAFARI,SAFARI INDUSTRIES (INDIA) LIMITED,Regulation 7 (2),,2026-08-20,,,,,,,,,https://nsearchives.nseindia.com/corporate/ixbrl/IT_17590_20260820_152756327_WEB.html,,,,,,,,,,,,,,
EVEREADY,EVEREADY INDUSTRIES INDIA LIMITED,Regulation 7 (2),,2026-08-19,,,,,,,,,https://nsearchives.nseindia.com/corporate/ixbrl/IT_2275_20260819_173738785_WEB.html,,,,,,,,,,,,,,
SIYSIL,SIYARAM SILK MILLS LIMITED,Regulation 7 (2),,2026-08-19,,,,,,,,,https://nsearchives.nseindia.com/corporate/ixbrl/IT_903_20260819_174746315_WEB.html,,,,,,,,,,,,,,
SIYSIL,SIYARAM SILK MILLS LIMITED,Regulation 7 (2),,2026-08-19,,,,,,,,,https://nsearchives.nseindia.com/corporate/ixbrl/IT_903_20260819_174746315_WEB.html,,,,,,,,,,,,,,
SIYSIL,SIYARAM SILK MILLS LIMITED,Regulation 7 (2),,2026-08-19,,,,,,,,,https://nsearchives.nseindia.com/corporate/ixbrl/IT_903_20260819_174746315_WEB.html,,,,,,,,,,,,,,
SIYSIL,SIYARAM SILK MILLS LIMITED,Regulation 7 (2),,2026-08-19,,,,,,,,,https://nsearchives.nseindia.com/corporate/ixbrl/IT_903_20260819_174746315_WEB.html,,,,,,,,,,,,,,
SIYSIL,SIYARAM SILK MILLS LIMITED,Regulation 7 (2),,2026-08-19,,,,,,,,,https://nsearchives.nseindia.com/corporate/ixbrl/IT_903_20260819_174746315_WEB.html,,,,,,,,,,,,,,
SIYSIL,SIYARAM SILK MILLS LIMITED,Regulation 7 (2),,2026-08-19,,,,,,,,,https://nsearchives.nseindia.com/corporate/ixbrl/IT_903_20260819_174746315_WEB.html,,,,,,,,,,,,,,
WSI,W S Industries (I) Limited,Regulation 7 (2),,2026-08-19,,,,,,,,,https://nsearchives.nseindia.com/corporate/ixbrl/IT_587_20260819_174048902_WEB.html,,,,,,,,,,,,,,
WSI,W S Industries (I) Limited,Regulation 7 (2),,2026-08-19,,,,,,,,,https://nsearchives.nseindia.com/corporate/ixbrl/IT_587_20260819_174048902_WEB.html,,,,,,,,,,,,,,
WSI,W S Industries (I) Limited,Regulation 7 (2),,2026-08-19,,,,,,,,,https://nsearchives.nseindia.com/corporate/ixbrl/IT_587_20260819_174048902_WEB.html,,,,,,,,,,,,,,
LANDMARK,Landmark Cars Limited,Regulation 7 (2),,2026-08-19,,,,,,,,,https://nsearchives.nseindia.com/corporate/ixbrl/IT_20392_20260819_190403669_WEB.html,,,,,,,,,,,,,,
STYLEBAAZA,Baazar Style Retail Limited,Regulation 7 (2),,2026-08-19,,,,,,,,,https://nsearchives.nseindia.com/corporate/ixbrl/IT_23456_20260819_173439383_WEB.html,,,,,,,,,,,,,,
HEXAGON,HEXAGON NUTRITION LIMITED,Regulation 7 (2),,2026-08-19,,,,,,,,,https://nsearchives.nseindia.com/corporate/ixbrl/IT_20301_20260819_173624881_WEB.html,,,,,,,,,,,,,,
HEXAGON,HEXAGON NUTRITION LIMITED,Regulation 7 (2),,2026-08-19,,,,,,,,,https://nsearchives.nseindia.com/corporate/ixbrl/IT_20301_20260819_173624881_WEB.html,,,,,,,,,,,,,,
HEXAGON,HEXAGON NUTRITION LIMITED,Regulation 7 (2),,2026-08-19,,,,,,,,,https://nsearchives.nseindia.com/corporate/ixbrl/IT_20301_20260819_173624881_WEB.html,,,,,,,,,,,,,,
MANAPPURAM,MANAPPURAM FINANCE LIMITED,Regulation 7 (2),,2026-08-19,,,,,,,,,https://nsearchives.nseindia.com/corporate/ixbrl/IT_3317_20260819_170940980_WEB.html,,,,,,,,,,,,,,
TAINWALCHM,TAINWALA CHEMICALS AND PLASTICS (INDIA) LIMITED,Regulation 7 (2),,2026-08-19,,,,,,,,,https://nsearchives.nseindia.com/corporate/ixbrl/IT_481_20260819_164248373_WEB.html,,,,,,,,,,,,,,
NILASPACES,NILA SPACES LIMITED,Regulation 7 (2),,2026-08-19,,,,,,,,,https://nsearchives.nseindia.com/corporate/ixbrl/IT_17088_20260819_171912156_WEB.html,,,,,,,,,,,,,,
ECLERX,eClerx Services Ltd,Regulation 7 (2),,2026-08-19,,,,,,,,,https://nsearchives.nseindia.com/corporate/ixbrl/IT_2698_20260819_171921779_WEB.html,,,,,,,,,,,,,,
NCC,NCC LIMITED,Regulation 7 (2),,2026-08-19,,,,,,,,,https://nsearchives.nseindia.com/corporate/ixbrl/IT_917_20260819_163413967_WEB.html,,,,,,,,,,,,,,
HEXAGON,HEXAGON NUTRITION LIMITED,Regulation 7 (2),,2026-08-19,,,,,,,,,https://nsearchives.nseindia.com/corporate/ixbrl/IT_20301_20260819_171014866_WEB.html,,,,,,,,,,,,,,
HEXAGON,HEXAGON NUTRITION LIMITED,Regulation 7 (2),,2026-08-19,,,,,,,,,https://nsearchives.nseindia.com/corporate/ixbrl/IT_20301_20260819_171014866_WEB.html,,,,,,,,,,,,,,
HEXAGON,HEXAGON NUTRITION LIMITED,Regulation 7 (2),,2026-08-19,,,,,,,,,https://nsearchives.nseindia.com/corporate/ixbrl/IT_20301_20260819_171014866_WEB.html,,,,,,,,,,,,,,
BIL,BHARTIYA INTERNATIONAL LIMITED,Regulation 7 (2),,2026-08-19,,,,,,,,,https://nsearchives.nseindia.com/corporate/ixbrl/IT_1877_20260819_140744535_WEB.html,,,,,,,,,,,,,,
BIL,BHARTIYA INTERNATIONAL LIMITED,Regulation 7 (2),,2026-08-19,,,,,,,,,https://nsearchives.nseindia.com/corporate/ixbrl/IT_1877_20260819_140744535_WEB.html,,,,,,,,,,,,,,
HCLTECH,HCL Technologies Limited,Regulation 7 (2),,2026-08-19,,,,,,,,,https://nsearchives.nseindia.com/corporate/ixbrl/IT_1828_20260819_170202721_WEB.html,,,,,,,,,,,,,,
HCLTECH,HCL Technologies Limited,Regulation 7 (2),,2026-08-19,,,,,,,,,https://nsearchives.nseindia.com/corporate/ixbrl/IT_1828_20260819_170202721_WEB.html,,,,,,,,,,,,,,
RPPINFRA,R P P Infra Projects Limited,Regulation 7 (2),,2026-08-19,,,,,,,,,https://nsearchives.nseindia.com/corporate/ixbrl/IT_3798_20260819_155248381_WEB.html,,,,,,,,,,,,,,
CORONA,CORONA Remedies Limited,Regulation 7 (2),,2026-08-19,,,,,,,,,https://nsearchives.nseindia.com/corporate/ixbrl/IT_25973_20260819_145548742_WEB.html,,,,,,,,,,,,,,
CORONA,CORONA Remedies Limited,Regulation 7 (2),,2026-08-19,,,,,,,,,https://nsearchives.nseindia.com/corporate/ixbrl/IT_25973_20260819_145548742_WEB.html,,,,,,,,,,,,,,
CORONA,CORONA Remedies Limited,Regulation 7 (2),,2026-08-19,,,,,,,,,https://nsearchives.nseindia.com/corporate/ixbrl/IT_25973_20260819_145548742_WEB.html,,,,,,,,,,,,,,
CORONA,CORONA Remedies Limited,Regulation 7 (2),,2026-08-19,,,,,,,,,https://nsearchives.nseindia.com/corporate/ixbrl/IT_25973_20260819_145548742_WEB.html,,,,,,,,,,,,,,
CORONA,CORONA Remedies Limited,Regulation 7 (2),,2026-08-19,,,,,,,,,https://nsearchives.nseindia.com/corporate/ixbrl/IT_25973_20260819_145548742_WEB.html,,,,,,,,,,,,,,
CORONA,CORONA Remedies Limited,Regulation 7 (2),,2026-08-19,,,,,,,,,https://nsearchives.nseindia.com/corporate/ixbrl/IT_25973_20260819_145548742_WEB.html,,,,,,,,,,,,,,
CORONA,CORONA Remedies Limited,Regulation 7 (2),,2026-08-19,,,,,,,,,https://nsearchives.nseindia.com/corporate/ixbrl/IT_25973_20260819_145548742_WEB.html,,,,,,,,,,,,,,
CORONA,CORONA Remedies Limited,Regulation 7 (2),,2026-08-19,,,,,,,,,https://nsearchives.nseindia.com/corporate/ixbrl/IT_25973_20260819_145548742_WEB.html,,,,,,,,,,,,,,
CORONA,CORONA Remedies Limited,Regulation 7 (2),,2026-08-19,,,,,,,,,https://nsearchives.nseindia.com/corporate/ixbrl/IT_25973_20260819_145548742_WEB.html,,,,,,,,,,,,,,
CORONA,CORONA Remedies Limited,Regulation 7 (2),,2026-08-19,,,,,,,,,https://nsearchives.nseindia.com/corporate/ixbrl/IT_25973_20260819_145548742_WEB.html,,,,,,,,,,,,,,
CORONA,CORONA Remedies Limited,Regulation 7 (2),,2026-08-19,,,,,,,,,https://nsearchives.nseindia.com/corporate/ixbrl/IT_25973_20260819_145548742_WEB.html,,,,,,,,,,,,,,
CORONA,CORONA Remedies Limited,Regulation 7 (2),,2026-08-19,,,,,,,,,https://nsearchives.nseindia.com/corporate/ixbrl/IT_25973_20260819_145548742_WEB.html,,,,,,,,,,,,,,
CORONA,CORONA Remedies Limited,Regulation 7 (2),,2026-08-19,,,,,,,,,https://nsearchives.nseindia.com/corporate/ixbrl/IT_25973_20260819_145548742_WEB.html,,,,,,,,,,,,,,
CORONA,CORONA Remedies Limited,Regulation 7 (2),,2026-08-19,,,,,,,,,https://nsearchives.nseindia.com/corporate/ixbrl/IT_25973_20260819_145548742_WEB.html,,,,,,,,,,,,,,
NCLIND,NCL INDUSTRIES LIMITED,Regulation 7 (2),,2026-08-19,,,,,,,,,https://nsearchives.nseindia.com/corporate/ixbrl/IT_2568_20260819_125759462_WEB.html,,,,,,,,,,,,,,
NCLIND,NCL INDUSTRIES LIMITED,Regulation 7 (2),,2026-08-19,,,,,,,,,https://nsearchives.nseindia.com/corporate/ixbrl/IT_2568_20260819_125759462_WEB.html,,,,,,,,,,,,,,
VGUARD,V-Guard Industries Limited,Regulation 7 (2),,2026-08-19,,,,,,,,,https://nsearchives.nseindia.com/corporate/ixbrl/IT_2734_20260819_114942509_WEB.html,,,,,,,,,,,,,,
VGUARD,V-Guard Industries Limited,Regulation 7 (2),,2026-08-19,,,,,,,,,https://nsearchives.nseindia.com/corporate/ixbrl/IT_2734_20260819_114942509_WEB.html,,,,,,,,,,,,,,
VGUARD,V-Guard Industries Limited,Regulation 7 (2),,2026-08-19,,,,,,,,,https://nsearchives.nseindia.com/corporate/ixbrl/IT_2734_20260819_114942509_WEB.html,,,,,,,,,,,,,,
AVONMORE,AVONMORE CAPITAL & MANAGEMENT SERVICES  LIMITED,Regulation 7 (2),,2026-08-19,,,,,,,,,https://nsearchives.nseindia.com/corporate/ixbrl/IT_20397_20260819_103606504_WEB.html,,,,,,,,,,,,,,
360ONE,360 ONE WAM LIMITED,Regulation 7 (2),,2026-08-19,,,,,,,,,https://nsearchives.nseindia.com/corporate/ixbrl/IT_17593_20260819_134913857_WEB.html,,,,,,,,,,,,,,
OBCL,OBCL LIMITED,Regulation 7 (2),,2026-08-19,,,,,,,,,https://nsearchives.nseindia.com/corporate/ixbrl/IT_20443_20260819_095656608_WEB.html,,,,,,,,,,,,,,
SIGIND,Signet Industries Limited,Regulation 7 (2),,2026-08-19,,,,,,,,,https://nsearchives.nseindia.com/corporate/ixbrl/IT_16593_20260819_105124536_WEB.html,,,,,,,,,,,,,,
VGUARD,V-Guard Industries Limited,Regulation 7 (2),,2026-08-19,,,,,,,,,https://nsearchives.nseindia.com/corporate/ixbrl/IT_2734_20260819_114106563_WEB.html,,,,,,,,,,,,,,
VGUARD,V-Guard Industries Limited,Regulation 7 (2),,2026-08-19,,,,,,,,,https://nsearchives.nseindia.com/corporate/ixbrl/IT_2734_20260819_114106563_WEB.html,,,,,,,,,,,,,,
VGUARD,V-Guard Industries Limited,Regulation 7 (2),,2026-08-19,,,,,,,,,https://nsearchives.nseindia.com/corporate/ixbrl/IT_2734_20260819_114106563_WEB.html,,,,,,,,,,,,,,
VSTL,VIBHOR STEEL TUBES LIMITED,Regulation 7 (2),,2026-08-19,,,,,,,,,https://nsearchives.nseindia.com/corporate/ixbrl/IT_22607_20260819_103557390_WEB.html,,,,,,,,,,,,,,
TTL,T T LIMITED,Regulation 7 (2),,2026-08-18,,,,,,,,,https://nsearchives.nseindia.com/corporate/ixbrl/IT_2534_20260818_184934159_WEB.html,,,,,,,,,,,,,,
JAYSREETEA,JAY SHREE TEA & INDUSTRIES LTD,Regulation 7 (2),,2026-08-18,,,,,,,,,https://nsearchives.nseindia.com/corporate/ixbrl/IT_1139_20260818_203834364_WEB.html,,,,,,,,,,,,,,
JAYSREETEA,JAY SHREE TEA & INDUSTRIES LTD,Regulation 7 (2),,2026-08-18,,,,,,,,,https://nsearchives.nseindia.com/corporate/ixbrl/IT_1139_20260818_203834364_WEB.html,,,,,,,,,,,,,,
ALPHAGEO,ALPHAGEO (INDIA) LIMITED,Regulation 7 (2),,2026-08-18,,,,,,,,,https://nsearchives.nseindia.com/corporate/ixbrl/IT_2590_20260818_174935187_WEB.html,,,,,,,,,,,,,,
ALPHAGEO,ALPHAGEO (INDIA) LIMITED,Regulation 7 (2),,2026-08-18,,,,,,,,,https://nsearchives.nseindia.com/corporate/ixbrl/IT_2590_20260818_174935187_WEB.html,,,,,,,,,,,,,,
LANDMARK,Landmark Cars Limited,Regulation 7 (2),,2026-08-18,,,,,,,,,https://nsearchives.nseindia.com/corporate/ixbrl/IT_20392_20260818_182417248_WEB.html,,,,,,,,,,,,,,
LALPATHLAB,DR. LAL PATHLABS LIMITED,Regulation 7 (2),,2026-08-18,,,,,,,,,https://nsearchives.nseindia.com/corporate/ixbrl/IT_13310_20260818_180900696_WEB.html,,,,,,,,,,,,,,
LALPATHLAB,DR. LAL PATHLABS LIMITED,Regulation 7 (2),,2026-08-18,,,,,,,,,https://nsearchives.nseindia.com/corporate/ixbrl/IT_13310_20260818_180900696_WEB.html,,,,,,,,,,,,,,
LALPATHLAB,DR. LAL PATHLABS LIMITED,Regulation 7 (2),,2026-08-18,,,,,,,,,https://nsearchives.nseindia.com/corporate/ixbrl/IT_13310_20260818_180900696_WEB.html,,,,,,,,,,,,,,
LALPATHLAB,DR. LAL PATHLABS LIMITED,Regulation 7 (2),,2026-08-18,,,,,,,,,https://nsearchives.nseindia.com/corporate/ixbrl/IT_13310_20260818_180900696_WEB.html,,,,,,,,,,,,,,
LALPATHLAB,DR. LAL PATHLABS LIMITED,Regulation 7 (2),,2026-08-18,,,,,,,,,https://nsearchives.nseindia.com/corporate/ixbrl/IT_13310_20260818_180900696_WEB.html,,,,,,,,,,,,,,
LALPATHLAB,DR. LAL PATHLABS LIMITED,Regulation 7 (2),,2026-08-18,,,,,,,,,https://nsearchives.nseindia.com/corporate/ixbrl/IT_13310_20260818_180900696_WEB.html,,,,,,,,,,,,,,
BLUESTONE,BlueStone Jewellery and Lifestyle Limited,Regulation 7 (2),,2026-08-18,,,,,,,,,https://nsearchives.nseindia.com/corporate/ixbrl/IT_25008_20260818_173914601_WEB.html,,,,,,,,,,,,,,
STYLEBAAZA,Baazar Style Retail Limited,Regulation 7 (2),,2026-08-18,,,,,,,,,https://nsearchives.nseindia.com/corporate/ixbrl/IT_23456_20260818_180518701_WEB.html,,,,,,,,,,,,,,
STYLEBAAZA,Baazar Style Retail Limited,Regulation 7 (2),,2026-08-18,,,,,,,,,https://nsearchives.nseindia.com/corporate/ixbrl/IT_23456_20260818_180518701_WEB.html,,,,,,,,,,,,,,
STYLEBAAZA,Baazar Style Retail Limited,Regulation 7 (2),,2026-08-18,,,,,,,,,https://nsearchives.nseindia.com/corporate/ixbrl/IT_23456_20260818_180518701_WEB.html,,,,,,,,,,,,,,
STYLEBAAZA,Baazar Style Retail Limited,Regulation 7 (2),,2026-08-18,,,,,,,,,https://nsearchives.nseindia.com/corporate/ixbrl/IT_23456_20260818_180518701_WEB.html,,,,,,,,,,,,,,
BLUESTONE,BlueStone Jewellery and Lifestyle Limited,Regulation 7 (2),,2026-08-18,,,,,,,,,https://nsearchives.nseindia.com/corporate/ixbrl/IT_25008_20260818_173850684_WEB.html,,,,,,,,,,,,,,
BLUESTONE,BlueStone Jewellery and Lifestyle Limited,Regulation 7 (2),,2026-08-18,,,,,,,,,https://nsearchives.nseindia.com/corporate/ixbrl/IT_25008_20260818_173850684_WEB.html,,,,,,,,,,,,,,
MENONBE,Menon Bearings Limited,Regulation 7 (2),,2026-08-18,,,,,,,,,https://nsearchives.nseindia.com/corporate/ixbrl/IT_11603_20260818_173608391_WEB.html,,,,,,,,,,,,,,
MENONBE,Menon Bearings Limited,Regulation 7 (2),,2026-08-18,,,,,,,,,https://nsearchives.nseindia.com/corporate/ixbrl/IT_11603_20260818_173608391_WEB.html,,,,,,,,,,,,,,
MENONBE,Menon Bearings Limited,Regulation 7 (2),,2026-08-18,,,,,,,,,https://nsearchives.nseindia.com/corporate/ixbrl/IT_11603_20260818_173608391_WEB.html,,,,,,,,,,,,,,
WSI,W S Industries (I) Limited,Regulation 7 (2),,2026-08-18,,,,,,,,,https://nsearchives.nseindia.com/corporate/ixbrl/IT_587_20260818_174142271_WEB.html,,,,,,,,,,,,,,
WSI,W S Industries (I) Limited,Regulation 7 (2),,2026-08-18,,,,,,,,,https://nsearchives.nseindia.com/corporate/ixbrl/IT_587_20260818_174142271_WEB.html,,,,,,,,,,,,,,
VPRPL,VISHNU PRAKASH R PUNGLIA LIMITED,Regulation 7 (2),,2026-08-18,,,,,,,,,https://nsearchives.nseindia.com/corporate/ixbrl/IT_21894_20260818_172822345_WEB.html,,,,,,,,,,,,,,"Due to clerical oversight, the resubmission has been done."
MENONBE,Menon Bearings Limited,Regulation 7 (2),,2026-08-18,,,,,,,,,https://nsearchives.nseindia.com/corporate/ixbrl/IT_11603_20260818_173429720_WEB.html,,,,,,,,,,,,,,
MENONBE,Menon Bearings Limited,Regulation 7 (2),,2026-08-18,,,,,,,,,https://nsearchives.nseindia.com/corporate/ixbrl/IT_11603_20260818_173429720_WEB.html,,,,,,,,,,,,,,
MENONBE,Menon Bearings Limited,Regulation 7 (2),,2026-08-18,,,,,,,,,https://nsearchives.nseindia.com/corporate/ixbrl/IT_11603_20260818_173429720_WEB.html,,,,,,,,,,,,,,
HAPPYFORGE,HAPPY FORGINGS LIMITED,Regulation 7 (2),,2026-08-13,,,,,,,,,https://nsearchives.nseindia.com/corporate/ixbrl/IT_22370_20260818_172126302_WEB.html,,,,,,,,,,,,,,"The details of the shares sold by Mr. Bajirao Pandurang Patil were inadvertently  reported as 862 whereas the actual number of  shares sold was 864 . The transaction was undertaken pursuant to the requisite pre-clearance obtained under the Company's Code of Conduct framed under the SEBI (Prohibition of Insider Trading) Regulations, 2015 The same has been corrected through this revised filing."
AARTIPHARM,Aarti Pharmalabs Ltd,Regulation 7 (2),,2026-08-18,,,,,,,,,https://nsearchives.nseindia.com/corporate/ixbrl/IT_21272_20260818_171444397_WEB.html,,,,,,,,,,,,,,
AARTIPHARM,Aarti Pharmalabs Ltd,Regulation 7 (2),,2026-08-18,,,,,,,,,https://nsearchives.nseindia.com/corporate/ixbrl/IT_21272_20260818_171444397_WEB.html,,,,,,,,,,,,,,
AARTIPHARM,Aarti Pharmalabs Ltd,Regulation 7 (2),,2026-08-18,,,,,,,,,https://nsearchives.nseindia.com/corporate/ixbrl/IT_21272_20260818_171444397_WEB.html,,,,,,,,,,,,,,
AARTIPHARM,Aarti Pharmalabs Ltd,Regulation 7 (2),,2026-08-18,,,,,,,,,https://nsearchives.nseindia.com/corporate/ixbrl/IT_21272_20260818_171444397_WEB.html,,,,,,,,,,,,,,
BLUESTONE,BlueStone Jewellery and Lifestyle Limited,Regulation 7 (2),,2026-08-18,,,,,,,,,https://nsearchives.nseindia.com/corporate/ixbrl/IT_25008_20260818_173830957_WEB.html,,,,,,,,,,,,,,
BLUESTONE,BlueStone Jewellery and Lifestyle Limited,Regulation 7 (2),,2026-08-18,,,,,,,,,https://nsearchives.nseindia.com/corporate/ixbrl/IT_25008_20260818_173830957_WEB.html,,,,,,,,,,,,,,
BLUESTONE,BlueStone Jewellery and Lifestyle Limited,Regulation 7 (2),,2026-08-18,,,,,,,,,https://nsearchives.nseindia.com/corporate/ixbrl/IT_25008_20260818_173830957_WEB.html,,,,,,,,,,,,,,
WSI,W.S. Industries (India) Limited,Regulation 7 (2),,2026-08-18,,,,,,,,,https://nsearchives.nseindia.com/corporate/ixbrl/IT_587_20260818_172700371_WEB.html,,,,,,,,,,,,,,
WSI,W.S. Industries (India) Limited,Regulation 7 (2),,2026-08-18,,,,,,,,,https://nsearchives.nseindia.com/corporate/ixbrl/IT_587_20260818_172700371_WEB.html,,,,,,,,,,,,,,
MENONBE,Menon Bearings Limited,Regulation 7 (2),,2026-08-18,,,,,,,,,https://nsearchives.nseindia.com/corporate/ixbrl/IT_11603_20260818_173506342_WEB.html,,,,,,,,,,,,,,
MENONBE,Menon Bearings Limited,Regulation 7 (2),,2026-08-18,,,,,,,,,https://nsearchives.nseindia.com/corporate/ixbrl/IT_11603_20260818_173506342_WEB.html,,,,,,,,,,,,,,
MENONBE,Menon Bearings Limited,Regulation 7 (2),,2026-08-18,,,,,,,,,https://nsearchives.nseindia.com/corporate/ixbrl/IT_11603_20260818_173506342_WEB.html,,,,,,,,,,,,,,
HAPPYFORGE,HAPPY FORGINGS LIMITED,Regulation 7 (2),,2026-08-18,,,,,,,,,https://nsearchives.nseindia.com/corporate/ixbrl/IT_22370_20260818_164740667_WEB.html,,,,,,,,,,,,,,
KPITTECH,KPIT TECHNOLOGIES LIMITED,Regulation 7 (2),,2026-08-18,,,,,,,,,https://nsearchives.nseindia.com/corporate/ixbrl/IT_17417_20260818_160920314_WEB.html,,,,,,,,,,,,,,
JARO,JARO INSTITUTE OF TECHNOLOGY MANAGEMENT AND RESEARCH LIMITED,Regulation 7 (2),,2026-08-18,,,,,,,,,https://nsearchives.nseindia.com/corporate/ixbrl/IT_24645_20260818_171952665_WEB.html,,,,,,,,,,,,,,
FSL,Firstsource Solutions Limited,Regulation 7 (2),,2026-08-18,,,,,,,,,https://nsearchives.nseindia.com/corporate/ixbrl/IT_2535_20260818_153730293_WEB.html,,,,,,,,,,,,,,
FSL,Firstsource Solutions Limited,Regulation 7 (2),,2026-08-18,,,,,,,,,https://nsearchives.nseindia.com/corporate/ixbrl/IT_2535_20260818_153730293_WEB.html,,,,,,,,,,,,,,
GOCOLORS,GO FASHION (INDIA) LIMITED,Regulation 7 (2),,2026-08-18,,,,,,,,,https://nsearchives.nseindia.com/corporate/ixbrl/IT_19868_20260818_162000683_WEB.html,,,,,,,,,,,,,,
SANGAMIND,SANGAM (INDIA) LIMITED,Regulation 7 (2),,2026-08-18,,,,,,,,,https://nsearchives.nseindia.com/corporate/ixbrl/IT_1381_20260818_163647720_WEB.html,,,,,,,,,,,,,,
SANGAMIND,SANGAM (INDIA) LIMITED,Regulation 7 (2),,2026-08-18,,,,,,,,,https://nsearchives.nseindia.com/corporate/ixbrl/IT_1381_20260818_163647720_WEB.html,,,,,,,,,,,,,,
ECLERX,eClerx Services Ltd,Regulation 7 (2),,2026-08-18,,,,,,,,,https://nsearchives.nseindia.com/corporate/ixbrl/IT_2698_20260818_134414600_WEB.html,,,,,,,,,,,,,,
SIGIND,Signet Industries Limited,Regulation 7 (2),,2026-08-18,,,,,,,,,https://nsearchives.nseindia.com/corporate/ixbrl/IT_16593_20260818_134231601_WEB.html,,,,,,,,,,,,,,
AVONMORE,AVONMORE CAPITAL & MANAGEMENT SERVICES  LIMITED,Regulation 7 (2),,2026-08-18,,,,,,,,,https://nsearchives.nseindia.com/corporate/ixbrl/IT_20397_20260818_131116559_WEB.html,,,,,,,,,,,,,,
NAUKRI,Info Edge (India) Limited,Regulation 7 (2),,2026-08-18,,,,,,,,,https://nsearchives.nseindia.com/corporate/ixbrl/IT_2460_20260818_163634088_WEB.html,,,,,,,,,,,,,,
NAUKRI,Info Edge (India) Limited,Regulation 7 (2),,2026-08-18,,,,,,,,,https://nsearchives.nseindia.com/corporate/ixbrl/IT_2460_20260818_163634088_WEB.html,,,,,,,,,,,,,,
NAUKRI,Info Edge (India) Limited,Regulation 7 (2),,2026-08-18,,,,,,,,,https://nsearchives.nseindia.com/corporate/ixbrl/IT_2460_20260818_163634088_WEB.html,,,,,,,,,,,,,,
NAUKRI,Info Edge (India) Limited,Regulation 7 (2),,2026-08-18,,,,,,,,,https://nsearchives.nseindia.com/corporate/ixbrl/IT_2460_20260818_163634088_WEB.html,,,,,,,,,,,,,,
NAUKRI,Info Edge (India) Limited,Regulation 7 (2),,2026-08-18,,,,,,,,,https://nsearchives.nseindia.com/corporate/ixbrl/IT_2460_20260818_163634088_WEB.html,,,,,,,,,,,,,,
NAUKRI,Info Edge (India) Limited,Regulation 7 (2),,2026-08-18,,,,,,,,,https://nsearchives.nseindia.com/corporate/ixbrl/IT_2460_20260818_163634088_WEB.html,,,,,,,,,,,,,,
NAUKRI,Info Edge (India) Limited,Regulation 7 (2),,2026-08-18,,,,,,,,,https://nsearchives.nseindia.com/corporate/ixbrl/IT_2460_20260818_163634088_WEB.html,,,,,,,,,,,,,,
NAUKRI,Info Edge (India) Limited,Regulation 7 (2),,2026-08-18,,,,,,,,,https://nsearchives.nseindia.com/corporate/ixbrl/IT_2460_20260818_163634088_WEB.html,,,,,,,,,,,,,,
NAUKRI,Info Edge (India) Limited,Regulation 7 (2),,2026-08-18,,,,,,,,,https://nsearchives.nseindia.com/corporate/ixbrl/IT_2460_20260818_163634088_WEB.html,,,,,,,,,,,,,,
JUBLFOOD,JUBILANT FOODWORKS LIMITED,Regulation 7 (2),,2026-08-18,,,,,,,,,https://nsearchives.nseindia.com/corporate/ixbrl/IT_3061_20260818_115414369_WEB.html,,,,,,,,,,,,,,
OBCL,OBCL LIMITED,Regulation 7 (2),,2026-08-17,,,,,,,,,https://nsearchives.nseindia.com/corporate/ixbrl/IT_20443_20260818_102746360_WEB.html,,,,,,,,,,,,,,
AVONMORE,AVONMORE CAPITAL & MANAGEMENT SERVICES  LIMITED,Regulation 7 (2),,2026-08-18,,,,,,,,,https://nsearchives.nseindia.com/corporate/ixbrl/IT_20397_20260818_130835104_WEB.html,,,,,,,,,,,,,,
FISCHER,Fischer Medical Ventures Limited,Regulation 7 (2),,2026-08-18,,,,,,,,,https://nsearchives.nseindia.com/corporate/ixbrl/IT_26115_20260818_121257576_WEB.html,,,,,,,,,,,,,,
TITAN,TITAN COMPANY LIMITED,Regulation 7 (3),,2026-08-18,,,,,,,,,https://nsearchives.nseindia.com/corporate/ixbrl/IT_233_20260818_101914300_WEB.html,,,,,,,,,,,,,,
THYROCARE,Thyrocare Technologies Limited,Regulation 7 (2),,2026-08-18,,,,,,,,,https://nsearchives.nseindia.com/corporate/ixbrl/IT_13770_20260818_105422722_WEB.html,,,,,,,,,,,,,,
NAM-INDIA,Nippon Life India Asset Management Limited,Regulation 7 (2),,2026-08-17,,,,,,,,,https://nsearchives.nseindia.com/corporate/ixbrl/IT_15552_20260817_224451230_WEB.html,,,,,,,,,,,,,,
NAM-INDIA,Nippon Life India Asset Management Limited,Regulation 7 (2),,2026-08-17,,,,,,,,,https://nsearchives.nseindia.com/corporate/ixbrl/IT_15552_20260817_224451230_WEB.html,,,,,,,,,,,,,,
NAM-INDIA,Nippon Life India Asset Management Limited,Regulation 7 (2),,2026-08-17,,,,,,,,,https://nsearchives.nseindia.com/corporate/ixbrl/IT_15552_20260817_224451230_WEB.html,,,,,,,,,,,,,,
NAM-INDIA,Nippon Life India Asset Management Limited,Regulation 7 (2),,2026-08-17,,,,,,,,,https://nsearchives.nseindia.com/corporate/ixbrl/IT_15552_20260817_224451230_WEB.html,,,,,,,,,,,,,,
NAM-INDIA,Nippon Life India Asset Management Limited,Regulation 7 (2),,2026-08-17,,,,,,,,,https://nsearchives.nseindia.com/corporate/ixbrl/IT_15552_20260817_224451230_WEB.html,,,,,,,,,,,,,,
NAM-INDIA,Nippon Life India Asset Management Limited,Regulation 7 (2),,2026-08-17,,,,,,,,,https://nsearchives.nseindia.com/corporate/ixbrl/IT_15552_20260817_224451230_WEB.html,,,,,,,,,,,,,,
NAM-INDIA,Nippon Life India Asset Management Limited,Regulation 7 (2),,2026-08-17,,,,,,,,,https://nsearchives.nseindia.com/corporate/ixbrl/IT_15552_20260817_224451230_WEB.html,,,,,,,,,,,,,,
NAM-INDIA,Nippon Life India Asset Management Limited,Regulation 7 (2),,2026-08-17,,,,,,,,,https://nsearchives.nseindia.com/corporate/ixbrl/IT_15552_20260817_224451230_WEB.html,,,,,,,,,,,,,,
NAM-INDIA,Nippon Life India Asset Management Limited,Regulation 7 (2),,2026-08-17,,,,,,,,,https://nsearchives.nseindia.com/corporate/ixbrl/IT_15552_20260817_224451230_WEB.html,,,,,,,,,,,,,,
NAM-INDIA,Nippon Life India Asset Management Limited,Regulation 7 (2),,2026-08-17,,,,,,,,,https://nsearchives.nseindia.com/corporate/ixbrl/IT_15552_20260817_224451230_WEB.html,,,,,,,,,,,,,,
NAM-INDIA,Nippon Life India Asset Management Limited,Regulation 7 (2),,2026-08-17,,,,,,,,,https://nsearchives.nseindia.com/corporate/ixbrl/IT_15552_20260817_224451230_WEB.html,,,,,,,,,,,,,,
NAM-INDIA,Nippon Life India Asset Management Limited,Regulation 7 (2),,2026-08-17,,,,,,,,,https://nsearchives.nseindia.com/corporate/ixbrl/IT_15552_20260817_224451230_WEB.html,,,,,,,,,,,,,,
NAM-INDIA,Nippon Life India Asset Management Limited,Regulation 7 (2),,2026-08-17,,,,,,,,,https://nsearchives.nseindia.com/corporate/ixbrl/IT_15552_20260817_224451230_WEB.html,,,,,,,,,,,,,,
VSTL,VIBHOR STEEL TUBES LIMITED,Regulation 7 (2),,2026-08-18,,,,,,,,,https://nsearchives.nseindia.com/corporate/ixbrl/IT_22607_20260818_105114099_WEB.html,,,,,,,,,,,,,,
ICRA,ICRA Limited,Regulation 7 (2),,2026-08-17,,,,,,,,,https://nsearchives.nseindia.com/corporate/ixbrl/IT_2575_20260817_230902556_WEB.html,,,,,,,,,,,,,,
ICRA,ICRA Limited,Regulation 7 (2),,2026-08-17,,,,,,,,,https://nsearchives.nseindia.com/corporate/ixbrl/IT_2575_20260817_230804023_WEB.html,,,,,,,,,,,,,,
NAUKRI,Info Edge (India) Limited,Regulation 7 (2),,2026-08-17,,,,,,,,,https://nsearchives.nseindia.com/corporate/ixbrl/IT_2460_20260817_200512307_WEB.html,,,,,,,,,,,,,,
NAUKRI,Info Edge (India) Limited,Regulation 7 (2),,2026-08-17,,,,,,,,,https://nsearchives.nseindia.com/corporate/ixbrl/IT_2460_20260817_200512307_WEB.html,,,,,,,,,,,,,,
NCLIND,NCL INDUSTRIES LIMITED,Regulation 7 (2),,2026-08-17,,,,,,,,,https://nsearchives.nseindia.com/corporate/ixbrl/IT_2568_20260817_221332402_WEB.html,,,,,,,,,,,,,,
RPPINFRA,R P P Infra Projects Limited,Regulation 7 (2),,2026-08-17,,,,,,,,,https://nsearchives.nseindia.com/corporate/ixbrl/IT_3798_20260817_171320324_WEB.html,,,,,,,,,,,,,,
ANUP,THE ANUP ENGINEERING LIMITED,Regulation 7 (2),,2026-08-17,,,,,,,,,https://nsearchives.nseindia.com/corporate/ixbrl/IT_17254_20260817_174039652_WEB.html,,,,,,,,,,,,,,
ANUP,THE ANUP ENGINEERING LIMITED,Regulation 7 (2),,2026-08-17,,,,,,,,,https://nsearchives.nseindia.com/corporate/ixbrl/IT_17254_20260817_174039652_WEB.html,,,,,,,,,,,,,,
ANUP,THE ANUP ENGINEERING LIMITED,Regulation 7 (2),,2026-08-17,,,,,,,,,https://nsearchives.nseindia.com/corporate/ixbrl/IT_17254_20260817_174039652_WEB.html,,,,,,,,,,,,,,
BALUFORGE,BALU FORGE INDUSTRIES LIMITED,Regulation 7 (2),,2026-08-17,,,,,,,,,https://nsearchives.nseindia.com/corporate/ixbrl/IT_21961_20260817_164819646_WEB.html,,,,,,,,,,,,,,
ADFFOODS,ADF FOODS LIMITED,Regulation 7 (2),,2026-08-17,,,,,,,,,https://nsearchives.nseindia.com/corporate/ixbrl/IT_3510_20260817_183438215_WEB.html,,,,,,,,,,,,,,
ALEMBICLTD,Alembic Limited,Regulation 7 (2),,2026-08-17,,,,,,,,,https://nsearchives.nseindia.com/corporate/ixbrl/IT_1817_20260817_193408112_WEB.html,,,,,,,,,,,,,,
HCLTECH,HCL Technologies Limited,Regulation 7 (2),,2026-08-17,,,,,,,,,https://nsearchives.nseindia.com/corporate/ixbrl/IT_1828_20260817_170756393_WEB.html,,,,,,,,,,,,,,
HCLTECH,HCL Technologies Limited,Regulation 7 (2),,2026-08-17,,,,,,,,,https://nsearchives.nseindia.com/corporate/ixbrl/IT_1828_20260817_170756393_WEB.html,,,,,,,,,,,,,,
HCLTECH,HCL Technologies Limited,Regulation 7 (2),,2026-08-17,,,,,,,,,https://nsearchives.nseindia.com/corporate/ixbrl/IT_1828_20260817_170756393_WEB.html,,,,,,,,,,,,,,
HCLTECH,HCL Technologies Limited,Regulation 7 (2),,2026-08-17,,,,,,,,,https://nsearchives.nseindia.com/corporate/ixbrl/IT_1828_20260817_170756393_WEB.html,,,,,,,,,,,,,,
HCLTECH,HCL Technologies Limited,Regulation 7 (2),,2026-08-17,,,,,,,,,https://nsearchives.nseindia.com/corporate/ixbrl/IT_1828_20260817_170756393_WEB.html,,,,,,,,,,,,,,
HCLTECH,HCL Technologies Limited,Regulation 7 (2),,2026-08-17,,,,,,,,,https://nsearchives.nseindia.com/corporate/ixbrl/IT_1828_20260817_170756393_WEB.html,,,,,,,,,,,,,,
HCLTECH,HCL Technologies Limited,Regulation 7 (2),,2026-08-17,,,,,,,,,https://nsearchives.nseindia.com/corporate/ixbrl/IT_1828_20260817_170756393_WEB.html,,,,,,,,,,,,,,
SUMEETINDS,SUMEET INDUSTRIES LIMITED,Regulation 7 (2),,2026-08-17,,,,,,,,,https://nsearchives.nseindia.com/corporate/ixbrl/IT_3809_20260817_163526266_WEB.html,,,,,,,,,,,,,,
SWARAJ,SWARAJ SUITING LIMITED,Regulation 7 (2),,2026-08-17,,,,,,,,,https://nsearchives.nseindia.com/corporate/ixbrl/IT_20487_20260817_185623460_WEB.html,,,,,,,,,,,,,,
SWARAJ,SWARAJ SUITING LIMITED,Regulation 7 (2),,2026-08-17,,,,,,,,,https://nsearchives.nseindia.com/corporate/ixbrl/IT_20487_20260817_185623460_WEB.html,,,,,,,,,,,,,,
LEAPIND,LEAP India Limited,Regulation 7 (2),,2026-08-17,,,,,,,,,https://nsearchives.nseindia.com/corporate/ixbrl/IT_26828_20260817_155740568_WEB.html,,,,,,,,,,,,,,
LEAPIND,LEAP India Limited,Regulation 7 (2),,2026-08-17,,,,,,,,,https://nsearchives.nseindia.com/corporate/ixbrl/IT_26828_20260817_155740568_WEB.html,,,,,,,,,,,,,,
JUBLINGREA,JUBILANT INGREVIA LIMITED,Regulation 7 (2),,2026-08-17,,,,,,,,,https://nsearchives.nseindia.com/corporate/ixbrl/IT_19288_20260817_153837402_WEB.html,,,,,,,,,,,,,,
BALUFORGE,BALU FORGE INDUSTRIES LIMITED,Regulation 7 (2),,2026-08-17,,,,,,,,,https://nsearchives.nseindia.com/corporate/ixbrl/IT_21961_20260817_155647519_WEB.html,,,,,,,,,,,,,,
JUBLINGREA,JUBILANT INGREVIA LIMITED,Regulation 7 (2),,2026-08-17,,,,,,,,,https://nsearchives.nseindia.com/corporate/ixbrl/IT_19288_20260817_153632524_WEB.html,,,,,,,,,,,,,,
FISCHER,Fischer Medical Ventures Limited,Regulation 7 (2),,2026-08-17,,,,,,,,,https://nsearchives.nseindia.com/corporate/ixbrl/IT_26115_20260817_150920573_WEB.html,,,,,,,,,,,,,,
FISCHER,Fischer Medical Ventures Limited,Regulation 7 (2),,2026-08-17,,,,,,,,,https://nsearchives.nseindia.com/corporate/ixbrl/IT_26115_20260817_150920573_WEB.html,,,,,,,,,,,,,,
MACPOWER,MACPOWER CNC MACHINES LIMITED,Regulation 7 (2),,2026-08-17,,,,,,,,,https://nsearchives.nseindia.com/corporate/ixbrl/IT_15961_20260817_162506723_WEB.html,,,,,,,,,,,,,,
MACPOWER,MACPOWER CNC MACHINES LIMITED,Regulation 7 (2),,2026-08-17,,,,,,,,,https://nsearchives.nseindia.com/corporate/ixbrl/IT_15961_20260817_162506723_WEB.html,,,,,,,,,,,,,,
ESTER,ESTER INDUSTRIES LIMITED,Regulation 7 (2),,2026-08-17,,,,,,,,,https://nsearchives.nseindia.com/corporate/ixbrl/IT_4930_20260817_121941570_WEB.html,,,,,,,,,,,,,,
VGUARD,V-Guard Industries Limited,Regulation 7 (2),,2026-08-17,,,,,,,,,https://nsearchives.nseindia.com/corporate/ixbrl/IT_2734_20260817_122742429_WEB.html,,,,,,,,,,,,,,
VGUARD,V-Guard Industries Limited,Regulation 7 (2),,2026-08-17,,,,,,,,,https://nsearchives.nseindia.com/corporate/ixbrl/IT_2734_20260817_122742429_WEB.html,,,,,,,,,,,,,,
NIITMTS,NIIT Learning Systems Limited,Regulation 7 (2),,2026-08-17,,,,,,,,,https://nsearchives.nseindia.com/corporate/ixbrl/IT_22067_20260817_133249801_WEB.html,,,,,,,,,,,,,,
NIITMTS,NIIT Learning Systems Limited,Regulation 7 (2),,2026-08-17,,,,,,,,,https://nsearchives.nseindia.com/corporate/ixbrl/IT_22067_20260817_133249801_WEB.html,,,,,,,,,,,,,,
VGUARD,V-Guard Industries Limited,Regulation 7 (2),,2026-08-17,,,,,,,,,https://nsearchives.nseindia.com/corporate/ixbrl/IT_2734_20260817_124120400_WEB.html,,,,,,,,,,,,,,
VGUARD,V-Guard Industries Limited,Regulation 7 (2),,2026-08-17,,,,,,,,,https://nsearchives.nseindia.com/corporate/ixbrl/IT_2734_20260817_124120400_WEB.html,,,,,,,,,,,,,,
BLUESTONE,BlueStone Jewellery and Lifestyle Limited,Regulation 7 (2),,2026-08-14,,,,,,,,,https://nsearchives.nseindia.com/corporate/ixbrl/IT_25008_20260814_222830360_WEB.html,,,,,,,,,,,,,,
NAUKRI,Info Edge (India) Limited,Regulation 7 (2),,2026-08-14,,,,,,,,,https://nsearchives.nseindia.com/corporate/ixbrl/IT_2460_20260814_195020507_WEB.html,,,,,,,,,,,,,,
NAUKRI,Info Edge (India) Limited,Regulation 7 (2),,2026-08-14,,,,,,,,,https://nsearchives.nseindia.com/corporate/ixbrl/IT_2460_20260814_195020507_WEB.html,,,,,,,,,,,,,,
NAUKRI,Info Edge (India) Limited,Regulation 7 (2),,2026-08-14,,,,,,,,,https://nsearchives.nseindia.com/corporate/ixbrl/IT_2460_20260814_195020507_WEB.html,,,,,,,,,,,,,,
NAUKRI,Info Edge (India) Limited,Regulation 7 (2),,2026-08-14,,,,,,,,,https://nsearchives.nseindia.com/corporate/ixbrl/IT_2460_20260814_195020507_WEB.html,,,,,,,,,,,,,,
NAUKRI,Info Edge (India) Limited,Regulation 7 (2),,2026-08-14,,,,,,,,,https://nsearchives.nseindia.com/corporate/ixbrl/IT_2460_20260814_195020507_WEB.html,,,,,,,,,,,,,,
NAUKRI,Info Edge (India) Limited,Regulation 7 (2),,2026-08-14,,,,,,,,,https://nsearchives.nseindia.com/corporate/ixbrl/IT_2460_20260814_195020507_WEB.html,,,,,,,,,,,,,,
SONATSOFTW,Sonata Software Limited,Regulation 7 (2),,2026-08-14,,,,,,,,,https://nsearchives.nseindia.com/corporate/ixbrl/IT_1704_20260814_202153012_WEB.html,,,,,,,,,,,,,,
SONATSOFTW,Sonata Software Limited,Regulation 7 (2),,2026-08-14,,,,,,,,,https://nsearchives.nseindia.com/corporate/ixbrl/IT_1704_20260814_202153012_WEB.html,,,,,,,,,,,,,,
SONATSOFTW,Sonata Software Limited,Regulation 7 (2),,2026-08-14,,,,,,,,,https://nsearchives.nseindia.com/corporate/ixbrl/IT_1704_20260814_202458330_WEB.html,,,,,,,,,,,,,,
SONATSOFTW,Sonata Software Limited,Regulation 7 (2),,2026-08-14,,,,,,,,,https://nsearchives.nseindia.com/corporate/ixbrl/IT_1704_20260814_202458330_WEB.html,,,,,,,,,,,,,,
BLUESTONE,BlueStone Jewellery and Lifestyle Limited,Regulation 7 (2),,2026-08-14,,,,,,,,,https://nsearchives.nseindia.com/corporate/ixbrl/IT_25008_20260814_222918273_WEB.html,,,,,,,,,,,,,,
ECLERX,eClerx Services Ltd,Regulation 7 (2),,2026-08-14,,,,,,,,,https://nsearchives.nseindia.com/corporate/ixbrl/IT_2698_20260814_191413237_WEB.html,,,,,,,,,,,,,,
ECLERX,eClerx Services Ltd,Regulation 7 (2),,2026-08-14,,,,,,,,,https://nsearchives.nseindia.com/corporate/ixbrl/IT_2698_20260814_191413237_WEB.html,,,,,,,,,,,,,,
PONNIERODE,PONNI SUGARS (ERODE) LIMITED,Regulation 7 (2),,2026-08-17,,,,,,,,,https://nsearchives.nseindia.com/corporate/ixbrl/IT_2008_20260817_151938834_WEB.html,,,,,,,,,,,,,,
ZEEL,Zee Entertainment Enterprises Limited,Regulation 7 (2),,2026-08-14,,,,,,,,,https://nsearchives.nseindia.com/corporate/ixbrl/IT_1105_20260814_190434936_WEB.html,,,,,,,,,,,,,,
JSWSTEEL,JSW STEEL LIMITED,Regulation 7 (2),,2026-08-14,,,,,,,,,https://nsearchives.nseindia.com/corporate/ixbrl/IT_2266_20260814_180726543_WEB.html,,,,,,,,,,,,,,
JSWSTEEL,JSW STEEL LIMITED,Regulation 7 (2),,2026-08-14,,,,,,,,,https://nsearchives.nseindia.com/corporate/ixbrl/IT_2266_20260814_180726543_WEB.html,,,,,,,,,,,,,,
JSWSTEEL,JSW STEEL LIMITED,Regulation 7 (2),,2026-08-14,,,,,,,,,https://nsearchives.nseindia.com/corporate/ixbrl/IT_2266_20260814_180726543_WEB.html,,,,,,,,,,,,,,
JSWSTEEL,JSW STEEL LIMITED,Regulation 7 (2),,2026-08-14,,,,,,,,,https://nsearchives.nseindia.com/corporate/ixbrl/IT_2266_20260814_180726543_WEB.html,,,,,,,,,,,,,,
JSWSTEEL,JSW STEEL LIMITED,Regulation 7 (2),,2026-08-14,,,,,,,,,https://nsearchives.nseindia.com/corporate/ixbrl/IT_2266_20260814_180726543_WEB.html,,,,,,,,,,,,,,
JSWSTEEL,JSW STEEL LIMITED,Regulation 7 (2),,2026-08-14,,,,,,,,,https://nsearchives.nseindia.com/corporate/ixbrl/IT_2266_20260814_180726543_WEB.html,,,,,,,,,,,,,,
JSWSTEEL,JSW STEEL LIMITED,Regulation 7 (2),,2026-08-14,,,,,,,,,https://nsearchives.nseindia.com/corporate/ixbrl/IT_2266_20260814_180726543_WEB.html,,,,,,,,,,,,,,
JSWSTEEL,JSW STEEL LIMITED,Regulation 7 (2),,2026-08-14,,,,,,,,,https://nsearchives.nseindia.com/corporate/ixbrl/IT_2266_20260814_180726543_WEB.html,,,,,,,,,,,,,,
JSWSTEEL,JSW STEEL LIMITED,Regulation 7 (2),,2026-08-14,,,,,,,,,https://nsearchives.nseindia.com/corporate/ixbrl/IT_2266_20260814_180726543_WEB.html,,,,,,,,,,,,,,
JSWSTEEL,JSW STEEL LIMITED,Regulation 7 (2),,2026-08-14,,,,,,,,,https://nsearchives.nseindia.com/corporate/ixbrl/IT_2266_20260814_180726543_WEB.html,,,,,,,,,,,,,,
JSWSTEEL,JSW STEEL LIMITED,Regulation 7 (2),,2026-08-14,,,,,,,,,https://nsearchives.nseindia.com/corporate/ixbrl/IT_2266_20260814_180726543_WEB.html,,,,,,,,,,,,,,
DMART,AVENUE SUPERMARTS LIMITED,Regulation 7 (2),,2026-08-14,,,,,,,,,https://nsearchives.nseindia.com/corporate/ixbrl/IT_14711_20260814_175657027_WEB.html,,,,,,,,,,,,,,
DMART,AVENUE SUPERMARTS LIMITED,Regulation 7 (2),,2026-08-14,,,,,,,,,https://nsearchives.nseindia.com/corporate/ixbrl/IT_14711_20260814_175657027_WEB.html,,,,,,,,,,,,,,
TATACONSUM,Tata Consumer Products Limited,Regulation 7 (2),,2026-08-14,,,,,,,,,https://nsearchives.nseindia.com/corporate/ixbrl/IT_1098_20260814_172915381_WEB.html,,,,,,,,,,,,,,
AAKASH,AAKASH EXPLORATION SERVICES LIMITED,Regulation 7 (2),,2026-08-14,,,,,,,,,https://nsearchives.nseindia.com/corporate/ixbrl/IT_16114_20260814_160051234_WEB.html,,,,,,,,,,,,,,
AAKASH,AAKASH EXPLORATION SERVICES LIMITED,Regulation 7 (2),,2026-08-14,,,,,,,,,https://nsearchives.nseindia.com/corporate/ixbrl/IT_16114_20260814_160051234_WEB.html,,,,,,,,,,,,,,
VPRPL,VISHNU PRAKASH R PUNGLIA LIMITED,Regulation 7 (2),,2026-08-14,,,,,,,,,https://nsearchives.nseindia.com/corporate/ixbrl/IT_21894_20260814_185722357_WEB.html,,,,,,,,,,,,,,
BERGEPAINT,BERGER PAINTS (I) LIMITED,Regulation 7 (2),,2026-08-14,,,,,,,,,https://nsearchives.nseindia.com/corporate/ixbrl/IT_488_20260814_155732465_WEB.html,,,,,,,,,,,,,,
SHAILY,Shaily Engineering Plastics Limited,Regulation 7 (2),,2026-08-14,,,,,,,,,https://nsearchives.nseindia.com/corporate/ixbrl/IT_19072_20260814_145921627_WEB.html,,,,,,,,,,,,,,
SHAILY,Shaily Engineering Plastics Limited,Regulation 7 (2),,2026-08-14,,,,,,,,,https://nsearchives.nseindia.com/corporate/ixbrl/IT_19072_20260814_145921627_WEB.html,,,,,,,,,,,,,,
ARVINDFASN,ARVIND FASHIONS LIMITED,Regulation 7 (2),,2026-08-14,,,,,,,,,https://nsearchives.nseindia.com/corporate/ixbrl/IT_17278_20260814_175235711_WEB.html,,,,,,,,,,,,,,
INFY,Infosys Limited,Regulation 7 (2),,2026-08-14,,,,,,,,,https://nsearchives.nseindia.com/corporate/ixbrl/IT_180_20260814_163459246_WEB.html,,,,,,,,,,,,,,
TENNIND,Tenneco Clean Air India Limited,Regulation 7 (2),,2026-08-14,,,,,,,,,https://nsearchives.nseindia.com/corporate/ixbrl/IT_26440_20260814_143816658_WEB.html,,,,,,,,,,,,,,
TENNIND,Tenneco Clean Air India Limited,Regulation 7 (2),,2026-08-14,,,,,,,,,https://nsearchives.nseindia.com/corporate/ixbrl/IT_26440_20260814_143816658_WEB.html,,,,,,,,,,,,,,
KPITTECH,KPIT TECHNOLOGIES LIMITED,Regulation 7 (2),,2026-08-14,,,,,,,,,https://nsearchives.nseindia.com/corporate/ixbrl/IT_17417_20260814_115645043_WEB.html,,,,,,,,,,,,,,
SHAILY,Shaily Engineering Plastics Limited,Regulation 7 (2),,2026-08-14,,,,,,,,,https://nsearchives.nseindia.com/corporate/ixbrl/IT_19072_20260814_150615513_WEB.html,,,,,,,,,,,,,,
SHAILY,Shaily Engineering Plastics Limited,Regulation 7 (2),,2026-08-14,,,,,,,,,https://nsearchives.nseindia.com/corporate/ixbrl/IT_19072_20260814_150615513_WEB.html,,,,,,,,,,,,,,
AFFLE,Affle 3i Limited,Regulation 7 (2),,2026-08-14,,,,,,,,,https://nsearchives.nseindia.com/corporate/ixbrl/IT_17565_20260814_110632623_WEB.html,,,,,,,,,,,,,,
AFFLE,Affle 3i Limited,Regulation 7 (2),,2026-08-14,,,,,,,,,https://nsearchives.nseindia.com/corporate/ixbrl/IT_17565_20260814_110632623_WEB.html,,,,,,,,,,,,,,
AFFLE,Affle 3i Limited,Regulation 7 (2),,2026-08-14,,,,,,,,,https://nsearchives.nseindia.com/corporate/ixbrl/IT_17565_20260814_110632623_WEB.html,,,,,,,,,,,,,,
NCLIND,NCL INDUSTRIES LIMITED,Regulation 7 (2),,2026-08-14,,,,,,,,,https://nsearchives.nseindia.com/corporate/ixbrl/IT_2568_20260814_103410499_WEB.html,,,,,,,,,,,,,,
BLUESTONE,BlueStone Jewellery and Lifestyle Limited,Regulation 7 (2),,2026-08-13,,,,,,,,,https://nsearchives.nseindia.com/corporate/ixbrl/IT_25008_20260813_192726688_WEB.html,,,,,,,,,,,,,,
HCG,Healthcare Global Enterprises Limited,Regulation 7 (2),,2026-08-14,,,,,,,,,https://nsearchives.nseindia.com/corporate/ixbrl/IT_13642_20260814_114834363_WEB.html,,,,,,,,,,,,,,
KPITTECH,KPIT TECHNOLOGIES LIMITED,Regulation 7 (2),,2026-08-13,,,,,,,,,https://nsearchives.nseindia.com/corporate/ixbrl/IT_17417_20260813_185724932_WEB.html,,,,,,,,,,,,,,
KPITTECH,KPIT TECHNOLOGIES LIMITED,Regulation 7 (2),,2026-08-13,,,,,,,,,https://nsearchives.nseindia.com/corporate/ixbrl/IT_17417_20260813_185724932_WEB.html,,,,,,,,,,,,,,
FISCHER,Fischer Medical Ventures Limited,Regulation 7 (2),,2026-08-13,,,,,,,,,https://nsearchives.nseindia.com/corporate/ixbrl/IT_26115_20260813_190255997_WEB.html,,,,,,,,,,,,,,
FISCHER,Fischer Medical Ventures Limited,Regulation 7 (2),,2026-08-13,,,,,,,,,https://nsearchives.nseindia.com/corporate/ixbrl/IT_26115_20260813_190255997_WEB.html,,,,,,,,,,,,,,
METROPOLIS,Metropolis Healthcare Limited,Regulation 7 (2),,2026-08-13,,,,,,,,,https://nsearchives.nseindia.com/corporate/ixbrl/IT_17414_20260813_185045900_WEB.html,,,,,,,,,,,,,,
METROPOLIS,Metropolis Healthcare Limited,Regulation 7 (2),,2026-08-13,,,,,,,,,https://nsearchives.nseindia.com/corporate/ixbrl/IT_17414_20260813_185045900_WEB.html,,,,,,,,,,,,,,
AAKASH,AAKASH EXPLORATION SERVICES LIMITED,Regulation 7 (2),,2026-08-14,,,,,,,,,https://nsearchives.nseindia.com/corporate/ixbrl/IT_16114_20260814_155911199_WEB.html,,,,,,,,,,,,,,
AAKASH,AAKASH EXPLORATION SERVICES LIMITED,Regulation 7 (2),,2026-08-14,,,,,,,,,https://nsearchives.nseindia.com/corporate/ixbrl/IT_16114_20260814_155911199_WEB.html,,,,,,,,,,,,,,
DEEDEV,DEE Development Engineers Limited,Regulation 7 (2),,2026-08-10,,,,,,,,,https://nsearchives.nseindia.com/corporate/ixbrl/IT_22583_20260814_003050881_WEB.html,,,,,,,,,,,,,,
DEEDEV,DEE Development Engineers Limited,Regulation 7 (2),,2026-08-10,,,,,,,,,https://nsearchives.nseindia.com/corporate/ixbrl/IT_22583_20260814_003050881_WEB.html,,,,,,,,,,,,,,
TTL,T T LIMITED,Regulation 7 (2),,2026-08-13,,,,,,,,,https://nsearchives.nseindia.com/corporate/ixbrl/IT_2534_20260813_185352320_WEB.html,,,,,,,,,,,,,,
TTL,T T LIMITED,Regulation 7 (2),,2026-08-13,,,,,,,,,https://nsearchives.nseindia.com/corporate/ixbrl/IT_2534_20260813_183709639_WEB.html,,,,,,,,,,,,,,
HITECH,HI-TECH PIPES LIMITED,Regulation 7 (2),,2026-08-13,,,,,,,,,https://nsearchives.nseindia.com/corporate/ixbrl/IT_13489_20260813_184709481_WEB.html,,,,,,,,,,,,,,
HITECH,HI-TECH PIPES LIMITED,Regulation 7 (2),,2026-08-13,,,,,,,,,https://nsearchives.nseindia.com/corporate/ixbrl/IT_13489_20260813_184709481_WEB.html,,,,,,,,,,,,,,
HITECH,HI-TECH PIPES LIMITED,Regulation 7 (2),,2026-08-13,,,,,,,,,https://nsearchives.nseindia.com/corporate/ixbrl/IT_13489_20260813_184709481_WEB.html,,,,,,,,,,,,,,
THYROCARE,Thyrocare Technologies Limited,Regulation 7 (2),,2026-08-13,,,,,,,,,https://nsearchives.nseindia.com/corporate/ixbrl/IT_13770_20260813_173430467_WEB.html,,,,,,,,,,,,,,
THYROCARE,Thyrocare Technologies Limited,Regulation 7 (2),,2026-08-13,,,,,,,,,https://nsearchives.nseindia.com/corporate/ixbrl/IT_13770_20260813_173430467_WEB.html,,,,,,,,,,,,,,
THYROCARE,Thyrocare Technologies Limited,Regulation 7 (2),,2026-08-13,,,,,,,,,https://nsearchives.nseindia.com/corporate/ixbrl/IT_13770_20260813_173430467_WEB.html,,,,,,,,,,,,,,
SAKAR,Sakar Healthcare Limited,Regulation 7 (2),,2026-08-11,,,,,,,,,https://nsearchives.nseindia.com/corporate/ixbrl/IT_14283_20260813_163954414_WEB.html,,,,,,,,,,,,,,
LALPATHLAB,DR. LAL PATHLABS LIMITED,Regulation 7 (2),,2026-08-13,,,,,,,,,https://nsearchives.nseindia.com/corporate/ixbrl/IT_13310_20260813_182758430_WEB.html,,,,,,,,,,,,,,
LALPATHLAB,DR. LAL PATHLABS LIMITED,Regulation 7 (2),,2026-08-13,,,,,,,,,https://nsearchives.nseindia.com/corporate/ixbrl/IT_13310_20260813_182758430_WEB.html,,,,,,,,,,,,,,
LALPATHLAB,DR. LAL PATHLABS LIMITED,Regulation 7 (2),,2026-08-13,,,,,,,,,https://nsearchives.nseindia.com/corporate/ixbrl/IT_13310_20260813_182758430_WEB.html,,,,,,,,,,,,,,
LALPATHLAB,DR. LAL PATHLABS LIMITED,Regulation 7 (2),,2026-08-13,,,,,,,,,https://nsearchives.nseindia.com/corporate/ixbrl/IT_13310_20260813_182758430_WEB.html,,,,,,,,,,,,,,
LALPATHLAB,DR. LAL PATHLABS LIMITED,Regulation 7 (2),,2026-08-13,,,,,,,,,https://nsearchives.nseindia.com/corporate/ixbrl/IT_13310_20260813_182758430_WEB.html,,,,,,,,,,,,,,
LALPATHLAB,DR. LAL PATHLABS LIMITED,Regulation 7 (2),,2026-08-13,,,,,,,,,https://nsearchives.nseindia.com/corporate/ixbrl/IT_13310_20260813_182758430_WEB.html,,,,,,,,,,,,,,
LALPATHLAB,DR. LAL PATHLABS LIMITED,Regulation 7 (2),,2026-08-13,,,,,,,,,https://nsearchives.nseindia.com/corporate/ixbrl/IT_13310_20260813_182758430_WEB.html,,,,,,,,,,,,,,
STLTECH,Sterlite Technologies Limited,Regulation 7 (2),,2026-08-13,,,,,,,,,https://nsearchives.nseindia.com/corporate/ixbrl/IT_1950_20260813_180828436_WEB.html,,,,,,,,,,,,,,
BLUESTONE,BlueStone Jewellery and Lifestyle Limited,Regulation 7 (2),,2026-08-13,,,,,,,,,https://nsearchives.nseindia.com/corporate/ixbrl/IT_25008_20260813_182946314_WEB.html,,,,,,,,,,,,,,
BLUESTONE,BlueStone Jewellery and Lifestyle Limited,Regulation 7 (2),,2026-08-13,,,,,,,,,https://nsearchives.nseindia.com/corporate/ixbrl/IT_25008_20260813_182946314_WEB.html,,,,,,,,,,,,,,
KEI,KEI INDUSTRIES LIMITED,Regulation 7 (2),,2026-08-13,,,,,,,,,https://nsearchives.nseindia.com/corporate/ixbrl/IT_2379_20260813_162805120_WEB.html,,,,,,,,,,,,,,
KEI,KEI INDUSTRIES LIMITED,Regulation 7 (2),,2026-08-13,,,,,,,,,https://nsearchives.nseindia.com/corporate/ixbrl/IT_2379_20260813_162805120_WEB.html,,,,,,,,,,,,,,
HAPPYFORGE,HAPPY FORGINGS LIMITED,Regulation 7 (2),,2026-08-13,,,,,,,,,https://nsearchives.nseindia.com/corporate/ixbrl/IT_22370_20260813_143447756_WEB.html,,,,,,,,,,,,,,
HAPPYFORGE,HAPPY FORGINGS LIMITED,Regulation 7 (2),,2026-08-13,,,,,,,,,https://nsearchives.nseindia.com/corporate/ixbrl/IT_22370_20260813_143447756_WEB.html,,,,,,,,,,,,,,
HAPPYFORGE,HAPPY FORGINGS LIMITED,Regulation 7 (2),,2026-08-13,,,,,,,,,https://nsearchives.nseindia.com/corporate/ixbrl/IT_22370_20260813_143447756_WEB.html,,,,,,,,,,,,,,
HAPPYFORGE,HAPPY FORGINGS LIMITED,Regulation 7 (2),,2026-08-13,,,,,,,,,https://nsearchives.nseindia.com/corporate/ixbrl/IT_22370_20260813_143447756_WEB.html,,,,,,,,,,,,,,
LOTUSDEV,Sri Lotus evelopers and Reality Limited,Regulation 7 (2),,2026-08-13,,,,,,,,,https://nsearchives.nseindia.com/corporate/ixbrl/IT_25082_20260813_151024590_WEB.html,,,,,,,,,,,,,,
RPPINFRA,R P P Infra Projects Limited,Regulation 7 (2),,2026-08-13,,,,,,,,,https://nsearchives.nseindia.com/corporate/ixbrl/IT_3798_20260813_161241606_WEB.html,,,,,,,,,,,,,,
RPPINFRA,R P P Infra Projects Limited,Regulation 7 (2),,2026-08-13,,,,,,,,,https://nsearchives.nseindia.com/corporate/ixbrl/IT_3798_20260813_161241606_WEB.html,,,,,,,,,,,,,,
APCOTEXIND,APCOTEX INDUSTRIES LIMITED,Regulation 7 (2),,2026-08-13,,,,,,,,,https://nsearchives.nseindia.com/corporate/ixbrl/IT_519_20260813_143420715_WEB.html,,,,,,,,,,,,,,
APCOTEXIND,APCOTEX INDUSTRIES LIMITED,Regulation 7 (2),,2026-08-13,,,,,,,,,https://nsearchives.nseindia.com/corporate/ixbrl/IT_519_20260813_143420715_WEB.html,,,,,,,,,,,,,,
BERGEPAINT,BERGER PAINTS (I) LIMITED,Regulation 7 (2),,2026-08-13,,,,,,,,,https://nsearchives.nseindia.com/corporate/ixbrl/IT_488_20260813_123421801_WEB.html,,,,,,,,,,,,,,
SAKAR,SAKAR HEALTHCARE LIMITED,Regulation 7 (2),,2026-08-13,,,,,,,,,https://nsearchives.nseindia.com/corporate/ixbrl/IT_14283_20260813_164438386_WEB.html,,,,,,,,,,,,,,
360ONE,360 ONE WAM LIMITED,Regulation 7 (2),,2026-08-13,,,,,,,,,https://nsearchives.nseindia.com/corporate/ixbrl/IT_17593_20260813_134929147_WEB.html,,,,,,,,,,,,,,
KANPRPLA,Kanpur Plastipack Limited,Regulation 7 (2),,2026-08-13,,,,,,,,,https://nsearchives.nseindia.com/corporate/ixbrl/IT_19045_20260813_134950582_WEB.html,,,,,,,,,,,,,,
KANPRPLA,Kanpur Plastipack Limited,Regulation 7 (2),,2026-08-13,,,,,,,,,https://nsearchives.nseindia.com/corporate/ixbrl/IT_19045_20260813_134950582_WEB.html,,,,,,,,,,,,,,
TRUALT,TRUALT BIOENERGY LIMITED,Regulation 7 (2),,2026-08-13,,,,,,,,,https://nsearchives.nseindia.com/corporate/ixbrl/IT_24291_20260813_143922650_WEB.html,,,,,,,,,,,,,,
JINDALSAW,Jindal Saw Limited,Regulation 7 (2),,2026-08-13,,,,,,,,,https://nsearchives.nseindia.com/corporate/ixbrl/IT_743_20260813_122522813_WEB.html,,,,,,,,,,,,,,
DIVISLAB,Divi's Laboratories Limited,Regulation 7 (2),,2026-08-13,,,,,,,,,https://nsearchives.nseindia.com/corporate/ixbrl/IT_2132_20260813_084312377_WEB.html,,,,,,,,,,,,,,
HEG,HEG LIMITED,Regulation 7 (2),,2026-08-11,,,,,,,,,https://nsearchives.nseindia.com/corporate/ixbrl/IT_1202_20260812_230347710_WEB.html,,,,,,,,,,,,,,
FAZE3Q,Faze Three Limited,Regulation 7 (2),,2026-08-13,,,,,,,,,https://nsearchives.nseindia.com/corporate/ixbrl/IT_21202_20260813_110408137_WEB.html,,,,,,,,,,,,,,
NCC,NCC LIMITED,Regulation 7 (2),,2026-08-13,,,,,,,,,https://nsearchives.nseindia.com/corporate/ixbrl/IT_917_20260813_115344552_WEB.html,,,,,,,,,,,,,,
HCG,Healthcare Global Enterprises Limited,Regulation 7 (2),,2026-08-12,,,,,,,,,https://nsearchives.nseindia.com/corporate/ixbrl/IT_13642_20260812_211312601_WEB.html,,,,,,,,,,,,,,
BLUESTONE,BlueStone Jewellery and Lifestyle Limited,Regulation 7 (2),,2026-08-12,,,,,,,,,https://nsearchives.nseindia.com/corporate/ixbrl/IT_25008_20260812_184422282_WEB.html,,,,,,,,,,,,,,
BLUESTONE,BlueStone Jewellery and Lifestyle Limited,Regulation 7 (2),,2026-08-12,,,,,,,,,https://nsearchives.nseindia.com/corporate/ixbrl/IT_25008_20260812_184422282_WEB.html,,,,,,,,,,,,,,
BLUESTONE,BlueStone Jewellery and Lifestyle Limited,Regulation 7 (2),,2026-08-12,,,,,,,,,https://nsearchives.nseindia.com/corporate/ixbrl/IT_25008_20260812_184458325_WEB.html,,,,,,,,,,,,,,
BLUESTONE,BlueStone Jewellery and Lifestyle Limited,Regulation 7 (2),,2026-08-12,,,,,,,,,https://nsearchives.nseindia.com/corporate/ixbrl/IT_25008_20260812_184458325_WEB.html,,,,,,,,,,,,,,
SUMEETINDS,SUMEET INDUSTRIES LIMITED,Regulation 7 (2),,2026-08-12,,,,,,,,,https://nsearchives.nseindia.com/corporate/ixbrl/IT_3809_20260813_115624406_WEB.html,,,,,,,,,,,,,,
SUMEETINDS,SUMEET INDUSTRIES LIMITED,Regulation 7 (2),,2026-08-12,,,,,,,,,https://nsearchives.nseindia.com/corporate/ixbrl/IT_3809_20260813_115624406_WEB.html,,,,,,,,,,,,,,
SUMEETINDS,SUMEET INDUSTRIES LIMITED,Regulation 7 (2),,2026-08-12,,,,,,,,,https://nsearchives.nseindia.com/corporate/ixbrl/IT_3809_20260813_115624406_WEB.html,,,,,,,,,,,,,,
SUMEETINDS,SUMEET INDUSTRIES LIMITED,Regulation 7 (2),,2026-08-12,,,,,,,,,https://nsearchives.nseindia.com/corporate/ixbrl/IT_3809_20260813_115624406_WEB.html,,,,,,,,,,,,,,
ECLERX,eClerx Services Ltd,Regulation 7 (2),,2026-08-12,,,,,,,,,https://nsearchives.nseindia.com/corporate/ixbrl/IT_2698_20260812_184227584_WEB.html,,,,,,,,,,,,,,
STLTECH,Sterlite Technologies Limited,Regulation 7 (2),,2026-08-12,,,,,,,,,https://nsearchives.nseindia.com/corporate/ixbrl/IT_1950_20260812_181106303_WEB.html,,,,,,,,,,,,,,
FISCHER,Fischer Medical Ventures Limited,Regulation 7 (2),,2026-08-12,,,,,,,,,https://nsearchives.nseindia.com/corporate/ixbrl/IT_26115_20260812_185405470_WEB.html,,,,,,,,,,,,,,
FISCHER,Fischer Medical Ventures Limited,Regulation 7 (2),,2026-08-12,,,,,,,,,https://nsearchives.nseindia.com/corporate/ixbrl/IT_26115_20260812_185405470_WEB.html,,,,,,,,,,,,,,
NRBBEARING,NRB BEARING LIMITED,Regulation 7 (2),,2026-08-12,,,,,,,,,https://nsearchives.nseindia.com/corporate/ixbrl/IT_1867_20260812_180535011_WEB.html,,,,,,,,,,,,,,
NCLIND,NCL INDUSTRIES LIMITED,Regulation 7 (2),,2026-08-13,,,,,,,,,https://nsearchives.nseindia.com/corporate/ixbrl/IT_2568_20260813_110442973_WEB.html,,,,,,,,,,,,,,
NCLIND,NCL INDUSTRIES LIMITED,Regulation 7 (2),,2026-08-13,,,,,,,,,https://nsearchives.nseindia.com/corporate/ixbrl/IT_2568_20260813_110442973_WEB.html,,,,,,,,,,,,,,
NCLIND,NCL INDUSTRIES LIMITED,Regulation 7 (2),,2026-08-13,,,,,,,,,https://nsearchives.nseindia.com/corporate/ixbrl/IT_2568_20260813_110442973_WEB.html,,,,,,,,,,,,,,
DMART,AVENUE SUPERMARTS LIMITED,Regulation 7 (2),,2026-08-12,,,,,,,,,https://nsearchives.nseindia.com/corporate/ixbrl/IT_14711_20260812_172830872_WEB.html,,,,,,,,,,,,,,
DMART,AVENUE SUPERMARTS LIMITED,Regulation 7 (2),,2026-08-12,,,,,,,,,https://nsearchives.nseindia.com/corporate/ixbrl/IT_14711_20260812_172830872_WEB.html,,,,,,,,,,,,,,
DMART,AVENUE SUPERMARTS LIMITED,Regulation 7 (2),,2026-08-12,,,,,,,,,https://nsearchives.nseindia.com/corporate/ixbrl/IT_14711_20260812_172830872_WEB.html,,,,,,,,,,,,,,
DMART,AVENUE SUPERMARTS LIMITED,Regulation 7 (2),,2026-08-12,,,,,,,,,https://nsearchives.nseindia.com/corporate/ixbrl/IT_14711_20260812_172830872_WEB.html,,,,,,,,,,,,,,
NCLIND,NCL INDUSTRIES LIMITED,Regulation 7 (2),,2026-08-12,,,,,,,,,https://nsearchives.nseindia.com/corporate/ixbrl/IT_2568_20260812_174931963_WEB.html,,,,,,,,,,,,,,
NCLIND,NCL INDUSTRIES LIMITED,Regulation 7 (2),,2026-08-12,,,,,,,,,https://nsearchives.nseindia.com/corporate/ixbrl/IT_2568_20260812_174931963_WEB.html,,,,,,,,,,,,,,
NCLIND,NCL INDUSTRIES LIMITED,Regulation 7 (2),,2026-08-12,,,,,,,,,https://nsearchives.nseindia.com/corporate/ixbrl/IT_2568_20260812_174931963_WEB.html,,,,,,,,,,,,,,
CEATLTD,CEAT Limited,Regulation 7 (2),,2026-08-12,,,,,,,,,https://nsearchives.nseindia.com/corporate/ixbrl/IT_2711_20260812_172340360_WEB.html,,,,,,,,,,,,,,
TATACONSUM,Tata Consumer Products Limited,Regulation 7 (2),,2026-08-12,,,,,,,,,https://nsearchives.nseindia.com/corporate/ixbrl/IT_1098_20260812_175200214_WEB.html,,,,,,,,,,,,,,
TATACONSUM,Tata Consumer Products Limited,Regulation 7 (2),,2026-08-12,,,,,,,,,https://nsearchives.nseindia.com/corporate/ixbrl/IT_1098_20260812_175200214_WEB.html,,,,,,,,,,,,,,
APCOTEXIND,APCOTEX INDUSTRIES LIMITED,Regulation 7 (2),,2026-08-12,,,,,,,,,https://nsearchives.nseindia.com/corporate/ixbrl/IT_519_20260812_171408443_WEB.html,,,,,,,,,,,,,,
APCOTEXIND,APCOTEX INDUSTRIES LIMITED,Regulation 7 (2),,2026-08-12,,,,,,,,,https://nsearchives.nseindia.com/corporate/ixbrl/IT_519_20260812_171408443_WEB.html,,,,,,,,,,,,,,
NRBBEARING,NRB BEARING LIMITED,Regulation 7 (2),,2026-08-12,,,,,,,,,https://nsearchives.nseindia.com/corporate/ixbrl/IT_1867_20260812_180803057_WEB.html,,,,,,,,,,,,,,
NILASPACES,NILA SPACES LIMITED,Regulation 7 (2),,2026-08-12,,,,,,,,,https://nsearchives.nseindia.com/corporate/ixbrl/IT_17088_20260812_165436480_WEB.html,,,,,,,,,,,,,,
JUBLINGREA,JUBILANT INGREVIA LIMITED,Regulation 7 (2),,2026-08-12,,,,,,,,,https://nsearchives.nseindia.com/corporate/ixbrl/IT_19288_20260812_162935772_WEB.html,,,,,,,,,,,,,,
INFY,Infosys Limited,Regulation 7 (2),,2026-08-12,,,,,,,,,https://nsearchives.nseindia.com/corporate/ixbrl/IT_180_20260812_171928096_WEB.html,,,,,,,,,,,,,,
JUBLINGREA,JUBILANT INGREVIA LIMITED,Regulation 7 (2),,2026-08-12,,,,,,,,,https://nsearchives.nseindia.com/corporate/ixbrl/IT_19288_20260812_162435047_WEB.html,,,,,,,,,,,,,,
ASAHISONG,ASAHI SONGWON COLORS LIMITED,Regulation 7 (2),,2026-08-12,,,,,,,,,https://nsearchives.nseindia.com/corporate/ixbrl/IT_5165_20260812_163554411_WEB.html,,,,,,,,,,,,,,
SANGAMIND,SANGAM (INDIA) LIMITED,Regulation 7 (2),,2026-08-12,,,,,,,,,https://nsearchives.nseindia.com/corporate/ixbrl/IT_1381_20260812_160658042_WEB.html,,,,,,,,,,,,,,
KIRLOSENG,Kirloskar Oil Engines Limited,Regulation 7 (2),,2026-08-12,,,,,,,,,https://nsearchives.nseindia.com/corporate/ixbrl/IT_3845_20260812_172400397_WEB.html,,,,,,,,,,,,,,
GNA,GNA AXLES LIMITED,Regulation 7 (2),,2026-08-12,,,,,,,,,https://nsearchives.nseindia.com/corporate/ixbrl/IT_14236_20260812_153243470_WEB.html,,,,,,,,,,,,,,
KIRLOSIND,Kirloskar Industries Limited,Regulation 7 (2),,2026-08-12,,,,,,,,,https://nsearchives.nseindia.com/corporate/ixbrl/IT_3308_20260812_160849443_WEB.html,,,,,,,,,,,,,,
SENORES,SENORES PHARMACEUTICALS LIMITED,Regulation 7 (2),,2026-08-12,,,,,,,,,https://nsearchives.nseindia.com/corporate/ixbrl/IT_24156_20260812_153106577_WEB.html,,,,,,,,,,,,,,
SENORES,SENORES PHARMACEUTICALS LIMITED,Regulation 7 (2),,2026-08-12,,,,,,,,,https://nsearchives.nseindia.com/corporate/ixbrl/IT_24156_20260812_153106577_WEB.html,,,,,,,,,,,,,,
DALBHARAT,Dalmia Bharat Limited,Regulation 7 (2),,2026-08-12,,,,,,,,,https://nsearchives.nseindia.com/corporate/ixbrl/IT_17144_20260812_154243440_WEB.html,,,,,,,,,,,,,,
DALBHARAT,Dalmia Bharat Limited,Regulation 7 (2),,2026-08-12,,,,,,,,,https://nsearchives.nseindia.com/corporate/ixbrl/IT_17144_20260812_154243440_WEB.html,,,,,,,,,,,,,,
GNA,GNA AXLES LIMITED,Regulation 7 (2),,2026-08-12,,,,,,,,,https://nsearchives.nseindia.com/corporate/ixbrl/IT_14236_20260812_153237573_WEB.html,,,,,,,,,,,,,,
SENORES,SENORES PHARMACEUTICALS LIMITED,Regulation 7 (2),,2026-08-12,,,,,,,,,https://nsearchives.nseindia.com/corporate/ixbrl/IT_24156_20260812_151936241_WEB.html,,,,,,,,,,,,,,
SENORES,SENORES PHARMACEUTICALS LIMITED,Regulation 7 (2),,2026-08-12,,,,,,,,,https://nsearchives.nseindia.com/corporate/ixbrl/IT_24156_20260812_151936241_WEB.html,,,,,,,,,,,,,,
HCLTECH,HCL Technologies Limited,Regulation 7 (2),,2026-08-11,,,,,,,,,https://nsearchives.nseindia.com/corporate/ixbrl/IT_1828_20260812_150736697_WEB.html,,,,,,,,,,,,,,
SENORES,SENORES PHARMACEUTICALS LIMITED,Regulation 7 (2),,2026-08-12,,,,,,,,,https://nsearchives.nseindia.com/corporate/ixbrl/IT_24156_20260812_153132401_WEB.html,,,,,,,,,,,,,,
SENORES,SENORES PHARMACEUTICALS LIMITED,Regulation 7 (2),,2026-08-12,,,,,,,,,https://nsearchives.nseindia.com/corporate/ixbrl/IT_24156_20260812_153132401_WEB.html,,,,,,,,,,,,,,
MASTERTR,MASTER TRUST LIMITED,Regulation 7 (2),,2026-08-12,,,,,,,,,https://nsearchives.nseindia.com/corporate/ixbrl/IT_22191_20260812_114216374_WEB.html,,,,,,,,,,,,,,
MASTERTR,MASTER TRUST LIMITED,Regulation 7 (2),,2026-08-12,,,,,,,,,https://nsearchives.nseindia.com/corporate/ixbrl/IT_22191_20260812_114216374_WEB.html,,,,,,,,,,,,,,
TRUALT,TRUALT BIOENERGY LIMITED,Regulation 7 (2),,2026-08-12,,,,,,,,,https://nsearchives.nseindia.com/corporate/ixbrl/IT_24291_20260812_145522890_WEB.html,,,,,,,,,,,,,,
DIVISLAB,Divi's Laboratories Limited,Regulation 7 (2),,2026-08-12,,,,,,,,,https://nsearchives.nseindia.com/corporate/ixbrl/IT_2132_20260812_120416665_WEB.html,,,,,,,,,,,,,,
JAINREC,Jain Resource Recycling Limited,Regulation 7 (2),,2026-08-11,,,,,,,,,https://nsearchives.nseindia.com/corporate/ixbrl/IT_25795_20260812_100414929_WEB.html,,,,,,,,,,,,,,
AVONMORE,AVONMORE CAPITAL & MANAGEMENT SERVICES LIMITED,Regulation 7 (2),,2026-08-12,,,,,,,,,https://nsearchives.nseindia.com/corporate/ixbrl/IT_20397_20260812_101130527_WEB.html,,,,,,,,,,,,,,
SATIN,Satin Creditcare Network Limited,Regulation 7 (2),,2026-08-12,,,,,,,,,https://nsearchives.nseindia.com/corporate/ixbrl/IT_13014_20260812_120858540_WEB.html,,,,,,,,,,,,,,
SATIN,Satin Creditcare Network Limited,Regulation 7 (2),,2026-08-12,,,,,,,,,https://nsearchives.nseindia.com/corporate/ixbrl/IT_13014_20260812_120858540_WEB.html,,,,,,,,,,,,,,
ECLERX,eClerx Services Ltd,Regulation 7 (2),,2026-08-11,,,,,,,,,https://nsearchives.nseindia.com/corporate/ixbrl/IT_2698_20260811_184919098_WEB.html,,,,,,,,,,,,,,
ECLERX,eClerx Services Ltd,Regulation 7 (2),,2026-08-11,,,,,,,,,https://nsearchives.nseindia.com/corporate/ixbrl/IT_2698_20260811_184919098_WEB.html,,,,,,,,,,,,,,
HEG,HEG LIMITED,Regulation 7 (2),,2026-08-11,,,,,,,,,https://nsearchives.nseindia.com/corporate/ixbrl/IT_1202_20260811_191036483_WEB.html,,,,,,,,,,,,,,
HCG,Healthcare Global Enterprises Limited,Regulation 7 (2),,2026-08-11,,,,,,,,,https://nsearchives.nseindia.com/corporate/ixbrl/IT_13642_20260811_181301219_WEB.html,,,,,,,,,,,,,,
BHARATWIRE,BHARAT WIRE ROPES LIMITED,Regulation 7 (2),,2026-08-11,,,,,,,,,https://nsearchives.nseindia.com/corporate/ixbrl/IT_13662_20260811_191904151_WEB.html,,,,,,,,,,,,,,
BHARATWIRE,BHARAT WIRE ROPES LIMITED,Regulation 7 (2),,2026-08-11,,,,,,,,,https://nsearchives.nseindia.com/corporate/ixbrl/IT_13662_20260811_191904151_WEB.html,,,,,,,,,,,,,,
BHARATWIRE,BHARAT WIRE ROPES LIMITED,Regulation 7 (2),,2026-08-11,,,,,,,,,https://nsearchives.nseindia.com/corporate/ixbrl/IT_13662_20260811_191904151_WEB.html,,,,,,,,,,,,,,
BHARATWIRE,BHARAT WIRE ROPES LIMITED,Regulation 7 (2),,2026-08-11,,,,,,,,,https://nsearchives.nseindia.com/corporate/ixbrl/IT_13662_20260811_191904151_WEB.html,,,,,,,,,,,,,,
BHARATWIRE,BHARAT WIRE ROPES LIMITED,Regulation 7 (2),,2026-08-11,,,,,,,,,https://nsearchives.nseindia.com/corporate/ixbrl/IT_13662_20260811_191904151_WEB.html,,,,,,,,,,,,,,
DIAMONDYD,Prataap Snacks Limited,Regulation 7 (2),,2026-08-11,,,,,,,,,https://nsearchives.nseindia.com/corporate/ixbrl/IT_15510_20260811_175119465_WEB.html,,,,,,,,,,,,,,
AFFLE,Affle 3i Limited,Regulation 7 (2),,2026-08-11,,,,,,,,,https://nsearchives.nseindia.com/corporate/ixbrl/IT_17565_20260811_173550267_WEB.html,,,,,,,,,,,,,,
FISCHER,Fischer Medical Ventures Limited,Regulation 7 (2),,2026-08-11,,,,,,,,,https://nsearchives.nseindia.com/corporate/ixbrl/IT_26115_20260811_175035858_WEB.html,,,,,,,,,,,,,,
NURECA,NURECA LIMITED,Regulation 7 (2),,2026-08-11,,,,,,,,,https://nsearchives.nseindia.com/corporate/ixbrl/IT_18918_20260811_173148073_WEB.html,,,,,,,,,,,,,,
NURECA,NURECA LIMITED,Regulation 7 (2),,2026-08-11,,,,,,,,,https://nsearchives.nseindia.com/corporate/ixbrl/IT_18918_20260811_173148073_WEB.html,,,,,,,,,,,,,,
NURECA,NURECA LIMITED,Regulation 7 (2),,2026-08-11,,,,,,,,,https://nsearchives.nseindia.com/corporate/ixbrl/IT_18918_20260811_173148073_WEB.html,,,,,,,,,,,,,,
NURECA,NURECA LIMITED,Regulation 7 (2),,2026-08-11,,,,,,,,,https://nsearchives.nseindia.com/corporate/ixbrl/IT_18918_20260811_173148073_WEB.html,,,,,,,,,,,,,,
NURECA,NURECA LIMITED,Regulation 7 (2),,2026-08-11,,,,,,,,,https://nsearchives.nseindia.com/corporate/ixbrl/IT_18918_20260811_173148073_WEB.html,,,,,,,,,,,,,,
NURECA,NURECA LIMITED,Regulation 7 (2),,2026-08-11,,,,,,,,,https://nsearchives.nseindia.com/corporate/ixbrl/IT_18918_20260811_173148073_WEB.html,,,,,,,,,,,,,,
NURECA,NURECA LIMITED,Regulation 7 (2),,2026-08-11,,,,,,,,,https://nsearchives.nseindia.com/corporate/ixbrl/IT_18918_20260811_173148073_WEB.html,,,,,,,,,,,,,,
HMAAGRO,HMA AGRO INDUSTRIES LIMITED,Regulation 7 (2),,2026-08-11,,,,,,,,,https://nsearchives.nseindia.com/corporate/ixbrl/IT_20597_20260811_163638414_WEB.html,,,,,,,,,,,,,,
HMAAGRO,HMA AGRO INDUSTRIES LIMITED,Regulation 7 (2),,2026-08-11,,,,,,,,,https://nsearchives.nseindia.com/corporate/ixbrl/IT_20597_20260811_163638414_WEB.html,,,,,,,,,,,,,,
HCLTECH,HCL Technologies Limited,Regulation 7 (2),,2026-08-11,,,,,,,,,https://nsearchives.nseindia.com/corporate/ixbrl/IT_1828_20260811_170952260_WEB.html,,,,,,,,,,,,,,
HMAAGRO,HMA AGRO INDUSTRIES LIMITED,Regulation 7 (2),,2026-08-11,,,,,,,,,https://nsearchives.nseindia.com/corporate/ixbrl/IT_20597_20260811_163618600_WEB.html,,,,,,,,,,,,,,
HMAAGRO,HMA AGRO INDUSTRIES LIMITED,Regulation 7 (2),,2026-08-11,,,,,,,,,https://nsearchives.nseindia.com/corporate/ixbrl/IT_20597_20260811_163618600_WEB.html,,,,,,,,,,,,,,
LALPATHLAB,DR. LAL PATHLABS LIMITED,Regulation 7 (2),,2026-08-11,,,,,,,,,https://nsearchives.nseindia.com/corporate/ixbrl/IT_13310_20260811_182943823_WEB.html,,,,,,,,,,,,,,
SANGAMIND,SANGAM (INDIA) LIMITED,Regulation 7 (2),,2026-08-11,,,,,,,,,https://nsearchives.nseindia.com/corporate/ixbrl/IT_1381_20260811_184913385_WEB.html,,,,,,,,,,,,,,
SANGAMIND,SANGAM (INDIA) LIMITED,Regulation 7 (2),,2026-08-11,,,,,,,,,https://nsearchives.nseindia.com/corporate/ixbrl/IT_1381_20260811_184913385_WEB.html,,,,,,,,,,,,,,
SANGAMIND,SANGAM (INDIA) LIMITED,Regulation 7 (2),,2026-08-11,,,,,,,,,https://nsearchives.nseindia.com/corporate/ixbrl/IT_1381_20260811_184913385_WEB.html,,,,,,,,,,,,,,
SANGAMIND,SANGAM (INDIA) LIMITED,Regulation 7 (2),,2026-08-11,,,,,,,,,https://nsearchives.nseindia.com/corporate/ixbrl/IT_1381_20260811_184913385_WEB.html,,,,,,,,,,,,,,
GNA,GNA AXLES LIMITED,Regulation 7 (2),,2026-08-11,,,,,,,,,https://nsearchives.nseindia.com/corporate/ixbrl/IT_14236_20260811_162510485_WEB.html,,,,,,,,,,,,,,
OBCL,OBCL LIMITED,Regulation 7 (2),,2026-08-11,,,,,,,,,https://nsearchives.nseindia.com/corporate/ixbrl/IT_20443_20260811_155652381_WEB.html,,,,,,,,,,,,,,
FISCHER,Fischer Medical Ventures Limited,Regulation 7 (2),,2026-08-11,,,,,,,,,https://nsearchives.nseindia.com/corporate/ixbrl/IT_26115_20260811_175423413_WEB.html,,,,,,,,,,,,,,
JSWSTEEL,JSW STEEL LIMITED,Regulation 7 (2),,2026-08-11,,,,,,,,,https://nsearchives.nseindia.com/corporate/ixbrl/IT_2266_20260811_133427329_WEB.html,,,,,,,,,,,,,,
JSWSTEEL,JSW STEEL LIMITED,Regulation 7 (2),,2026-08-11,,,,,,,,,https://nsearchives.nseindia.com/corporate/ixbrl/IT_2266_20260811_133427329_WEB.html,,,,,,,,,,,,,,
JSWSTEEL,JSW STEEL LIMITED,Regulation 7 (2),,2026-08-11,,,,,,,,,https://nsearchives.nseindia.com/corporate/ixbrl/IT_2266_20260811_133427329_WEB.html,,,,,,,,,,,,,,
JSWSTEEL,JSW STEEL LIMITED,Regulation 7 (2),,2026-08-11,,,,,,,,,https://nsearchives.nseindia.com/corporate/ixbrl/IT_2266_20260811_133427329_WEB.html,,,,,,,,,,,,,,
JSWSTEEL,JSW STEEL LIMITED,Regulation 7 (2),,2026-08-11,,,,,,,,,https://nsearchives.nseindia.com/corporate/ixbrl/IT_2266_20260811_133427329_WEB.html,,,,,,,,,,,,,,
THANGAMAYL,THANGAMAYIL JEWELLERY LIMITED,Regulation 7 (2),,2026-08-11,,,,,,,,,https://nsearchives.nseindia.com/corporate/ixbrl/IT_3067_20260811_124929643_WEB.html,,,,,,,,,,,,,,
THANGAMAYL,THANGAMAIYL  JEWELLERY LIMITED,Regulation 7 (2),,2026-08-11,,,,,,,,,https://nsearchives.nseindia.com/corporate/ixbrl/IT_3067_20260811_122242812_WEB.html,,,,,,,,,,,,,,
WHEELS,Wheels India Limited,Regulation 7 (2),,2026-08-11,,,,,,,,,https://nsearchives.nseindia.com/corporate/ixbrl/IT_76_20260811_122603317_WEB.html,,,,,,,,,,,,,,
AVONMORE,AVONMORE CAPITAL & MANAGEMENT SERVICES LIMITED,Regulation 7 (2),,2026-08-11,,,,,,,,,https://nsearchives.nseindia.com/corporate/ixbrl/IT_20397_20260811_103948643_WEB.html,,,,,,,,,,,,,,
ADFFOODS,ADF FOODS LIMITED,Regulation 7 (2),,2026-08-11,,,,,,,,,https://nsearchives.nseindia.com/corporate/ixbrl/IT_3510_20260811_154904765_WEB.html,,,,,,,,,,,,,,
JSWENERGY,JSW Energy Limited,Regulation 7 (2),,2026-08-10,,,,,,,,,https://nsearchives.nseindia.com/corporate/ixbrl/IT_3013_20260810_202448299_WEB.html,,,,,,,,,,,,,,
JSWENERGY,JSW Energy Limited,Regulation 7 (2),,2026-08-10,,,,,,,,,https://nsearchives.nseindia.com/corporate/ixbrl/IT_3013_20260810_202448299_WEB.html,,,,,,,,,,,,,,
JSWENERGY,JSW Energy Limited,Regulation 7 (2),,2026-08-10,,,,,,,,,https://nsearchives.nseindia.com/corporate/ixbrl/IT_3013_20260810_202448299_WEB.html,,,,,,,,,,,,,,
JSWENERGY,JSW Energy Limited,Regulation 7 (2),,2026-08-10,,,,,,,,,https://nsearchives.nseindia.com/corporate/ixbrl/IT_3013_20260810_202448299_WEB.html,,,,,,,,,,,,,,
HAPPYFORGE,HAPPY FORGINGS LIMITED,Regulation 7 (2),,2026-08-11,,,,,,,,,https://nsearchives.nseindia.com/corporate/ixbrl/IT_22370_20260811_150407729_WEB.html,,,,,,,,,,,,,,
WHEELS,Wheels India Limited,Regulation 7 (2),,2026-08-11,,,,,,,,,https://nsearchives.nseindia.com/corporate/ixbrl/IT_76_20260811_122535256_WEB.html,,,,,,,,,,,,,,
TRUALT,TRUALT BIOENERGY LIMITED,Regulation 7 (2),,2026-08-10,,,,,,,,,https://nsearchives.nseindia.com/corporate/ixbrl/IT_24291_20260810_190720578_WEB.html,,,,,,,,,,,,,,
BERGEPAINT,BERGER PAINTS (I) LIMITED,Regulation 7 (2),,2026-08-10,,,,,,,,,https://nsearchives.nseindia.com/corporate/ixbrl/IT_488_20260810_181800323_WEB.html,,,,,,,,,,,,,,
DMART,AVENUE SUPERMARTS LIMITED,Regulation 7 (2),,2026-08-10,,,,,,,,,https://nsearchives.nseindia.com/corporate/ixbrl/IT_14711_20260810_172834337_WEB.html,,,,,,,,,,,,,,
DMART,AVENUE SUPERMARTS LIMITED,Regulation 7 (2),,2026-08-10,,,,,,,,,https://nsearchives.nseindia.com/corporate/ixbrl/IT_14711_20260810_172834337_WEB.html,,,,,,,,,,,,,,
DMART,AVENUE SUPERMARTS LIMITED,Regulation 7 (2),,2026-08-10,,,,,,,,,https://nsearchives.nseindia.com/corporate/ixbrl/IT_14711_20260810_172834337_WEB.html,,,,,,,,,,,,,,
LALPATHLAB,DR. LAL PATHLABS LIMITED,Regulation 7 (2),,2026-08-10,,,,,,,,,https://nsearchives.nseindia.com/corporate/ixbrl/IT_13310_20260810_185416316_WEB.html,,,,,,,,,,,,,,
LALPATHLAB,DR. LAL PATHLABS LIMITED,Regulation 7 (2),,2026-08-10,,,,,,,,,https://nsearchives.nseindia.com/corporate/ixbrl/IT_13310_20260810_185416316_WEB.html,,,,,,,,,,,,,,
DIVISLAB,Divi's Laboratories Limited,Regulation 7 (2),,2026-08-10,,,,,,,,,https://nsearchives.nseindia.com/corporate/ixbrl/IT_2132_20260810_194932273_WEB.html,,,,,,,,,,,,,,Revision in pre and post shareholding reported. Trade information remains unchanged.
LICI,Life Insurance Corporation of India,Regulation 7 (2),,2026-08-10,,,,,,,,,https://nsearchives.nseindia.com/corporate/ixbrl/IT_20463_20260810_172058524_WEB.html,,,,,,,,,,,,,,
BLUESTONE,BlueStone Jewellery and Lifestyle Limited,Regulation 7 (2),,2026-08-10,,,,,,,,,https://nsearchives.nseindia.com/corporate/ixbrl/IT_25008_20260810_171142754_WEB.html,,,,,,,,,,,,,,
ICRA,ICRA Limited,Regulation 7 (2),,2026-08-10,,,,,,,,,https://nsearchives.nseindia.com/corporate/ixbrl/IT_2575_20260810_213402705_WEB.html,,,,,,,,,,,,,,
CEATLTD,CEAT Limited,Regulation 7 (2),,2026-08-10,,,,,,,,,https://nsearchives.nseindia.com/corporate/ixbrl/IT_2711_20260810_152444981_WEB.html,,,,,,,,,,,,,,
TRUALT,TRUALT BIOENERGY LIMITED,Regulation 7 (2),,2026-08-10,,,,,,,,,https://nsearchives.nseindia.com/corporate/ixbrl/IT_24291_20260810_190347981_WEB.html,,,,,,,,,,,,,,
CHEMBONDCH,CHEMBOND CHEMICALS LIMITED,Regulation 7 (2),,2026-08-09,,,,,,,,,https://nsearchives.nseindia.com/corporate/ixbrl/IT_26029_20260809_150936453_WEB.html,,,,,,,,,,,,,,
CHEMBONDCH,CHEMBOND CHEMICALS LIMITED,Regulation 7 (2),,2026-08-09,,,,,,,,,https://nsearchives.nseindia.com/corporate/ixbrl/IT_26029_20260809_150936453_WEB.html,,,,,,,,,,,,,,
RPPINFRA,R P P Infra Projects Limited,Regulation 7 (2),,2026-08-10,,,,,,,,,https://nsearchives.nseindia.com/corporate/ixbrl/IT_3798_20260810_165854511_WEB.html,,,,,,,,,,,,,,
RPPINFRA,R P P Infra Projects Limited,Regulation 7 (2),,2026-08-10,,,,,,,,,https://nsearchives.nseindia.com/corporate/ixbrl/IT_3798_20260810_165854511_WEB.html,,,,,,,,,,,,,,
CHEMBONDCH,CHEMBOND CHEMICALS LIMITED,Regulation 7 (2),,2026-08-09,,,,,,,,,https://nsearchives.nseindia.com/corporate/ixbrl/IT_26029_20260809_145046436_WEB.html,,,,,,,,,,,,,,
CHEMBONDCH,CHEMBOND CHEMICALS LIMITED,Regulation 7 (2),,2026-08-09,,,,,,,,,https://nsearchives.nseindia.com/corporate/ixbrl/IT_26029_20260809_145046436_WEB.html,,,,,,,,,,,,,,
KRISHIVAL,Krishival Foods Limited,Regulation 7 (2),,2026-08-08,,,,,,,,,https://nsearchives.nseindia.com/corporate/ixbrl/IT_20442_20260808_165950209_WEB.html,,,,,,,,,,,,,,
NAUKRI,Info Edge (India) Limited,Regulation 7 (2),,2026-08-10,,,,,,,,,https://nsearchives.nseindia.com/corporate/ixbrl/IT_2460_20260810_110404334_WEB.html,,,,,,,,,,,,,,
NAUKRI,Info Edge (India) Limited,Regulation 7 (2),,2026-08-10,,,,,,,,,https://nsearchives.nseindia.com/corporate/ixbrl/IT_2460_20260810_110404334_WEB.html,,,,,,,,,,,,,,
HAPPYFORGE,HAPPY FORGINGS LIMITED,Regulation 7 (2),,2026-08-10,,,,,,,,,https://nsearchives.nseindia.com/corporate/ixbrl/IT_22370_20260810_152006584_WEB.html,,,,,,,,,,,,,,
SANGAMIND,SANGAM (INDIA) LIMITED,Regulation 7 (2),,2026-08-08,,,,,,,,,https://nsearchives.nseindia.com/corporate/ixbrl/IT_1381_20260808_163901256_WEB.html,,,,,,,,,,,,,,
DIAMONDYD,Prataap Snacks Limited,Regulation 7 (2),,2026-08-08,,,,,,,,,https://nsearchives.nseindia.com/corporate/ixbrl/IT_15510_20260808_164422970_WEB.html,,,,,,,,,,,,,,
HCLTECH,HCL Technologies Limited,Regulation 7 (2),,2026-08-07,,,,,,,,,https://nsearchives.nseindia.com/corporate/ixbrl/IT_1828_20260807_200605157_WEB.html,,,,,,,,,,,,,,
HCLTECH,HCL Technologies Limited,Regulation 7 (2),,2026-08-07,,,,,,,,,https://nsearchives.nseindia.com/corporate/ixbrl/IT_1828_20260807_200605157_WEB.html,,,,,,,,,,,,,,
DIAMONDYD,Prataap Snacks Limited,Regulation 7 (2),,2026-08-08,,,,,,,,,https://nsearchives.nseindia.com/corporate/ixbrl/IT_15510_20260808_165032308_WEB.html,,,,,,,,,,,,,,
JSWENERGY,JSW Energy Limited,Regulation 7 (2),,2026-08-07,,,,,,,,,https://nsearchives.nseindia.com/corporate/ixbrl/IT_3013_20260807_193948282_WEB.html,,,,,,,,,,,,,,
DBOL,Dhampur Bio Organics Limited,Regulation 7 (2),,2026-08-07,,,,,,,,,https://nsearchives.nseindia.com/corporate/ixbrl/IT_20812_20260807_190839670_WEB.html,,,,,,,,,,,,,,
DBOL,Dhampur Bio Organics Limited,Regulation 7 (2),,2026-08-07,,,,,,,,,https://nsearchives.nseindia.com/corporate/ixbrl/IT_20812_20260807_190839670_WEB.html,,,,,,,,,,,,,,
TRUALT,TRUALT BIOENERGY LIMITED,Regulation 7 (2),,2026-08-07,,,,,,,,,https://nsearchives.nseindia.com/corporate/ixbrl/IT_24291_20260807_202638399_WEB.html,,,,,,,,,,,,,,
STLTECH,Sterlite Technologies Limited,Regulation 7 (2),,2026-08-07,,,,,,,,,https://nsearchives.nseindia.com/corporate/ixbrl/IT_1950_20260807_182303170_WEB.html,,,,,,,,,,,,,,
TRUALT,TRUALT BIOENERGY LIMITED,Regulation 7 (2),,2026-08-07,,,,,,,,,https://nsearchives.nseindia.com/corporate/ixbrl/IT_24291_20260807_203449321_WEB.html,,,,,,,,,,,,,,
RELTD,Ravindra Energy Limited,Regulation 7 (2),,2026-08-07,,,,,,,,,https://nsearchives.nseindia.com/corporate/ixbrl/IT_23918_20260807_182900282_WEB.html,,,,,,,,,,,,,,
RELTD,Ravindra Energy Limited,Regulation 7 (2),,2026-08-07,,,,,,,,,https://nsearchives.nseindia.com/corporate/ixbrl/IT_23918_20260807_182900282_WEB.html,,,,,,,,,,,,,,
THANGAMAYL,THANGAMAYIL JEWELLERY LIMITED,Regulation 7 (2),,2026-08-07,,,,,,,,,https://nsearchives.nseindia.com/corporate/ixbrl/IT_3067_20260807_173945153_WEB.html,,,,,,,,,,,,,,
SANGAMIND,SANGAM (INDIA) LIMITED,Regulation 7 (2),,2026-08-07,,,,,,,,,https://nsearchives.nseindia.com/corporate/ixbrl/IT_1381_20260807_162246314_WEB.html,,,,,,,,,,,,,,
DBOL,Dhampur Bio Organics Limited,Regulation 7 (2),,2026-08-07,,,,,,,,,https://nsearchives.nseindia.com/corporate/ixbrl/IT_20812_20260807_190732637_WEB.html,,,,,,,,,,,,,,
DBOL,Dhampur Bio Organics Limited,Regulation 7 (2),,2026-08-07,,,,,,,,,https://nsearchives.nseindia.com/corporate/ixbrl/IT_20812_20260807_190732637_WEB.html,,,,,,,,,,,,,,
THYROCARE,Thyrocare Technologies Limited,Regulation 7 (2),,2026-08-07,,,,,,,,,https://nsearchives.nseindia.com/corporate/ixbrl/IT_13770_20260807_172702419_WEB.html,,,,,,,,,,,,,,
JSWSTEEL,JSW STEEL LIMITED,Regulation 7 (2),,2026-08-07,,,,,,,,,https://nsearchives.nseindia.com/corporate/ixbrl/IT_2266_20260807_164930574_WEB.html,,,,,,,,,,,,,,
JSWSTEEL,JSW STEEL LIMITED,Regulation 7 (2),,2026-08-07,,,,,,,,,https://nsearchives.nseindia.com/corporate/ixbrl/IT_2266_20260807_164930574_WEB.html,,,,,,,,,,,,,,
JSWSTEEL,JSW STEEL LIMITED,Regulation 7 (2),,2026-08-07,,,,,,,,,https://nsearchives.nseindia.com/corporate/ixbrl/IT_2266_20260807_164930574_WEB.html,,,,,,,,,,,,,,
JSWSTEEL,JSW STEEL LIMITED,Regulation 7 (2),,2026-08-07,,,,,,,,,https://nsearchives.nseindia.com/corporate/ixbrl/IT_2266_20260807_164930574_WEB.html,,,,,,,,,,,,,,
JSWSTEEL,JSW STEEL LIMITED,Regulation 7 (2),,2026-08-07,,,,,,,,,https://nsearchives.nseindia.com/corporate/ixbrl/IT_2266_20260807_164930574_WEB.html,,,,,,,,,,,,,,
JSWSTEEL,JSW STEEL LIMITED,Regulation 7 (2),,2026-08-07,,,,,,,,,https://nsearchives.nseindia.com/corporate/ixbrl/IT_2266_20260807_164930574_WEB.html,,,,,,,,,,,,,,
TATACONSUM,Tata Consumer Products Limited,Regulation 7 (2),,2026-08-07,,,,,,,,,https://nsearchives.nseindia.com/corporate/ixbrl/IT_1098_20260807_175034675_WEB.html,,,,,,,,,,,,,,
BAJFINANCE,BAJAJ FINANCE LIMITED,Regulation 7 (2),,2026-08-07,,,,,,,,,https://nsearchives.nseindia.com/corporate/ixbrl/IT_1257_20260807_161306336_WEB.html,,,,,,,,,,,,,,
LALPATHLAB,DR. LAL PATHLABS LIMITED,Regulation 7 (2),,2026-08-07,,,,,,,,,https://nsearchives.nseindia.com/corporate/ixbrl/IT_13310_20260807_160610632_WEB.html,,,,,,,,,,,,,,
LALPATHLAB,DR. LAL PATHLABS LIMITED,Regulation 7 (2),,2026-08-07,,,,,,,,,https://nsearchives.nseindia.com/corporate/ixbrl/IT_13310_20260807_160610632_WEB.html,,,,,,,,,,,,,,
LALPATHLAB,DR. LAL PATHLABS LIMITED,Regulation 7 (2),,2026-08-07,,,,,,,,,https://nsearchives.nseindia.com/corporate/ixbrl/IT_13310_20260807_160610632_WEB.html,,,,,,,,,,,,,,
LALPATHLAB,DR. LAL PATHLABS LIMITED,Regulation 7 (2),,2026-08-07,,,,,,,,,https://nsearchives.nseindia.com/corporate/ixbrl/IT_13310_20260807_160610632_WEB.html,,,,,,,,,,,,,,
LALPATHLAB,DR. LAL PATHLABS LIMITED,Regulation 7 (2),,2026-08-07,,,,,,,,,https://nsearchives.nseindia.com/corporate/ixbrl/IT_13310_20260807_160610632_WEB.html,,,,,,,,,,,,,,
LALPATHLAB,DR. LAL PATHLABS LIMITED,Regulation 7 (2),,2026-08-07,,,,,,,,,https://nsearchives.nseindia.com/corporate/ixbrl/IT_13310_20260807_160610632_WEB.html,,,,,,,,,,,,,,
LALPATHLAB,DR. LAL PATHLABS LIMITED,Regulation 7 (2),,2026-08-07,,,,,,,,,https://nsearchives.nseindia.com/corporate/ixbrl/IT_13310_20260807_160610632_WEB.html,,,,,,,,,,,,,,
LALPATHLAB,DR. LAL PATHLABS LIMITED,Regulation 7 (2),,2026-08-07,,,,,,,,,https://nsearchives.nseindia.com/corporate/ixbrl/IT_13310_20260807_160610632_WEB.html,,,,,,,,,,,,,,
TRUALT,TRUALT BIOENERGY LIMITED,Regulation 7 (2),,2026-08-07,,,,,,,,,https://nsearchives.nseindia.com/corporate/ixbrl/IT_24291_20260807_153253079_WEB.html,,,,,,,,,,,,,,
GHCL,GHCL Limited,Regulation 7 (2),,2026-08-07,,,,,,,,,https://nsearchives.nseindia.com/corporate/ixbrl/IT_1006_20260807_151908566_WEB.html,,,,,,,,,,,,,,
TRUALT,TRUALT BIOENERGY LIMITED,Regulation 7 (2),,2026-08-07,,,,,,,,,https://nsearchives.nseindia.com/corporate/ixbrl/IT_24291_20260807_153232932_WEB.html,,,,,,,,,,,,,,
WIPRO,WIPRO LIMITED,Regulation 7 (2),,2026-08-07,,,,,,,,,https://nsearchives.nseindia.com/corporate/ixbrl/IT_624_20260807_160632244_WEB.html,,,,,,,,,,,,,,
360ONE,360 ONE WAM LIMITED,Regulation 7 (2),,2026-08-07,,,,,,,,,https://nsearchives.nseindia.com/corporate/ixbrl/IT_17593_20260807_155516377_WEB.html,,,,,,,,,,,,,,
360ONE,360 ONE WAM LIMITED,Regulation 7 (2),,2026-08-07,,,,,,,,,https://nsearchives.nseindia.com/corporate/ixbrl/IT_17593_20260807_155516377_WEB.html,,,,,,,,,,,,,,
360ONE,360 ONE WAM LIMITED,Regulation 7 (2),,2026-08-07,,,,,,,,,https://nsearchives.nseindia.com/corporate/ixbrl/IT_17593_20260807_155516377_WEB.html,,,,,,,,,,,,,,
360ONE,360 ONE WAM LIMITED,Regulation 7 (2),,2026-08-07,,,,,,,,,https://nsearchives.nseindia.com/corporate/ixbrl/IT_17593_20260807_155516377_WEB.html,,,,,,,,,,,,,,
360ONE,360 ONE WAM LIMITED,Regulation 7 (2),,2026-08-07,,,,,,,,,https://nsearchives.nseindia.com/corporate/ixbrl/IT_17593_20260807_155516377_WEB.html,,,,,,,,,,,,,,
360ONE,360 ONE WAM LIMITED,Regulation 7 (2),,2026-08-07,,,,,,,,,https://nsearchives.nseindia.com/corporate/ixbrl/IT_17593_20260807_155516377_WEB.html,,,,,,,,,,,,,,
360ONE,360 ONE WAM LIMITED,Regulation 7 (2),,2026-08-07,,,,,,,,,https://nsearchives.nseindia.com/corporate/ixbrl/IT_17593_20260807_155516377_WEB.html,,,,,,,,,,,,,,
360ONE,360 ONE WAM LIMITED,Regulation 7 (2),,2026-08-07,,,,,,,,,https://nsearchives.nseindia.com/corporate/ixbrl/IT_17593_20260807_155516377_WEB.html,,,,,,,,,,,,,,
360ONE,360 ONE WAM LIMITED,Regulation 7 (2),,2026-08-07,,,,,,,,,https://nsearchives.nseindia.com/corporate/ixbrl/IT_17593_20260807_155516377_WEB.html,,,,,,,,,,,,,,
360ONE,360 ONE WAM LIMITED,Regulation 7 (2),,2026-08-07,,,,,,,,,https://nsearchives.nseindia.com/corporate/ixbrl/IT_17593_20260807_155516377_WEB.html,,,,,,,,,,,,,,
360ONE,360 ONE WAM LIMITED,Regulation 7 (2),,2026-08-07,,,,,,,,,https://nsearchives.nseindia.com/corporate/ixbrl/IT_17593_20260807_155516377_WEB.html,,,,,,,,,,,,,,
SAKAR,Sakar Healthcare Limited,Regulation 7 (2),,2026-08-07,,,,,,,,,https://nsearchives.nseindia.com/corporate/ixbrl/IT_14283_20260807_145045552_WEB.html,,,,,,,,,,,,,,
BMWVENTLTD,BMW VENTURES LIMITED,Regulation 7 (2),,2026-08-07,,,,,,,,,https://nsearchives.nseindia.com/corporate/ixbrl/IT_24065_20260807_133229209_WEB.html,,,,,,,,,,,,,,
ADSL,Allied Digital Services Limited,Regulation 7 (2),,2026-08-07,,,,,,,,,https://nsearchives.nseindia.com/corporate/ixbrl/IT_2631_20260807_131002898_WEB.html,,,,,,,,,,,,,,
ADSL,Allied Digital Services Limited,Regulation 7 (2),,2026-08-07,,,,,,,,,https://nsearchives.nseindia.com/corporate/ixbrl/IT_2631_20260807_131002898_WEB.html,,,,,,,,,,,,,,
ADSL,Allied Digital Services Limited,Regulation 7 (2),,2026-08-07,,,,,,,,,https://nsearchives.nseindia.com/corporate/ixbrl/IT_2631_20260807_131002898_WEB.html,,,,,,,,,,,,,,
ADSL,Allied Digital Services Limited,Regulation 7 (2),,2026-08-07,,,,,,,,,https://nsearchives.nseindia.com/corporate/ixbrl/IT_2631_20260807_131002898_WEB.html,,,,,,,,,,,,,,
360ONE,360 ONE WAM LIMITED,Regulation 7 (2),,2026-08-06,,,,,,,,,https://nsearchives.nseindia.com/corporate/ixbrl/IT_17593_20260806_215916289_WEB.html,,,,,,,,,,,,,,
360ONE,360 ONE WAM LIMITED,Regulation 7 (2),,2026-08-06,,,,,,,,,https://nsearchives.nseindia.com/corporate/ixbrl/IT_17593_20260806_215916289_WEB.html,,,,,,,,,,,,,,
360ONE,360 ONE WAM LIMITED,Regulation 7 (2),,2026-08-06,,,,,,,,,https://nsearchives.nseindia.com/corporate/ixbrl/IT_17593_20260806_215916289_WEB.html,,,,,,,,,,,,,,
360ONE,360 ONE WAM LIMITED,Regulation 7 (2),,2026-08-06,,,,,,,,,https://nsearchives.nseindia.com/corporate/ixbrl/IT_17593_20260806_215916289_WEB.html,,,,,,,,,,,,,,
360ONE,360 ONE WAM LIMITED,Regulation 7 (2),,2026-08-06,,,,,,,,,https://nsearchives.nseindia.com/corporate/ixbrl/IT_17593_20260806_215916289_WEB.html,,,,,,,,,,,,,,
360ONE,360 ONE WAM LIMITED,Regulation 7 (2),,2026-08-06,,,,,,,,,https://nsearchives.nseindia.com/corporate/ixbrl/IT_17593_20260806_215916289_WEB.html,,,,,,,,,,,,,,
360ONE,360 ONE WAM LIMITED,Regulation 7 (2),,2026-08-06,,,,,,,,,https://nsearchives.nseindia.com/corporate/ixbrl/IT_17593_20260806_215916289_WEB.html,,,,,,,,,,,,,,
KPITTECH,KPIT TECHNOLOGIES LIMITED,Regulation 7 (2),,2026-08-06,,,,,,,,,https://nsearchives.nseindia.com/corporate/ixbrl/IT_17417_20260806_193204243_WEB.html,,,,,,,,,,,,,,
KCP,KCP LIMITED,Regulation 7 (2),,2026-08-07,,,,,,,,,https://nsearchives.nseindia.com/corporate/ixbrl/IT_176_20260807_095516290_WEB.html,,,,,,,,,,,,,,
360ONE,360 ONE WAM LIMITED,Regulation 7 (3),,2026-08-07,,,,,,,,,https://nsearchives.nseindia.com/corporate/ixbrl/IT_17593_20260807_155306401_WEB.html,,,,,,,,,,,,,,
360ONE,360 ONE WAM LIMITED,Regulation 7 (3),,2026-08-07,,,,,,,,,https://nsearchives.nseindia.com/corporate/ixbrl/IT_17593_20260807_155306401_WEB.html,,,,,,,,,,,,,,
BLUESTONE,BlueStone Jewellery and Lifestyle Limited,Regulation 7 (2),,2026-08-06,,,,,,,,,https://nsearchives.nseindia.com/corporate/ixbrl/IT_25008_20260806_191400305_WEB.html,,,,,,,,,,,,,,
BLUESTONE,BlueStone Jewellery and Lifestyle Limited,Regulation 7 (2),,2026-08-06,,,,,,,,,https://nsearchives.nseindia.com/corporate/ixbrl/IT_25008_20260806_191400305_WEB.html,,,,,,,,,,,,,,
BLUESTONE,BlueStone Jewellery and Lifestyle Limited,Regulation 7 (2),,2026-08-06,,,,,,,,,https://nsearchives.nseindia.com/corporate/ixbrl/IT_25008_20260806_191400305_WEB.html,,,,,,,,,,,,,,
DIAMONDYD,Prataap Snacks Limited,Regulation 7 (2),,2026-08-06,,,,,,,,,https://nsearchives.nseindia.com/corporate/ixbrl/IT_15510_20260806_192940276_WEB.html,,,,,,,,,,,,,,
NIITMTS,NIIT Learning Systems Limited,Regulation 7 (2),,2026-08-06,,,,,,,,,https://nsearchives.nseindia.com/corporate/ixbrl/IT_22067_20260806_181228977_WEB.html,,,,,,,,,,,,,,
NIITMTS,NIIT Learning Systems Limited,Regulation 7 (2),,2026-08-06,,,,,,,,,https://nsearchives.nseindia.com/corporate/ixbrl/IT_22067_20260806_181228977_WEB.html,,,,,,,,,,,,,,
NIITMTS,NIIT Learning Systems Limited,Regulation 7 (2),,2026-08-06,,,,,,,,,https://nsearchives.nseindia.com/corporate/ixbrl/IT_22067_20260806_181228977_WEB.html,,,,,,,,,,,,,,
TATACONSUM,Tata Consumer Products Limited,Regulation 7 (2),,2026-08-06,,,,,,,,,https://nsearchives.nseindia.com/corporate/ixbrl/IT_1098_20260806_173733608_WEB.html,,,,,,,,,,,,,,
OBCL,OBCL LIMITED,Regulation 7 (2),,2026-08-06,,,,,,,,,https://nsearchives.nseindia.com/corporate/ixbrl/IT_20443_20260806_171948390_WEB.html,,,,,,,,,,,,,,
OBCL,OBCL LIMITED,Regulation 7 (2),,2026-08-06,,,,,,,,,https://nsearchives.nseindia.com/corporate/ixbrl/IT_20443_20260806_171948390_WEB.html,,,,,,,,,,,,,,
LALPATHLAB,DR. LAL PATHLABS LIMITED,Regulation 7 (2),,2026-08-06,,,,,,,,,https://nsearchives.nseindia.com/corporate/ixbrl/IT_13310_20260806_174908144_WEB.html,,,,,,,,,,,,,,
LALPATHLAB,DR. LAL PATHLABS LIMITED,Regulation 7 (2),,2026-08-06,,,,,,,,,https://nsearchives.nseindia.com/corporate/ixbrl/IT_13310_20260806_174908144_WEB.html,,,,,,,,,,,,,,
INFY,Infosys Limited,Regulation 7 (2),,2026-08-06,,,,,,,,,https://nsearchives.nseindia.com/corporate/ixbrl/IT_180_20260806_170433197_WEB.html,,,,,,,,,,,,,,
FUSION,FUSION FINANCE LIMITED,Regulation 7 (2),,2026-08-06,,,,,,,,,https://nsearchives.nseindia.com/corporate/ixbrl/IT_19884_20260806_154326622_WEB.html,,,,,,,,,,,,,,
FUSION,FUSION FINANCE LIMITED,Regulation 7 (2),,2026-08-06,,,,,,,,,https://nsearchives.nseindia.com/corporate/ixbrl/IT_19884_20260806_154326622_WEB.html,,,,,,,,,,,,,,
FUSION,FUSION FINANCE LIMITED,Regulation 7 (2),,2026-08-06,,,,,,,,,https://nsearchives.nseindia.com/corporate/ixbrl/IT_19884_20260806_154326622_WEB.html,,,,,,,,,,,,,,
FUSION,FUSION FINANCE LIMITED,Regulation 7 (2),,2026-08-06,,,,,,,,,https://nsearchives.nseindia.com/corporate/ixbrl/IT_19884_20260806_154326622_WEB.html,,,,,,,,,,,,,,
FUSION,FUSION FINANCE LIMITED,Regulation 7 (2),,2026-08-06,,,,,,,,,https://nsearchives.nseindia.com/corporate/ixbrl/IT_19884_20260806_154326622_WEB.html,,,,,,,,,,,,,,
BMWVENTLTD,BMW VENTURES LIMITED,Regulation 7 (2),,2026-08-06,,,,,,,,,https://nsearchives.nseindia.com/corporate/ixbrl/IT_24065_20260806_160329737_WEB.html,,,,,,,,,,,,,,
STEELXIND,Steel Exchange India Limited,Regulation 7 (2),,2026-08-06,,,,,,,,,https://nsearchives.nseindia.com/corporate/ixbrl/IT_15345_20260806_154342456_WEB.html,,,,,,,,,,,,,,
STEELXIND,Steel Exchange India Limited,Regulation 7 (2),,2026-08-06,,,,,,,,,https://nsearchives.nseindia.com/corporate/ixbrl/IT_15345_20260806_154342456_WEB.html,,,,,,,,,,,,,,
AAATECH,AAA TECHNOLOGIES LIMITED,Regulation 7 (2),,2026-08-06,,,,,,,,,https://nsearchives.nseindia.com/corporate/ixbrl/IT_18645_20260806_115208265_WEB.html,,,,,,,,,,,,,,
AAATECH,AAA TECHNOLOGIES LIMITED,Regulation 7 (2),,2026-08-06,,,,,,,,,https://nsearchives.nseindia.com/corporate/ixbrl/IT_18645_20260806_115208265_WEB.html,,,,,,,,,,,,,,
SAMPANN,Sampann Utpadan India Limited,Regulation 7 (2),,2026-08-06,,,,,,,,,https://nsearchives.nseindia.com/corporate/ixbrl/IT_6066_20260806_131425437_WEB.html,,,,,,,,,,,,,,
SAMPANN,Sampann Utpadan India Limited,Regulation 7 (2),,2026-08-06,,,,,,,,,https://nsearchives.nseindia.com/corporate/ixbrl/IT_6066_20260806_131148310_WEB.html,,,,,,,,,,,,,,
BMWVENTLTD,BMW VENTURES LIMITED,Regulation 7 (2),,2026-08-06,,,,,,,,,https://nsearchives.nseindia.com/corporate/ixbrl/IT_24065_20260806_155840243_WEB.html,,,,,,,,,,,,,,
OMAXAUTO,OMAX AUTOS LIMITED,Regulation 7 (2),,2026-08-06,,,,,,,,,https://nsearchives.nseindia.com/corporate/ixbrl/IT_2127_20260806_125559358_WEB.html,,,,,,,,,,,,,,
OMAXAUTO,OMAX AUTOS LIMITED,Regulation 7 (2),,2026-08-06,,,,,,,,,https://nsearchives.nseindia.com/corporate/ixbrl/IT_2127_20260806_125559358_WEB.html,,,,,,,,,,,,,,
THANGAMAYL,THANGAMYAYIL JEWELLERY LIMITED,Regulation 7 (2),,2026-08-06,,,,,,,,,https://nsearchives.nseindia.com/corporate/ixbrl/IT_3067_20260806_104908492_WEB.html,,,,,,,,,,,,,,
CCL,CCL PRODUCTS (INDIA) LIMITED,Regulation 7 (3),,2026-08-05,,,,,,,,,https://nsearchives.nseindia.com/corporate/ixbrl/IT_2196_20260805_202214162_WEB.html,,,,,,,,,,,,,,
LALPATHLAB,DR. LAL PATHLABS LIMITED,Regulation 7 (2),,2026-08-05,,,,,,,,,https://nsearchives.nseindia.com/corporate/ixbrl/IT_13310_20260805_182033809_WEB.html,,,,,,,,,,,,,,
LALPATHLAB,DR. LAL PATHLABS LIMITED,Regulation 7 (2),,2026-08-05,,,,,,,,,https://nsearchives.nseindia.com/corporate/ixbrl/IT_13310_20260805_182033809_WEB.html,,,,,,,,,,,,,,
LALPATHLAB,DR. LAL PATHLABS LIMITED,Regulation 7 (2),,2026-08-05,,,,,,,,,https://nsearchives.nseindia.com/corporate/ixbrl/IT_13310_20260805_182033809_WEB.html,,,,,,,,,,,,,,
LALPATHLAB,DR. LAL PATHLABS LIMITED,Regulation 7 (2),,2026-08-05,,,,,,,,,https://nsearchives.nseindia.com/corporate/ixbrl/IT_13310_20260805_182033809_WEB.html,,,,,,,,,,,,,,
LALPATHLAB,DR. LAL PATHLABS LIMITED,Regulation 7 (2),,2026-08-05,,,,,,,,,https://nsearchives.nseindia.com/corporate/ixbrl/IT_13310_20260805_182033809_WEB.html,,,,,,,,,,,,,,
LALPATHLAB,DR. LAL PATHLABS LIMITED,Regulation 7 (2),,2026-08-05,,,,,,,,,https://nsearchives.nseindia.com/corporate/ixbrl/IT_13310_20260805_182033809_WEB.html,,,,,,,,,,,,,,
LALPATHLAB,DR. LAL PATHLABS LIMITED,Regulation 7 (2),,2026-08-05,,,,,,,,,https://nsearchives.nseindia.com/corporate/ixbrl/IT_13310_20260805_182033809_WEB.html,,,,,,,,,,,,,,
LALPATHLAB,DR. LAL PATHLABS LIMITED,Regulation 7 (2),,2026-08-05,,,,,,,,,https://nsearchives.nseindia.com/corporate/ixbrl/IT_13310_20260805_182033809_WEB.html,,,,,,,,,,,,,,
LALPATHLAB,DR. LAL PATHLABS LIMITED,Regulation 7 (2),,2026-08-05,,,,,,,,,https://nsearchives.nseindia.com/corporate/ixbrl/IT_13310_20260805_182033809_WEB.html,,,,,,,,,,,,,,
HCLTECH,HCL Technologies Limited,Regulation 7 (2),,2026-08-05,,,,,,,,,https://nsearchives.nseindia.com/corporate/ixbrl/IT_1828_20260805_190333224_WEB.html,,,,,,,,,,,,,,
HCLTECH,HCL Technologies Limited,Regulation 7 (2),,2026-08-05,,,,,,,,,https://nsearchives.nseindia.com/corporate/ixbrl/IT_1828_20260805_190333224_WEB.html,,,,,,,,,,,,,,
HCLTECH,HCL Technologies Limited,Regulation 7 (2),,2026-08-05,,,,,,,,,https://nsearchives.nseindia.com/corporate/ixbrl/IT_1828_20260805_190333224_WEB.html,,,,,,,,,,,,,,
XPROINDIA,XPRO INDIA LIMITED,Regulation 7 (2),,2026-08-05,,,,,,,,,https://nsearchives.nseindia.com/corporate/ixbrl/IT_2185_20260805_172533342_WEB.html,,,,,,,,,,,,,,
XPROINDIA,XPRO INDIA LIMITED,Regulation 7 (2),,2026-08-05,,,,,,,,,https://nsearchives.nseindia.com/corporate/ixbrl/IT_2185_20260805_172533342_WEB.html,,,,,,,,,,,,,,
XPROINDIA,XPRO INDIA LIMITED,Regulation 7 (2),,2026-08-05,,,,,,,,,https://nsearchives.nseindia.com/corporate/ixbrl/IT_2185_20260805_172533342_WEB.html,,,,,,,,,,,,,,
XPROINDIA,XPRO INDIA LIMITED,Regulation 7 (2),,2026-08-05,,,,,,,,,https://nsearchives.nseindia.com/corporate/ixbrl/IT_2185_20260805_172533342_WEB.html,,,,,,,,,,,,,,
XPROINDIA,XPRO INDIA LIMITED,Regulation 7 (2),,2026-08-05,,,,,,,,,https://nsearchives.nseindia.com/corporate/ixbrl/IT_2185_20260805_172533342_WEB.html,,,,,,,,,,,,,,
AAATECH,AAA TECHNOLOGIES LIMITED,Regulation 7 (2),,2026-08-04,,,,,,,,,https://nsearchives.nseindia.com/corporate/ixbrl/IT_18645_20260805_181144637_WEB.html,,,,,,,,,,,,,,
AAATECH,AAA TECHNOLOGIES LIMITED,Regulation 7 (2),,2026-08-04,,,,,,,,,https://nsearchives.nseindia.com/corporate/ixbrl/IT_18645_20260805_181144637_WEB.html,,,,,,,,,,,,,,
AAATECH,AAA TECHNOLOGIES LIMITED,Regulation 7 (2),,2026-08-04,,,,,,,,,https://nsearchives.nseindia.com/corporate/ixbrl/IT_18645_20260805_181144637_WEB.html,,,,,,,,,,,,,,
AAATECH,AAA TECHNOLOGIES LIMITED,Regulation 7 (2),,2026-08-04,,,,,,,,,https://nsearchives.nseindia.com/corporate/ixbrl/IT_18645_20260805_181144637_WEB.html,,,,,,,,,,,,,,
VSTTILLERS,V.S.T Tillers Tractors Limited,Regulation 7 (2),,2026-08-05,,,,,,,,,https://nsearchives.nseindia.com/corporate/ixbrl/IT_4929_20260805_165841304_WEB.html,,,,,,,,,,,,,,
NAUKRI,Info Edge (India) Limited,Regulation 7 (2),,2026-08-05,,,,,,,,,https://nsearchives.nseindia.com/corporate/ixbrl/IT_2460_20260805_164204311_WEB.html,,,,,,,,,,,,,,
STLTECH,Sterlite Technologies Limited,Regulation 7 (2),,2026-08-05,,,,,,,,,https://nsearchives.nseindia.com/corporate/ixbrl/IT_1950_20260805_155450703_WEB.html,,,,,,,,,,,,,,
SAKAR,Sakar Healthcare Limited,Regulation 7 (2),,2026-08-05,,,,,,,,,https://nsearchives.nseindia.com/corporate/ixbrl/IT_14283_20260805_153515155_WEB.html,,,,,,,,,,,,,,
SHIVALIK,Shivalik Rasayan Limited,Regulation 7 (3),,2026-08-05,,,,,,,,,https://nsearchives.nseindia.com/corporate/ixbrl/IT_20019_20260805_154901600_WEB.html,,,,,,,,,,,,,,
STLNETWORK,STL NETWORKS LIMITED,Regulation 7 (2),,2026-08-05,,,,,,,,,https://nsearchives.nseindia.com/corporate/ixbrl/IT_25888_20260805_152843590_WEB.html,,,,,,,,,,,,,,
STLNETWORK,STL NETWORKS LIMITED,Regulation 7 (2),,2026-08-05,,,,,,,,,https://nsearchives.nseindia.com/corporate/ixbrl/IT_25888_20260805_152843590_WEB.html,,,,,,,,,,,,,,
QUESS,Quess Corp Limited,Regulation 7 (2),,2026-08-05,,,,,,,,,https://nsearchives.nseindia.com/corporate/ixbrl/IT_14019_20260805_152510703_WEB.html,,,,,,,,,,,,,,
SATIN,Satin Creditcare Network Limited,Regulation 7 (2),,2026-08-05,,,,,,,,,https://nsearchives.nseindia.com/corporate/ixbrl/IT_13014_20260805_143422833_WEB.html,,,,,,,,,,,,,,
BLUESTONE,BlueStone Jewellery and Lifestyle Limited,Regulation 7 (2),,2026-08-05,,,,,,,,,https://nsearchives.nseindia.com/corporate/ixbrl/IT_25008_20260805_132338307_WEB.html,,,,,,,,,,,,,,
KARURVYSYA,THE KARUR VYSYA BANK LIMITED,Regulation 7 (2),,2026-08-04,,,,,,,,,https://nsearchives.nseindia.com/corporate/ixbrl/IT_539_20260804_211348674_WEB.html,,,,,,,,,,,,,,
KARURVYSYA,THE KARUR VYSYA BANK LIMITED,Regulation 7 (2),,2026-08-04,,,,,,,,,https://nsearchives.nseindia.com/corporate/ixbrl/IT_539_20260804_211348674_WEB.html,,,,,,,,,,,,,,
KARURVYSYA,THE KARUR VYSYA BANK LIMITED,Regulation 7 (2),,2026-08-04,,,,,,,,,https://nsearchives.nseindia.com/corporate/ixbrl/IT_539_20260804_211348674_WEB.html,,,,,,,,,,,,,,
VSTTILLERS,V.S.T Tillers Tractors Limited,Regulation 7 (2),,2026-08-05,,,,,,,,,https://nsearchives.nseindia.com/corporate/ixbrl/IT_4929_20260805_163621824_WEB.html,,,,,,,,,,,,,,
360ONE,360 ONE WAM LIMITED,Regulation 7 (2),,2026-08-04,,,,,,,,,https://nsearchives.nseindia.com/corporate/ixbrl/IT_17593_20260804_175208456_WEB.html,,,,,,,,,,,,,,
360ONE,360 ONE WAM LIMITED,Regulation 7 (2),,2026-08-04,,,,,,,,,https://nsearchives.nseindia.com/corporate/ixbrl/IT_17593_20260804_175208456_WEB.html,,,,,,,,,,,,,,
360ONE,360 ONE WAM LIMITED,Regulation 7 (2),,2026-08-04,,,,,,,,,https://nsearchives.nseindia.com/corporate/ixbrl/IT_17593_20260804_175208456_WEB.html,,,,,,,,,,,,,,
360ONE,360 ONE WAM LIMITED,Regulation 7 (2),,2026-08-04,,,,,,,,,https://nsearchives.nseindia.com/corporate/ixbrl/IT_17593_20260804_175208456_WEB.html,,,,,,,,,,,,,,
360ONE,360 ONE WAM LIMITED,Regulation 7 (2),,2026-08-04,,,,,,,,,https://nsearchives.nseindia.com/corporate/ixbrl/IT_17593_20260804_175208456_WEB.html,,,,,,,,,,,,,,
360ONE,360 ONE WAM LIMITED,Regulation 7 (2),,2026-08-04,,,,,,,,,https://nsearchives.nseindia.com/corporate/ixbrl/IT_17593_20260804_175208456_WEB.html,,,,,,,,,,,,,,
360ONE,360 ONE WAM LIMITED,Regulation 7 (2),,2026-08-04,,,,,,,,,https://nsearchives.nseindia.com/corporate/ixbrl/IT_17593_20260804_175208456_WEB.html,,,,,,,,,,,,,,
HEG,HEG LIMITED,Regulation 7 (2),,2026-08-04,,,,,,,,,https://nsearchives.nseindia.com/corporate/ixbrl/IT_1202_20260804_171545197_WEB.html,,,,,,,,,,,,,,
CINELINE,Cineline India Limited,Regulation 7 (2),,2026-08-04,,,,,,,,,https://nsearchives.nseindia.com/corporate/ixbrl/IT_5974_20260804_155738500_WEB.html,,,,,,,,,,,,,,
CINELINE,Cineline India Limited,Regulation 7 (2),,2026-08-04,,,,,,,,,https://nsearchives.nseindia.com/corporate/ixbrl/IT_5974_20260804_155738500_WEB.html,,,,,,,,,,,,,,
CINELINE,Cineline India Limited,Regulation 7 (2),,2026-08-04,,,,,,,,,https://nsearchives.nseindia.com/corporate/ixbrl/IT_5974_20260804_155738500_WEB.html,,,,,,,,,,,,,,
CINELINE,Cineline India Limited,Regulation 7 (2),,2026-08-04,,,,,,,,,https://nsearchives.nseindia.com/corporate/ixbrl/IT_5974_20260804_155738500_WEB.html,,,,,,,,,,,,,,
VPRPL,VISHNU PRAKASH R PUNGLIA LIMITED,Regulation 7 (2),,2026-08-04,,,,,,,,,https://nsearchives.nseindia.com/corporate/ixbrl/IT_21894_20260804_130424466_WEB.html,,,,,,,,,,,,,,
JSWENERGY,JSW Energy Limited,Regulation 7 (2),,2026-08-03,,,,,,,,,https://nsearchives.nseindia.com/corporate/ixbrl/IT_3013_20260803_211850612_WEB.html,,,,,,,,,,,,,,
STLTECH,Sterlite Technologies Limited,Regulation 7 (2),,2026-08-03,,,,,,,,,https://nsearchives.nseindia.com/corporate/ixbrl/IT_1950_20260803_204857915_WEB.html,,,,,,,,,,,,,,
HEG,HEG LIMITED,Regulation 7 (2),,2026-08-04,,,,,,,,,https://nsearchives.nseindia.com/corporate/ixbrl/IT_1202_20260804_170938945_WEB.html,,,,,,,,,,,,,,
NAUKRI,Info Edge (India) Limited,Regulation 7 (2),,2026-08-04,,,,,,,,,https://nsearchives.nseindia.com/corporate/ixbrl/IT_2460_20260804_155041568_WEB.html,,,,,,,,,,,,,,
ECLERX,eClerx Services Ltd,Regulation 7 (2),,2026-08-03,,,,,,,,,https://nsearchives.nseindia.com/corporate/ixbrl/IT_2698_20260803_172626387_WEB.html,,,,,,,,,,,,,,
ECLERX,eClerx Services Ltd,Regulation 7 (2),,2026-08-03,,,,,,,,,https://nsearchives.nseindia.com/corporate/ixbrl/IT_2698_20260803_172626387_WEB.html,,,,,,,,,,,,,,
ECLERX,eClerx Services Ltd,Regulation 7 (2),,2026-08-03,,,,,,,,,https://nsearchives.nseindia.com/corporate/ixbrl/IT_2698_20260803_172626387_WEB.html,,,,,,,,,,,,,,
ECLERX,eClerx Services Ltd,Regulation 7 (2),,2026-08-03,,,,,,,,,https://nsearchives.nseindia.com/corporate/ixbrl/IT_2698_20260803_172626387_WEB.html,,,,,,,,,,,,,,
ECLERX,eClerx Services Ltd,Regulation 7 (2),,2026-08-03,,,,,,,,,https://nsearchives.nseindia.com/corporate/ixbrl/IT_2698_20260803_172626387_WEB.html,,,,,,,,,,,,,,
ECLERX,eClerx Services Ltd,Regulation 7 (2),,2026-08-03,,,,,,,,,https://nsearchives.nseindia.com/corporate/ixbrl/IT_2698_20260803_172626387_WEB.html,,,,,,,,,,,,,,
LALPATHLAB,DR. LAL PATHLABS LIMITED,Regulation 7 (2),,2026-08-03,,,,,,,,,https://nsearchives.nseindia.com/corporate/ixbrl/IT_13310_20260803_181927914_WEB.html,,,,,,,,,,,,,,
LALPATHLAB,DR. LAL PATHLABS LIMITED,Regulation 7 (2),,2026-08-03,,,,,,,,,https://nsearchives.nseindia.com/corporate/ixbrl/IT_13310_20260803_181927914_WEB.html,,,,,,,,,,,,,,
LALPATHLAB,DR. LAL PATHLABS LIMITED,Regulation 7 (2),,2026-08-03,,,,,,,,,https://nsearchives.nseindia.com/corporate/ixbrl/IT_13310_20260803_181927914_WEB.html,,,,,,,,,,,,,,
LALPATHLAB,DR. LAL PATHLABS LIMITED,Regulation 7 (2),,2026-08-03,,,,,,,,,https://nsearchives.nseindia.com/corporate/ixbrl/IT_13310_20260803_181927914_WEB.html,,,,,,,,,,,,,,
LALPATHLAB,DR. LAL PATHLABS LIMITED,Regulation 7 (2),,2026-08-03,,,,,,,,,https://nsearchives.nseindia.com/corporate/ixbrl/IT_13310_20260803_181927914_WEB.html,,,,,,,,,,,,,,
LALPATHLAB,DR. LAL PATHLABS LIMITED,Regulation 7 (2),,2026-08-03,,,,,,,,,https://nsearchives.nseindia.com/corporate/ixbrl/IT_13310_20260803_181927914_WEB.html,,,,,,,,,,,,,,
ADOR,ADOR WELDING LIMITED,Regulation 7 (2),,2026-08-03,,,,,,,,,https://nsearchives.nseindia.com/corporate/ixbrl/IT_301_20260803_155429860_WEB.html,,,,,,,,,,,,,,
STLNETWORK,STL NETWORKS LIMITED,Regulation 7 (2),,2026-08-03,,,,,,,,,https://nsearchives.nseindia.com/corporate/ixbrl/IT_25888_20260803_121608188_WEB.html,,,,,,,,,,,,,,
STLNETWORK,STL NETWORKS LIMITED,Regulation 7 (2),,2026-08-03,,,,,,,,,https://nsearchives.nseindia.com/corporate/ixbrl/IT_25888_20260803_121608188_WEB.html,,,,,,,,,,,,,,
STLTECH,Sterlite Technologies Limited,Regulation 7 (2),,2026-08-03,,,,,,,,,https://nsearchives.nseindia.com/corporate/ixbrl/IT_1950_20260803_205112279_WEB.html,,,,,,,,,,,,,,
STLNETWORK,STL NETWORKS LIMITED,Regulation 7 (2),,2026-08-03,,,,,,,,,https://nsearchives.nseindia.com/corporate/ixbrl/IT_25888_20260803_121031357_WEB.html,,,,,,,,,,,,,,
STLNETWORK,STL NETWORKS LIMITED,Regulation 7 (2),,2026-08-03,,,,,,,,,https://nsearchives.nseindia.com/corporate/ixbrl/IT_25888_20260803_121031357_WEB.html,,,,,,,,,,,,,,
DMART,AVENUE SUPERMARTS LIMITED,Regulation 7 (2),,2026-08-03,,,,,,,,,https://nsearchives.nseindia.com/corporate/ixbrl/IT_14711_20260803_165356251_WEB.html,,,,,,,,,,,,,,
360ONE,360 ONE WAM LIMITED,Regulation 7 (3),,2026-08-03,,,,,,,,,https://nsearchives.nseindia.com/corporate/ixbrl/IT_17593_20260803_164425397_WEB.html,,,,,,,,,,,,,,
360ONE,360 ONE WAM LIMITED,Regulation 7 (3),,2026-08-03,,,,,,,,,https://nsearchives.nseindia.com/corporate/ixbrl/IT_17593_20260803_164425397_WEB.html,,,,,,,,,,,,,,
KARURVYSYA,THE KARUR VYSYA BANK LIMITED,Regulation 7 (2),,2026-07-31,,,,,,,,,https://nsearchives.nseindia.com/corporate/ixbrl/IT_539_20260731_203909576_WEB.html,,,,,,,,,,,,,,
KARURVYSYA,THE KARUR VYSYA BANK LIMITED,Regulation 7 (2),,2026-07-31,,,,,,,,,https://nsearchives.nseindia.com/corporate/ixbrl/IT_539_20260731_203909576_WEB.html,,,,,,,,,,,,,,
KARURVYSYA,THE KARUR VYSYA BANK LIMITED,Regulation 7 (2),,2026-07-31,,,,,,,,,https://nsearchives.nseindia.com/corporate/ixbrl/IT_539_20260731_203909576_WEB.html,,,,,,,,,,,,,,
EMBDL,EMBASSY DEVELOPMENTS LIMITED,Regulation 7 (2),,2026-07-31,,,,,,,,,https://nsearchives.nseindia.com/corporate/ixbrl/IT_2560_20260731_231910585_WEB.html,,,,,,,,,,,,,,
WIPRO,WIPRO LIMITED,Regulation 7 (2),,2026-07-31,,,,,,,,,https://nsearchives.nseindia.com/corporate/ixbrl/IT_624_20260731_175022401_WEB.html,,,,,,,,,,,,,,
SAKAR,Sakar Healthcare Limited,Regulation 7 (2),,2026-08-01,,,,,,,,,https://nsearchives.nseindia.com/corporate/ixbrl/IT_14283_20260801_162218614_WEB.html,,,,,,,,,,,,,,
ROSSTECH,Rossell Techsys Limited,Regulation 7 (2),,2026-07-31,,,,,,,,,https://nsearchives.nseindia.com/corporate/ixbrl/IT_24460_20260731_163407812_WEB.html,,,,,,,,,,,,,,
ROSSTECH,Rossell Techsys Limited,Regulation 7 (2),,2026-07-31,,,,,,,,,https://nsearchives.nseindia.com/corporate/ixbrl/IT_24460_20260731_163407812_WEB.html,,,,,,,,,,,,,,
STLTECH,Sterlite Technologies Limited,Regulation 7 (2),,2026-07-31,,,,,,,,,https://nsearchives.nseindia.com/corporate/ixbrl/IT_1950_20260731_193405326_WEB.html,,,,,,,,,,,,,,
STLTECH,Sterlite Technologies Limited,Regulation 7 (2),,2026-07-31,,,,,,,,,https://nsearchives.nseindia.com/corporate/ixbrl/IT_1950_20260731_193405326_WEB.html,,,,,,,,,,,,,,
ROSSTECH,Rossell Techsys Limited,Regulation 7 (2),,2026-07-31,,,,,,,,,https://nsearchives.nseindia.com/corporate/ixbrl/IT_24460_20260731_163422129_WEB.html,,,,,,,,,,,,,,
ROSSTECH,Rossell Techsys Limited,Regulation 7 (2),,2026-07-31,,,,,,,,,https://nsearchives.nseindia.com/corporate/ixbrl/IT_24460_20260731_163422129_WEB.html,,,,,,,,,,,,,,
360ONE,360 ONE WAM LIMITED,Regulation 7 (2),,2026-07-31,,,,,,,,,https://nsearchives.nseindia.com/corporate/ixbrl/IT_17593_20260731_135246494_WEB.html,,,,,,,,,,,,,,
360ONE,360 ONE WAM LIMITED,Regulation 7 (2),,2026-07-31,,,,,,,,,https://nsearchives.nseindia.com/corporate/ixbrl/IT_17593_20260731_135246494_WEB.html,,,,,,,,,,,,,,
360ONE,360 ONE WAM LIMITED,Regulation 7 (2),,2026-07-31,,,,,,,,,https://nsearchives.nseindia.com/corporate/ixbrl/IT_17593_20260731_135246494_WEB.html,,,,,,,,,,,,,,
360ONE,360 ONE WAM LIMITED,Regulation 7 (2),,2026-07-31,,,,,,,,,https://nsearchives.nseindia.com/corporate/ixbrl/IT_17593_20260731_135246494_WEB.html,,,,,,,,,,,,,,
360ONE,360 ONE WAM LIMITED,Regulation 7 (2),,2026-07-31,,,,,,,,,https://nsearchives.nseindia.com/corporate/ixbrl/IT_17593_20260731_135246494_WEB.html,,,,,,,,,,,,,,
360ONE,360 ONE WAM LIMITED,Regulation 7 (2),,2026-07-31,,,,,,,,,https://nsearchives.nseindia.com/corporate/ixbrl/IT_17593_20260731_135246494_WEB.html,,,,,,,,,,,,,,
360ONE,360 ONE WAM LIMITED,Regulation 7 (2),,2026-07-31,,,,,,,,,https://nsearchives.nseindia.com/corporate/ixbrl/IT_17593_20260731_135246494_WEB.html,,,,,,,,,,,,,,
INFY,Infosys Limited,Regulation 7 (2),,2026-07-31,,,,,,,,,https://nsearchives.nseindia.com/corporate/ixbrl/IT_180_20260731_180428414_WEB.html,,,,,,,,,,,,,,
INFY,Infosys Limited,Regulation 7 (2),,2026-07-31,,,,,,,,,https://nsearchives.nseindia.com/corporate/ixbrl/IT_180_20260731_180428414_WEB.html,,,,,,,,,,,,,,
INFY,Infosys Limited,Regulation 7 (2),,2026-07-31,,,,,,,,,https://nsearchives.nseindia.com/corporate/ixbrl/IT_180_20260731_180428414_WEB.html,,,,,,,,,,,,,,
SANGAMIND,SANGAM (INDIA) LIMITED,Regulation 7 (2),,2026-07-31,,,,,,,,,https://nsearchives.nseindia.com/corporate/ixbrl/IT_1381_20260731_142048442_WEB.html,,,,,,,,,,,,,,
AURIONPRO,AURIONPRO SOLUTIONS LIMITED,Regulation 7 (2),,2026-07-31,,,,,,,,,https://nsearchives.nseindia.com/corporate/ixbrl/IT_2329_20260731_130820452_WEB.html,,,,,,,,,,,,,,
AURIONPRO,AURIONPRO SOLUTIONS LIMITED,Regulation 7 (2),,2026-07-31,,,,,,,,,https://nsearchives.nseindia.com/corporate/ixbrl/IT_2329_20260731_130820452_WEB.html,,,,,,,,,,,,,,
LALPATHLAB,DR. LAL PATHLABS LIMITED,Regulation 7 (2),,2026-07-30,,,,,,,,,https://nsearchives.nseindia.com/corporate/ixbrl/IT_13310_20260730_191903993_WEB.html,,,,,,,,,,,,,,
LALPATHLAB,DR. LAL PATHLABS LIMITED,Regulation 7 (2),,2026-07-30,,,,,,,,,https://nsearchives.nseindia.com/corporate/ixbrl/IT_13310_20260730_191903993_WEB.html,,,,,,,,,,,,,,
LALPATHLAB,DR. LAL PATHLABS LIMITED,Regulation 7 (2),,2026-07-30,,,,,,,,,https://nsearchives.nseindia.com/corporate/ixbrl/IT_13310_20260730_191903993_WEB.html,,,,,,,,,,,,,,
LALPATHLAB,DR. LAL PATHLABS LIMITED,Regulation 7 (2),,2026-07-30,,,,,,,,,https://nsearchives.nseindia.com/corporate/ixbrl/IT_13310_20260730_191903993_WEB.html,,,,,,,,,,,,,,
LALPATHLAB,DR. LAL PATHLABS LIMITED,Regulation 7 (2),,2026-07-30,,,,,,,,,https://nsearchives.nseindia.com/corporate/ixbrl/IT_13310_20260730_191903993_WEB.html,,,,,,,,,,,,,,
LALPATHLAB,DR. LAL PATHLABS LIMITED,Regulation 7 (2),,2026-07-30,,,,,,,,,https://nsearchives.nseindia.com/corporate/ixbrl/IT_13310_20260730_191903993_WEB.html,,,,,,,,,,,,,,
LALPATHLAB,DR. LAL PATHLABS LIMITED,Regulation 7 (2),,2026-07-30,,,,,,,,,https://nsearchives.nseindia.com/corporate/ixbrl/IT_13310_20260730_191903993_WEB.html,,,,,,,,,,,,,,
LALPATHLAB,DR. LAL PATHLABS LIMITED,Regulation 7 (2),,2026-07-30,,,,,,,,,https://nsearchives.nseindia.com/corporate/ixbrl/IT_13310_20260730_191903993_WEB.html,,,,,,,,,,,,,,
LALPATHLAB,DR. LAL PATHLABS LIMITED,Regulation 7 (2),,2026-07-30,,,,,,,,,https://nsearchives.nseindia.com/corporate/ixbrl/IT_13310_20260730_191903993_WEB.html,,,,,,,,,,,,,,
LALPATHLAB,DR. LAL PATHLABS LIMITED,Regulation 7 (2),,2026-07-30,,,,,,,,,https://nsearchives.nseindia.com/corporate/ixbrl/IT_13310_20260730_191903993_WEB.html,,,,,,,,,,,,,,
LALPATHLAB,DR. LAL PATHLABS LIMITED,Regulation 7 (2),,2026-07-30,,,,,,,,,https://nsearchives.nseindia.com/corporate/ixbrl/IT_13310_20260730_191903993_WEB.html,,,,,,,,,,,,,,
LALPATHLAB,DR. LAL PATHLABS LIMITED,Regulation 7 (2),,2026-07-30,,,,,,,,,https://nsearchives.nseindia.com/corporate/ixbrl/IT_13310_20260730_191903993_WEB.html,,,,,,,,,,,,,,
LALPATHLAB,DR. LAL PATHLABS LIMITED,Regulation 7 (2),,2026-07-30,,,,,,,,,https://nsearchives.nseindia.com/corporate/ixbrl/IT_13310_20260730_191903993_WEB.html,,,,,,,,,,,,,,
LALPATHLAB,DR. LAL PATHLABS LIMITED,Regulation 7 (2),,2026-07-30,,,,,,,,,https://nsearchives.nseindia.com/corporate/ixbrl/IT_13310_20260730_191903993_WEB.html,,,,,,,,,,,,,,
OMAXAUTO,OMAX AUTOS LIMITED,Regulation 7 (2),,2026-07-31,,,,,,,,,https://nsearchives.nseindia.com/corporate/ixbrl/IT_2127_20260731_102628547_WEB.html,,,,,,,,,,,,,,
NAUKRI,Info Edge (India) Limited,Regulation 7 (2),,2026-07-31,,,,,,,,,https://nsearchives.nseindia.com/corporate/ixbrl/IT_2460_20260731_112734592_WEB.html,,,,,,,,,,,,,,
SESHAPAPER,SESHASAYEE PAPER AND BOARDS LIMITED,Regulation 7 (2),,2026-07-30,,,,,,,,,https://nsearchives.nseindia.com/corporate/ixbrl/IT_118_20260730_173802218_WEB.html,,,,,,,,,,,,,,
HCLTECH,HCL Technologies Limited,Regulation 7 (2),,2026-07-30,,,,,,,,,https://nsearchives.nseindia.com/corporate/ixbrl/IT_1828_20260730_175454878_WEB.html,,,,,,,,,,,,,,
HCLTECH,HCL Technologies Limited,Regulation 7 (2),,2026-07-30,,,,,,,,,https://nsearchives.nseindia.com/corporate/ixbrl/IT_1828_20260730_175454878_WEB.html,,,,,,,,,,,,,,
HCLTECH,HCL Technologies Limited,Regulation 7 (2),,2026-07-30,,,,,,,,,https://nsearchives.nseindia.com/corporate/ixbrl/IT_1828_20260730_175454878_WEB.html,,,,,,,,,,,,,,
HCLTECH,HCL Technologies Limited,Regulation 7 (2),,2026-07-30,,,,,,,,,https://nsearchives.nseindia.com/corporate/ixbrl/IT_1828_20260730_175454878_WEB.html,,,,,,,,,,,,,,
HCLTECH,HCL Technologies Limited,Regulation 7 (2),,2026-07-30,,,,,,,,,https://nsearchives.nseindia.com/corporate/ixbrl/IT_1828_20260730_175454878_WEB.html,,,,,,,,,,,,,,
WIPRO,WIPRO LIMITED,Regulation 7 (2),,2026-07-30,,,,,,,,,https://nsearchives.nseindia.com/corporate/ixbrl/IT_624_20260730_165434317_WEB.html,,,,,,,,,,,,,,
WIPRO,WIPRO LIMITED,Regulation 7 (2),,2026-07-30,,,,,,,,,https://nsearchives.nseindia.com/corporate/ixbrl/IT_624_20260730_165434317_WEB.html,,,,,,,,,,,,,,
SESHAPAPER,SESHASAYEE PAPER AND BOARDS LIMITED,Regulation 7 (2),,2026-07-30,,,,,,,,,https://nsearchives.nseindia.com/corporate/ixbrl/IT_118_20260730_173712302_WEB.html,,,,,,,,,,,,,,
CCL,CCL PRODUCTS (INDIA) LIMITED,Regulation 7 (3),,2026-07-30,,,,,,,,,https://nsearchives.nseindia.com/corporate/ixbrl/IT_2196_20260730_162754304_WEB.html,,,,,,,,,,,,,,
GEOJITFSL,Geojit Financial Services Limited,Regulation 7 (2),,2026-07-30,,,,,,,,,https://nsearchives.nseindia.com/corporate/ixbrl/IT_2301_20260730_162642630_WEB.html,,,,,,,,,,,,,,
RMCL,RADHA MADHAV CORPORATION LIMITED,Regulation 7 (2),,2026-07-30,,,,,,,,,https://nsearchives.nseindia.com/corporate/ixbrl/IT_2680_20260730_165718715_WEB.html,,,,,,,,,,,,,,
BLUESTONE,BlueStone Jewellery and Lifestyle Limited,Regulation 7 (2),,2026-07-29,,,,,,,,,https://nsearchives.nseindia.com/corporate/ixbrl/IT_25008_20260729_172756346_WEB.html,,,,,,,,,,,,,,
BLUESTONE,BlueStone Jewellery and Lifestyle Limited,Regulation 7 (2),,2026-07-29,,,,,,,,,https://nsearchives.nseindia.com/corporate/ixbrl/IT_25008_20260729_172756346_WEB.html,,,,,,,,,,,,,,
JSWSTEEL,JSW STEEL LIMITED,Regulation 7 (2),,2026-07-30,,,,,,,,,https://nsearchives.nseindia.com/corporate/ixbrl/IT_2266_20260730_115738863_WEB.html,,,,,,,,,,,,,,
JSWSTEEL,JSW STEEL LIMITED,Regulation 7 (2),,2026-07-30,,,,,,,,,https://nsearchives.nseindia.com/corporate/ixbrl/IT_2266_20260730_115738863_WEB.html,,,,,,,,,,,,,,
JSWSTEEL,JSW STEEL LIMITED,Regulation 7 (2),,2026-07-30,,,,,,,,,https://nsearchives.nseindia.com/corporate/ixbrl/IT_2266_20260730_115738863_WEB.html,,,,,,,,,,,,,,
JSWSTEEL,JSW STEEL LIMITED,Regulation 7 (2),,2026-07-30,,,,,,,,,https://nsearchives.nseindia.com/corporate/ixbrl/IT_2266_20260730_115738863_WEB.html,,,,,,,,,,,,,,
JSWSTEEL,JSW STEEL LIMITED,Regulation 7 (2),,2026-07-30,,,,,,,,,https://nsearchives.nseindia.com/corporate/ixbrl/IT_2266_20260730_115738863_WEB.html,,,,,,,,,,,,,,
JSWSTEEL,JSW STEEL LIMITED,Regulation 7 (2),,2026-07-30,,,,,,,,,https://nsearchives.nseindia.com/corporate/ixbrl/IT_2266_20260730_115738863_WEB.html,,,,,,,,,,,,,,
JSWSTEEL,JSW STEEL LIMITED,Regulation 7 (2),,2026-07-30,,,,,,,,,https://nsearchives.nseindia.com/corporate/ixbrl/IT_2266_20260730_115738863_WEB.html,,,,,,,,,,,,,,
WESTLIFE,WESTLIFE FOODWORLD LIMITED,Regulation 7 (2),,2026-07-30,,,,,,,,,https://nsearchives.nseindia.com/corporate/ixbrl/IT_17571_20260730_103648444_WEB.html,,,,,,,,,,,,,,
WESTLIFE,WESTLIFE FOODWORLD LIMITED,Regulation 7 (2),,2026-07-30,,,,,,,,,https://nsearchives.nseindia.com/corporate/ixbrl/IT_17571_20260730_103648444_WEB.html,,,,,,,,,,,,,,
SENCO,SENCO GOLD LIMITED,Regulation 7 (2),,2026-07-29,,,,,,,,,https://nsearchives.nseindia.com/corporate/ixbrl/IT_20714_20260729_201310321_WEB.html,,,,,,,,,,,,,,
SENCO,SENCO GOLD LIMITED,Regulation 7 (2),,2026-07-29,,,,,,,,,https://nsearchives.nseindia.com/corporate/ixbrl/IT_20714_20260729_201310321_WEB.html,,,,,,,,,,,,,,
BLUESTONE,BlueStone Jewellery and Lifestyle Limited,Regulation 7 (2),,2026-07-29,,,,,,,,,https://nsearchives.nseindia.com/corporate/ixbrl/IT_25008_20260729_172734476_WEB.html,,,,,,,,,,,,,,
BLUESTONE,BlueStone Jewellery and Lifestyle Limited,Regulation 7 (2),,2026-07-29,,,,,,,,,https://nsearchives.nseindia.com/corporate/ixbrl/IT_25008_20260729_172734476_WEB.html,,,,,,,,,,,,,,
BLUESTONE,BlueStone Jewellery and Lifestyle Limited,Regulation 7 (2),,2026-07-29,,,,,,,,,https://nsearchives.nseindia.com/corporate/ixbrl/IT_25008_20260729_172710500_WEB.html,,,,,,,,,,,,,,
BLUESTONE,BlueStone Jewellery and Lifestyle Limited,Regulation 7 (2),,2026-07-29,,,,,,,,,https://nsearchives.nseindia.com/corporate/ixbrl/IT_25008_20260729_172710500_WEB.html,,,,,,,,,,,,,,
HCLTECH,HCL Technologies Limited,Regulation 7 (2),,2026-07-29,,,,,,,,,https://nsearchives.nseindia.com/corporate/ixbrl/IT_1828_20260729_165227684_WEB.html,,,,,,,,,,,,,,
HCLTECH,HCL Technologies Limited,Regulation 7 (2),,2026-07-29,,,,,,,,,https://nsearchives.nseindia.com/corporate/ixbrl/IT_1828_20260729_165227684_WEB.html,,,,,,,,,,,,,,
HCLTECH,HCL Technologies Limited,Regulation 7 (2),,2026-07-29,,,,,,,,,https://nsearchives.nseindia.com/corporate/ixbrl/IT_1828_20260729_165227684_WEB.html,,,,,,,,,,,,,,
HCLTECH,HCL Technologies Limited,Regulation 7 (2),,2026-07-29,,,,,,,,,https://nsearchives.nseindia.com/corporate/ixbrl/IT_1828_20260729_165227684_WEB.html,,,,,,,,,,,,,,
HCLTECH,HCL Technologies Limited,Regulation 7 (2),,2026-07-29,,,,,,,,,https://nsearchives.nseindia.com/corporate/ixbrl/IT_1828_20260729_165227684_WEB.html,,,,,,,,,,,,,,
HCLTECH,HCL Technologies Limited,Regulation 7 (2),,2026-07-29,,,,,,,,,https://nsearchives.nseindia.com/corporate/ixbrl/IT_1828_20260729_165227684_WEB.html,,,,,,,,,,,,,,
HATSUN,HATSUN AGRO PRODUCT LIMITED,Regulation 7 (2),,2026-07-29,,,,,,,,,https://nsearchives.nseindia.com/corporate/ixbrl/IT_10091_20260729_151416991_WEB.html,,,,,,,,,,,,,,
360ONE,360 ONE WAM LIMITED,Regulation 7 (2),,2026-07-29,,,,,,,,,https://nsearchives.nseindia.com/corporate/ixbrl/IT_17593_20260729_160842384_WEB.html,,,,,,,,,,,,,,
360ONE,360 ONE WAM LIMITED,Regulation 7 (2),,2026-07-29,,,,,,,,,https://nsearchives.nseindia.com/corporate/ixbrl/IT_17593_20260729_160842384_WEB.html,,,,,,,,,,,,,,
360ONE,360 ONE WAM LIMITED,Regulation 7 (2),,2026-07-29,,,,,,,,,https://nsearchives.nseindia.com/corporate/ixbrl/IT_17593_20260729_160842384_WEB.html,,,,,,,,,,,,,,
360ONE,360 ONE WAM LIMITED,Regulation 7 (3),,2026-07-30,,,,,,,,,https://nsearchives.nseindia.com/corporate/ixbrl/IT_17593_20260730_131343561_WEB.html,,,,,,,,,,,,,,
360ONE,360 ONE WAM LIMITED,Regulation 7 (3),,2026-07-30,,,,,,,,,https://nsearchives.nseindia.com/corporate/ixbrl/IT_17593_20260730_131343561_WEB.html,,,,,,,,,,,,,,
SANGAMIND,SANGAM (INDIA) LIMITED,Regulation 7 (2),,2026-07-29,,,,,,,,,https://nsearchives.nseindia.com/corporate/ixbrl/IT_1381_20260729_144943319_WEB.html,,,,,,,,,,,,,,
HATSUN,HATSUN AGRO PRODUCT LIMITED,Regulation 7 (2),,2026-07-29,,,,,,,,,https://nsearchives.nseindia.com/corporate/ixbrl/IT_10091_20260729_144937973_WEB.html,,,,,,,,,,,,,,
JKCEMENT,J. K. CEMENT LIMITED,Regulation 7 (2),,2026-07-29,,,,,,,,,https://nsearchives.nseindia.com/corporate/ixbrl/IT_2371_20260729_115516781_WEB.html,,,,,,,,,,,,,,
JKCEMENT,J. K. CEMENT LIMITED,Regulation 7 (2),,2026-07-29,,,,,,,,,https://nsearchives.nseindia.com/corporate/ixbrl/IT_2371_20260729_115516781_WEB.html,,,,,,,,,,,,,,
WIPRO,WIPRO LIMITED,Regulation 7 (2),,2026-07-28,,,,,,,,,https://nsearchives.nseindia.com/corporate/ixbrl/IT_624_20260728_182005025_WEB.html,,,,,,,,,,,,,,
360ONE,360 ONE WAM LIMITED,Regulation 7 (2),,2026-07-28,,,,,,,,,https://nsearchives.nseindia.com/corporate/ixbrl/IT_17593_20260728_192810361_WEB.html,,,,,,,,,,,,,,
360ONE,360 ONE WAM LIMITED,Regulation 7 (2),,2026-07-28,,,,,,,,,https://nsearchives.nseindia.com/corporate/ixbrl/IT_17593_20260728_192810361_WEB.html,,,,,,,,,,,,,,
360ONE,360 ONE WAM LIMITED,Regulation 7 (2),,2026-07-28,,,,,,,,,https://nsearchives.nseindia.com/corporate/ixbrl/IT_17593_20260728_192810361_WEB.html,,,,,,,,,,,,,,
TINNARUBR,TINNA RUBBER AND INFRASTRUCTURE LIMITED,Regulation 7 (2),,2026-07-28,,,,,,,,,https://nsearchives.nseindia.com/corporate/ixbrl/IT_25068_20260728_173852814_WEB.html,,,,,,,,,,,,,,
TINNARUBR,TINNA RUBBER AND INFRASTRUCTURE LIMITED,Regulation 7 (2),,2026-07-28,,,,,,,,,https://nsearchives.nseindia.com/corporate/ixbrl/IT_25068_20260728_173852814_WEB.html,,,,,,,,,,,,,,
DBOL,Dhampur Bio Organics Limited,Regulation 7 (2),,2026-07-28,,,,,,,,,https://nsearchives.nseindia.com/corporate/ixbrl/IT_20812_20260728_183358502_WEB.html,,,,,,,,,,,,,,
DBOL,Dhampur Bio Organics Limited,Regulation 7 (2),,2026-07-28,,,,,,,,,https://nsearchives.nseindia.com/corporate/ixbrl/IT_20812_20260728_183358502_WEB.html,,,,,,,,,,,,,,
DMART,AVENUE SUPERMARTS LIMITED,Regulation 7 (2),,2026-07-28,,,,,,,,,https://nsearchives.nseindia.com/corporate/ixbrl/IT_14711_20260728_183435525_WEB.html,,,,,,,,,,,,,,
NITCO,NITCO Limited,Regulation 7 (2),,2026-07-27,,,,,,,,,https://nsearchives.nseindia.com/corporate/ixbrl/IT_2377_20260728_153530395_WEB.html,,,,,,,,,,,,,,
SHIVALIK,Shivalik Rasayan Limited,Regulation 7 (3),,2026-07-28,,,,,,,,,https://nsearchives.nseindia.com/corporate/ixbrl/IT_20019_20260728_152844445_WEB.html,,,,,,,,,,,,,,
INFY,Infosys Limited,Regulation 7 (2),,2026-07-27,,,,,,,,,https://nsearchives.nseindia.com/corporate/ixbrl/IT_180_20260727_191130417_WEB.html,,,,,,,,,,,,,,non updated value field
INFY,Infosys Limited,Regulation 7 (2),,2026-07-27,,,,,,,,,https://nsearchives.nseindia.com/corporate/ixbrl/IT_180_20260727_191130417_WEB.html,,,,,,,,,,,,,,non updated value field
INFY,Infosys Limited,Regulation 7 (2),,2026-07-27,,,,,,,,,https://nsearchives.nseindia.com/corporate/ixbrl/IT_180_20260727_191130417_WEB.html,,,,,,,,,,,,,,non updated value field
INFY,Infosys Limited,Regulation 7 (2),,2026-07-27,,,,,,,,,https://nsearchives.nseindia.com/corporate/ixbrl/IT_180_20260727_191130417_WEB.html,,,,,,,,,,,,,,non updated value field
INFY,Infosys Limited,Regulation 7 (2),,2026-07-27,,,,,,,,,https://nsearchives.nseindia.com/corporate/ixbrl/IT_180_20260727_191130417_WEB.html,,,,,,,,,,,,,,non updated value field
INFY,Infosys Limited,Regulation 7 (2),,2026-07-27,,,,,,,,,https://nsearchives.nseindia.com/corporate/ixbrl/IT_180_20260727_191130417_WEB.html,,,,,,,,,,,,,,non updated value field
INFY,Infosys Limited,Regulation 7 (2),,2026-07-27,,,,,,,,,https://nsearchives.nseindia.com/corporate/ixbrl/IT_180_20260727_191130417_WEB.html,,,,,,,,,,,,,,non updated value field
INFY,Infosys Limited,Regulation 7 (2),,2026-07-27,,,,,,,,,https://nsearchives.nseindia.com/corporate/ixbrl/IT_180_20260727_191130417_WEB.html,,,,,,,,,,,,,,non updated value field
INFY,Infosys Limited,Regulation 7 (2),,2026-07-27,,,,,,,,,https://nsearchives.nseindia.com/corporate/ixbrl/IT_180_20260727_191130417_WEB.html,,,,,,,,,,,,,,non updated value field
INFY,Infosys Limited,Regulation 7 (2),,2026-07-27,,,,,,,,,https://nsearchives.nseindia.com/corporate/ixbrl/IT_180_20260727_191130417_WEB.html,,,,,,,,,,,,,,non updated value field
INFY,Infosys Limited,Regulation 7 (2),,2026-07-27,,,,,,,,,https://nsearchives.nseindia.com/corporate/ixbrl/IT_180_20260727_191130417_WEB.html,,,,,,,,,,,,,,non updated value field
INFY,Infosys Limited,Regulation 7 (2),,2026-07-27,,,,,,,,,https://nsearchives.nseindia.com/corporate/ixbrl/IT_180_20260727_191130417_WEB.html,,,,,,,,,,,,,,non updated value field
EUROPRATIK,Euro Pratik Sales Limited,Regulation 7 (2),,2026-07-18,,,,,,,,,https://nsearchives.nseindia.com/corporate/ixbrl/IT_25276_20260728_124557999_WEB.html,,,,,,,,,,,,,,
DBOL,Dhampur Bio Organics Limited,Regulation 7 (2),,2026-07-28,,,,,,,,,https://nsearchives.nseindia.com/corporate/ixbrl/IT_20812_20260728_183329566_WEB.html,,,,,,,,,,,,,,
DBOL,Dhampur Bio Organics Limited,Regulation 7 (2),,2026-07-28,,,,,,,,,https://nsearchives.nseindia.com/corporate/ixbrl/IT_20812_20260728_183329566_WEB.html,,,,,,,,,,,,,,
AURUM,Aurum PropTech Limited,Regulation 7 (2),,2026-07-27,,,,,,,,,https://nsearchives.nseindia.com/corporate/ixbrl/IT_12987_20260727_192853174_WEB.html,,,,,,,,,,,,,,
HCLTECH,HCL Technologies Limited,Regulation 7 (2),,2026-07-27,,,,,,,,,https://nsearchives.nseindia.com/corporate/ixbrl/IT_1828_20260727_182849366_WEB.html,,,,,,,,,,,,,,
HCLTECH,HCL Technologies Limited,Regulation 7 (2),,2026-07-27,,,,,,,,,https://nsearchives.nseindia.com/corporate/ixbrl/IT_1828_20260727_182849366_WEB.html,,,,,,,,,,,,,,
HCLTECH,HCL Technologies Limited,Regulation 7 (2),,2026-07-27,,,,,,,,,https://nsearchives.nseindia.com/corporate/ixbrl/IT_1828_20260727_182849366_WEB.html,,,,,,,,,,,,,,
HCLTECH,HCL Technologies Limited,Regulation 7 (2),,2026-07-27,,,,,,,,,https://nsearchives.nseindia.com/corporate/ixbrl/IT_1828_20260727_182849366_WEB.html,,,,,,,,,,,,,,
HCLTECH,HCL Technologies Limited,Regulation 7 (2),,2026-07-27,,,,,,,,,https://nsearchives.nseindia.com/corporate/ixbrl/IT_1828_20260727_182849366_WEB.html,,,,,,,,,,,,,,
HCLTECH,HCL Technologies Limited,Regulation 7 (2),,2026-07-27,,,,,,,,,https://nsearchives.nseindia.com/corporate/ixbrl/IT_1828_20260727_182849366_WEB.html,,,,,,,,,,,,,,
HCLTECH,HCL Technologies Limited,Regulation 7 (2),,2026-07-27,,,,,,,,,https://nsearchives.nseindia.com/corporate/ixbrl/IT_1828_20260727_182849366_WEB.html,,,,,,,,,,,,,,
NAUKRI,Info Edge (India) Limited,Regulation 7 (2),,2026-07-28,,,,,,,,,https://nsearchives.nseindia.com/corporate/ixbrl/IT_2460_20260728_114418855_WEB.html,,,,,,,,,,,,,,
INFY,Infosys Limited,Regulation 7 (2),,2026-07-27,,,,,,,,,https://nsearchives.nseindia.com/corporate/ixbrl/IT_180_20260727_182226711_WEB.html,,,,,,,,,,,,,,
INFY,Infosys Limited,Regulation 7 (2),,2026-07-27,,,,,,,,,https://nsearchives.nseindia.com/corporate/ixbrl/IT_180_20260727_182226711_WEB.html,,,,,,,,,,,,,,
INFY,Infosys Limited,Regulation 7 (2),,2026-07-27,,,,,,,,,https://nsearchives.nseindia.com/corporate/ixbrl/IT_180_20260727_182226711_WEB.html,,,,,,,,,,,,,,
INFY,Infosys Limited,Regulation 7 (2),,2026-07-27,,,,,,,,,https://nsearchives.nseindia.com/corporate/ixbrl/IT_180_20260727_182226711_WEB.html,,,,,,,,,,,,,,
INFY,Infosys Limited,Regulation 7 (2),,2026-07-27,,,,,,,,,https://nsearchives.nseindia.com/corporate/ixbrl/IT_180_20260727_182226711_WEB.html,,,,,,,,,,,,,,
INFY,Infosys Limited,Regulation 7 (2),,2026-07-27,,,,,,,,,https://nsearchives.nseindia.com/corporate/ixbrl/IT_180_20260727_182226711_WEB.html,,,,,,,,,,,,,,
INFY,Infosys Limited,Regulation 7 (2),,2026-07-27,,,,,,,,,https://nsearchives.nseindia.com/corporate/ixbrl/IT_180_20260727_182226711_WEB.html,,,,,,,,,,,,,,
INFY,Infosys Limited,Regulation 7 (2),,2026-07-27,,,,,,,,,https://nsearchives.nseindia.com/corporate/ixbrl/IT_180_20260727_182226711_WEB.html,,,,,,,,,,,,,,
INFY,Infosys Limited,Regulation 7 (2),,2026-07-27,,,,,,,,,https://nsearchives.nseindia.com/corporate/ixbrl/IT_180_20260727_182226711_WEB.html,,,,,,,,,,,,,,
INFY,Infosys Limited,Regulation 7 (2),,2026-07-27,,,,,,,,,https://nsearchives.nseindia.com/corporate/ixbrl/IT_180_20260727_182226711_WEB.html,,,,,,,,,,,,,,
INFY,Infosys Limited,Regulation 7 (2),,2026-07-27,,,,,,,,,https://nsearchives.nseindia.com/corporate/ixbrl/IT_180_20260727_182226711_WEB.html,,,,,,,,,,,,,,
INFY,Infosys Limited,Regulation 7 (2),,2026-07-27,,,,,,,,,https://nsearchives.nseindia.com/corporate/ixbrl/IT_180_20260727_182226711_WEB.html,,,,,,,,,,,,,,
BLUESTONE,BlueStone Jewellery and Lifestyle Limited,Regulation 7 (2),,2026-07-27,,,,,,,,,https://nsearchives.nseindia.com/corporate/ixbrl/IT_25008_20260727_175846347_WEB.html,,,,,,,,,,,,,,
BLUESTONE,BlueStone Jewellery and Lifestyle Limited,Regulation 7 (2),,2026-07-27,,,,,,,,,https://nsearchives.nseindia.com/corporate/ixbrl/IT_25008_20260727_175846347_WEB.html,,,,,,,,,,,,,,
BLUESTONE,BlueStone Jewellery and Lifestyle Limited,Regulation 7 (2),,2026-07-27,,,,,,,,,https://nsearchives.nseindia.com/corporate/ixbrl/IT_25008_20260727_175846347_WEB.html,,,,,,,,,,,,,,
BLUESTONE,BlueStone Jewellery and Lifestyle Limited,Regulation 7 (2),,2026-07-27,,,,,,,,,https://nsearchives.nseindia.com/corporate/ixbrl/IT_25008_20260727_175846347_WEB.html,,,,,,,,,,,,,,
ADVAIT,ADVAIT ENERGY TRANSITIONS LIMITED,Regulation 7 (2),,2026-07-25,,,,,,,,,https://nsearchives.nseindia.com/corporate/ixbrl/IT_26866_20260725_172542369_WEB.html,,,,,,,,,,,,,,
ADVAIT,ADVAIT ENERGY TRANSITIONS LIMITED,Regulation 7 (2),,2026-07-25,,,,,,,,,https://nsearchives.nseindia.com/corporate/ixbrl/IT_26866_20260725_172542369_WEB.html,,,,,,,,,,,,,,
ADVAIT,ADVAIT ENERGY TRANSITIONS LIMITED,Regulation 7 (2),,2026-07-25,,,,,,,,,https://nsearchives.nseindia.com/corporate/ixbrl/IT_26866_20260725_172542369_WEB.html,,,,,,,,,,,,,,
ADVAIT,ADVAIT ENERGY TRANSITIONS LIMITED,Regulation 7 (2),,2026-07-25,,,,,,,,,https://nsearchives.nseindia.com/corporate/ixbrl/IT_26866_20260725_172542369_WEB.html,,,,,,,,,,,,,,
ADVAIT,ADVAIT ENERGY TRANSITIONS LIMITED,Regulation 7 (2),,2026-07-25,,,,,,,,,https://nsearchives.nseindia.com/corporate/ixbrl/IT_26866_20260725_172542369_WEB.html,,,,,,,,,,,,,,
ADVAIT,ADVAIT ENERGY TRANSITIONS LIMITED,Regulation 7 (2),,2026-07-25,,,,,,,,,https://nsearchives.nseindia.com/corporate/ixbrl/IT_26866_20260725_172542369_WEB.html,,,,,,,,,,,,,,
ADVAIT,ADVAIT ENERGY TRANSITIONS LIMITED,Regulation 7 (2),,2026-07-25,,,,,,,,,https://nsearchives.nseindia.com/corporate/ixbrl/IT_26866_20260725_172542369_WEB.html,,,,,,,,,,,,,,
ADVAIT,ADVAIT ENERGY TRANSITIONS LIMITED,Regulation 7 (2),,2026-07-25,,,,,,,,,https://nsearchives.nseindia.com/corporate/ixbrl/IT_26866_20260725_172542369_WEB.html,,,,,,,,,,,,,,
ADVAIT,ADVAIT ENERGY TRANSITIONS LIMITED,Regulation 7 (2),,2026-07-25,,,,,,,,,https://nsearchives.nseindia.com/corporate/ixbrl/IT_26866_20260725_172542369_WEB.html,,,,,,,,,,,,,,
ADVAIT,ADVAIT ENERGY TRANSITIONS LIMITED,Regulation 7 (2),,2026-07-25,,,,,,,,,https://nsearchives.nseindia.com/corporate/ixbrl/IT_26866_20260725_172542369_WEB.html,,,,,,,,,,,,,,
ADVAIT,ADVAIT ENERGY TRANSITIONS LIMITED,Regulation 7 (2),,2026-07-25,,,,,,,,,https://nsearchives.nseindia.com/corporate/ixbrl/IT_26866_20260725_172542369_WEB.html,,,,,,,,,,,,,,
ADVAIT,ADVAIT ENERGY TRANSITIONS LIMITED,Regulation 7 (2),,2026-07-25,,,,,,,,,https://nsearchives.nseindia.com/corporate/ixbrl/IT_26866_20260725_172542369_WEB.html,,,,,,,,,,,,,,
ADVAIT,ADVAIT ENERGY TRANSITIONS LIMITED,Regulation 7 (2),,2026-07-25,,,,,,,,,https://nsearchives.nseindia.com/corporate/ixbrl/IT_26866_20260725_172542369_WEB.html,,,,,,,,,,,,,,
ADVAIT,ADVAIT ENERGY TRANSITIONS LIMITED,Regulation 7 (2),,2026-07-25,,,,,,,,,https://nsearchives.nseindia.com/corporate/ixbrl/IT_26866_20260725_172542369_WEB.html,,,,,,,,,,,,,,
ADVAIT,ADVAIT ENERGY TRANSITIONS LIMITED,Regulation 7 (2),,2026-07-25,,,,,,,,,https://nsearchives.nseindia.com/corporate/ixbrl/IT_26866_20260725_172542369_WEB.html,,,,,,,,,,,,,,
ADVAIT,ADVAIT ENERGY TRANSITIONS LIMITED,Regulation 7 (2),,2026-07-25,,,,,,,,,https://nsearchives.nseindia.com/corporate/ixbrl/IT_26866_20260725_172542369_WEB.html,,,,,,,,,,,,,,
ADVAIT,ADVAIT ENERGY TRANSITIONS LIMITED,Regulation 7 (2),,2026-07-25,,,,,,,,,https://nsearchives.nseindia.com/corporate/ixbrl/IT_26866_20260725_172542369_WEB.html,,,,,,,,,,,,,,
ADVAIT,ADVAIT ENERGY TRANSITIONS LIMITED,Regulation 7 (2),,2026-07-25,,,,,,,,,https://nsearchives.nseindia.com/corporate/ixbrl/IT_26866_20260725_172542369_WEB.html,,,,,,,,,,,,,,
ADVAIT,ADVAIT ENERGY TRANSITIONS LIMITED,Regulation 7 (2),,2026-07-25,,,,,,,,,https://nsearchives.nseindia.com/corporate/ixbrl/IT_26866_20260725_172542369_WEB.html,,,,,,,,,,,,,,
ADVAIT,ADVAIT ENERGY TRANSITIONS LIMITED,Regulation 7 (2),,2026-07-25,,,,,,,,,https://nsearchives.nseindia.com/corporate/ixbrl/IT_26866_20260725_172542369_WEB.html,,,,,,,,,,,,,,
ADVAIT,ADVAIT ENERGY TRANSITIONS LIMITED,Regulation 7 (2),,2026-07-25,,,,,,,,,https://nsearchives.nseindia.com/corporate/ixbrl/IT_26866_20260725_172542369_WEB.html,,,,,,,,,,,,,,
ADVAIT,ADVAIT ENERGY TRANSITIONS LIMITED,Regulation 7 (2),,2026-07-25,,,,,,,,,https://nsearchives.nseindia.com/corporate/ixbrl/IT_26866_20260725_172542369_WEB.html,,,,,,,,,,,,,,
ADVAIT,ADVAIT ENERGY TRANSITIONS LIMITED,Regulation 7 (2),,2026-07-25,,,,,,,,,https://nsearchives.nseindia.com/corporate/ixbrl/IT_26866_20260725_172542369_WEB.html,,,,,,,,,,,,,,
ADVAIT,ADVAIT ENERGY TRANSITIONS LIMITED,Regulation 7 (2),,2026-07-25,,,,,,,,,https://nsearchives.nseindia.com/corporate/ixbrl/IT_26866_20260725_172542369_WEB.html,,,,,,,,,,,,,,
JSWENERGY,JSW Energy Limited,Regulation 7 (2),,2026-07-24,,,,,,,,,https://nsearchives.nseindia.com/corporate/ixbrl/IT_3013_20260724_220339985_WEB.html,,,,,,,,,,,,,,
BLUESTONE,BlueStone Jewellery and Lifestyle Limited,Regulation 7 (2),,2026-07-27,,,,,,,,,https://nsearchives.nseindia.com/corporate/ixbrl/IT_25008_20260727_175816325_WEB.html,,,,,,,,,,,,,,
SSWL,STEEL STRIPS WHEELS LIMITED,Regulation 7 (2),,2026-07-24,,,,,,,,,https://nsearchives.nseindia.com/corporate/ixbrl/IT_2286_20260724_170715191_WEB.html,,,,,,,,,,,,,,
SSWL,STEEL STRIPS WHEELS LIMITED,Regulation 7 (2),,2026-07-24,,,,,,,,,https://nsearchives.nseindia.com/corporate/ixbrl/IT_2286_20260724_170715191_WEB.html,,,,,,,,,,,,,,
SSWL,STEEL STRIPS WHEELS LIMITED,Regulation 7 (2),,2026-07-24,,,,,,,,,https://nsearchives.nseindia.com/corporate/ixbrl/IT_2286_20260724_170715191_WEB.html,,,,,,,,,,,,,,
SSWL,STEEL STRIPS WHEELS LIMITED,Regulation 7 (2),,2026-07-24,,,,,,,,,https://nsearchives.nseindia.com/corporate/ixbrl/IT_2286_20260724_170715191_WEB.html,,,,,,,,,,,,,,
SSWL,STEEL STRIPS WHEELS LIMITED,Regulation 7 (2),,2026-07-24,,,,,,,,,https://nsearchives.nseindia.com/corporate/ixbrl/IT_2286_20260724_170715191_WEB.html,,,,,,,,,,,,,,
SSWL,STEEL STRIPS WHEELS LIMITED,Regulation 7 (2),,2026-07-24,,,,,,,,,https://nsearchives.nseindia.com/corporate/ixbrl/IT_2286_20260724_170715191_WEB.html,,,,,,,,,,,,,,
SSWL,STEEL STRIPS WHEELS LIMITED,Regulation 7 (2),,2026-07-24,,,,,,,,,https://nsearchives.nseindia.com/corporate/ixbrl/IT_2286_20260724_170715191_WEB.html,,,,,,,,,,,,,,
SSWL,STEEL STRIPS WHEELS LIMITED,Regulation 7 (2),,2026-07-24,,,,,,,,,https://nsearchives.nseindia.com/corporate/ixbrl/IT_2286_20260724_170715191_WEB.html,,,,,,,,,,,,,,
SSWL,STEEL STRIPS WHEELS LIMITED,Regulation 7 (2),,2026-07-24,,,,,,,,,https://nsearchives.nseindia.com/corporate/ixbrl/IT_2286_20260724_170715191_WEB.html,,,,,,,,,,,,,,
SSWL,STEEL STRIPS WHEELS LIMITED,Regulation 7 (2),,2026-07-24,,,,,,,,,https://nsearchives.nseindia.com/corporate/ixbrl/IT_2286_20260724_170715191_WEB.html,,,,,,,,,,,,,,
SSWL,STEEL STRIPS WHEELS LIMITED,Regulation 7 (2),,2026-07-24,,,,,,,,,https://nsearchives.nseindia.com/corporate/ixbrl/IT_2286_20260724_170715191_WEB.html,,,,,,,,,,,,,,
SSWL,STEEL STRIPS WHEELS LIMITED,Regulation 7 (2),,2026-07-24,,,,,,,,,https://nsearchives.nseindia.com/corporate/ixbrl/IT_2286_20260724_170715191_WEB.html,,,,,,,,,,,,,,
SSWL,STEEL STRIPS WHEELS LIMITED,Regulation 7 (2),,2026-07-24,,,,,,,,,https://nsearchives.nseindia.com/corporate/ixbrl/IT_2286_20260724_170715191_WEB.html,,,,,,,,,,,,,,
SSWL,STEEL STRIPS WHEELS LIMITED,Regulation 7 (2),,2026-07-24,,,,,,,,,https://nsearchives.nseindia.com/corporate/ixbrl/IT_2286_20260724_170715191_WEB.html,,,,,,,,,,,,,,
ONMOBILE,ONMOBILE GLOBAL LIMITED,Regulation 7 (3),,2026-07-24,,,,,,,,,https://nsearchives.nseindia.com/corporate/ixbrl/IT_2721_20260724_184353800_WEB.html,,,,,,,,,,,,,,
RAMCOIND,RAMCO INDUSTRIES LIMITED,Regulation 7 (2),,2026-07-24,,,,,,,,,https://nsearchives.nseindia.com/corporate/ixbrl/IT_1560_20260725_125904256_WEB.html,,,,,,,,,,,,,,
SSWL,STEEL STRIPS WHEELS LTD.,Regulation 7 (2),,2026-07-24,,,,,,,,,https://nsearchives.nseindia.com/corporate/ixbrl/IT_2286_20260724_170428456_WEB.html,,,,,,,,,,,,,,
SSWL,STEEL STRIPS WHEELS LTD.,Regulation 7 (2),,2026-07-24,,,,,,,,,https://nsearchives.nseindia.com/corporate/ixbrl/IT_2286_20260724_170428456_WEB.html,,,,,,,,,,,,,,
SSWL,STEEL STRIPS WHEELS LTD.,Regulation 7 (2),,2026-07-24,,,,,,,,,https://nsearchives.nseindia.com/corporate/ixbrl/IT_2286_20260724_170428456_WEB.html,,,,,,,,,,,,,,
SSWL,STEEL STRIPS WHEELS LTD.,Regulation 7 (2),,2026-07-24,,,,,,,,,https://nsearchives.nseindia.com/corporate/ixbrl/IT_2286_20260724_170428456_WEB.html,,,,,,,,,,,,,,
SSWL,STEEL STRIPS WHEELS LTD.,Regulation 7 (2),,2026-07-24,,,,,,,,,https://nsearchives.nseindia.com/corporate/ixbrl/IT_2286_20260724_170428456_WEB.html,,,,,,,,,,,,,,
SSWL,STEEL STRIPS WHEELS LTD.,Regulation 7 (2),,2026-07-24,,,,,,,,,https://nsearchives.nseindia.com/corporate/ixbrl/IT_2286_20260724_170428456_WEB.html,,,,,,,,,,,,,,
SSWL,STEEL STRIPS WHEELS LTD.,Regulation 7 (2),,2026-07-24,,,,,,,,,https://nsearchives.nseindia.com/corporate/ixbrl/IT_2286_20260724_170428456_WEB.html,,,,,,,,,,,,,,
SSWL,STEEL STRIPS WHEELS LTD.,Regulation 7 (2),,2026-07-24,,,,,,,,,https://nsearchives.nseindia.com/corporate/ixbrl/IT_2286_20260724_170428456_WEB.html,,,,,,,,,,,,,,
SSWL,STEEL STRIPS WHEELS LTD.,Regulation 7 (2),,2026-07-24,,,,,,,,,https://nsearchives.nseindia.com/corporate/ixbrl/IT_2286_20260724_170428456_WEB.html,,,,,,,,,,,,,,
SSWL,STEEL STRIPS WHEELS LTD.,Regulation 7 (2),,2026-07-24,,,,,,,,,https://nsearchives.nseindia.com/corporate/ixbrl/IT_2286_20260724_170428456_WEB.html,,,,,,,,,,,,,,
SSWL,STEEL STRIPS WHEELS LTD.,Regulation 7 (2),,2026-07-24,,,,,,,,,https://nsearchives.nseindia.com/corporate/ixbrl/IT_2286_20260724_170428456_WEB.html,,,,,,,,,,,,,,
SSWL,STEEL STRIPS WHEELS LTD.,Regulation 7 (2),,2026-07-24,,,,,,,,,https://nsearchives.nseindia.com/corporate/ixbrl/IT_2286_20260724_170428456_WEB.html,,,,,,,,,,,,,,
SSWL,STEEL STRIPS WHEELS LTD.,Regulation 7 (2),,2026-07-24,,,,,,,,,https://nsearchives.nseindia.com/corporate/ixbrl/IT_2286_20260724_170428456_WEB.html,,,,,,,,,,,,,,
SSWL,STEEL STRIPS WHEELS LTD.,Regulation 7 (2),,2026-07-24,,,,,,,,,https://nsearchives.nseindia.com/corporate/ixbrl/IT_2286_20260724_170428456_WEB.html,,,,,,,,,,,,,,
GNA,GNA AXLES LIMITED,Regulation 7 (2),,2026-07-24,,,,,,,,,https://nsearchives.nseindia.com/corporate/ixbrl/IT_14236_20260724_160822305_WEB.html,,,,,,,,,,,,,,
NITCO,NITCO Limited,Regulation 7 (2),,2026-07-24,,,,,,,,,https://nsearchives.nseindia.com/corporate/ixbrl/IT_2377_20260724_162959617_WEB.html,,,,,,,,,,,,,,
PREMIERPOL,PREMIER POLYFILM LIMITED,Regulation 7 (2),,2026-07-24,,,,,,,,,https://nsearchives.nseindia.com/corporate/ixbrl/IT_91_20260724_155800097_WEB.html,,,,,,,,,,,,,,
PREMIERPOL,PREMIER POLYFILM LIMITED,Regulation 7 (2),,2026-07-24,,,,,,,,,https://nsearchives.nseindia.com/corporate/ixbrl/IT_91_20260724_155525994_WEB.html,,,,,,,,,,,,,,
BLUESTONE,BlueStone Jewellery and Lifestyle Limited,Regulation 7 (2),,2026-07-24,,,,,,,,,https://nsearchives.nseindia.com/corporate/ixbrl/IT_25008_20260724_160609057_WEB.html,,,,,,,,,,,,,,
BLUESTONE,BlueStone Jewellery and Lifestyle Limited,Regulation 7 (2),,2026-07-24,,,,,,,,,https://nsearchives.nseindia.com/corporate/ixbrl/IT_25008_20260724_160609057_WEB.html,,,,,,,,,,,,,,
BLUESTONE,BlueStone Jewellery and Lifestyle Limited,Regulation 7 (2),,2026-07-24,,,,,,,,,https://nsearchives.nseindia.com/corporate/ixbrl/IT_25008_20260724_160532284_WEB.html,,,,,,,,,,,,,,
HCLTECH,HCL Technologies Limited,Regulation 7 (2),,2026-07-24,,,,,,,,,https://nsearchives.nseindia.com/corporate/ixbrl/IT_1828_20260724_154033641_WEB.html,,,,,,,,,,,,,,
HCLTECH,HCL Technologies Limited,Regulation 7 (2),,2026-07-24,,,,,,,,,https://nsearchives.nseindia.com/corporate/ixbrl/IT_1828_20260724_154033641_WEB.html,,,,,,,,,,,,,,
GNA,G N A AXLES LIMITED,Regulation 7 (2),,2026-07-24,,,,,,,,,https://nsearchives.nseindia.com/corporate/ixbrl/IT_14236_20260724_160510467_WEB.html,,,,,,,,,,,,,,
ONMOBILE,ONMOBILE GLOBAL LIMITED,Regulation 7 (3),,2026-07-24,,,,,,,,,https://nsearchives.nseindia.com/corporate/ixbrl/IT_2721_20260724_141903276_WEB.html,,,,,,,,,,,,,,
AFCONS,Afcons Infrastructure Limited,Regulation 7 (2),,2026-07-24,,,,,,,,,https://nsearchives.nseindia.com/corporate/ixbrl/IT_23599_20260724_113357517_WEB.html,,,,,,,,,,,,,,
AFCONS,Afcons Infrastructure Limited,Regulation 7 (2),,2026-07-24,,,,,,,,,https://nsearchives.nseindia.com/corporate/ixbrl/IT_23599_20260724_113357517_WEB.html,,,,,,,,,,,,,,
JSWSTEEL,JSW STEEL LIMITED,Regulation 7 (2),,2026-07-24,,,,,,,,,https://nsearchives.nseindia.com/corporate/ixbrl/IT_2266_20260724_151218362_WEB.html,,,,,,,,,,,,,,
JSWSTEEL,JSW STEEL LIMITED,Regulation 7 (2),,2026-07-24,,,,,,,,,https://nsearchives.nseindia.com/corporate/ixbrl/IT_2266_20260724_151218362_WEB.html,,,,,,,,,,,,,,
JSWSTEEL,JSW STEEL LIMITED,Regulation 7 (2),,2026-07-24,,,,,,,,,https://nsearchives.nseindia.com/corporate/ixbrl/IT_2266_20260724_151218362_WEB.html,,,,,,,,,,,,,,
JSWSTEEL,JSW STEEL LIMITED,Regulation 7 (2),,2026-07-24,,,,,,,,,https://nsearchives.nseindia.com/corporate/ixbrl/IT_2266_20260724_151218362_WEB.html,,,,,,,,,,,,,,
DMART,AVENUE SUPERMARTS LIMITED,Regulation 7 (2),,2026-07-24,,,,,,,,,https://nsearchives.nseindia.com/corporate/ixbrl/IT_14711_20260724_134314242_WEB.html,,,,,,,,,,,,,,
DMART,AVENUE SUPERMARTS LIMITED,Regulation 7 (2),,2026-07-24,,,,,,,,,https://nsearchives.nseindia.com/corporate/ixbrl/IT_14711_20260724_134314242_WEB.html,,,,,,,,,,,,,,
AFCONS,Afcons Infrastructure Limited,Regulation 7 (2),,2026-07-24,,,,,,,,,https://nsearchives.nseindia.com/corporate/ixbrl/IT_23599_20260724_112824337_WEB.html,,,,,,,,,,,,,,
AFCONS,Afcons Infrastructure Limited,Regulation 7 (2),,2026-07-24,,,,,,,,,https://nsearchives.nseindia.com/corporate/ixbrl/IT_23599_20260724_112824337_WEB.html,,,,,,,,,,,,,,
AFCONS,Afcons Infrastructure Limited,Regulation 7 (2),,2026-07-24,,,,,,,,,https://nsearchives.nseindia.com/corporate/ixbrl/IT_23599_20260724_113332924_WEB.html,,,,,,,,,,,,,,
AFCONS,Afcons Infrastructure Limited,Regulation 7 (2),,2026-07-24,,,,,,,,,https://nsearchives.nseindia.com/corporate/ixbrl/IT_23599_20260724_113332924_WEB.html,,,,,,,,,,,,,,
PATINTLOG,Patel Integrated Logistics Limited,Regulation 7 (2),,2026-07-23,,,,,,,,,https://nsearchives.nseindia.com/corporate/ixbrl/IT_2705_20260723_193325500_WEB.html,,,,,,,,,,,,,,
PATINTLOG,Patel Integrated Logistics Limited,Regulation 7 (2),,2026-07-23,,,,,,,,,https://nsearchives.nseindia.com/corporate/ixbrl/IT_2705_20260723_193325500_WEB.html,,,,,,,,,,,,,,
PATINTLOG,Patel Integrated Logistics Limited,Regulation 7 (2),,2026-07-23,,,,,,,,,https://nsearchives.nseindia.com/corporate/ixbrl/IT_2705_20260723_193325500_WEB.html,,,,,,,,,,,,,,
PATINTLOG,Patel Integrated Logistics Limited,Regulation 7 (2),,2026-07-23,,,,,,,,,https://nsearchives.nseindia.com/corporate/ixbrl/IT_2705_20260723_193325500_WEB.html,,,,,,,,,,,,,,
PATINTLOG,Patel Integrated Logistics Limited,Regulation 7 (2),,2026-07-23,,,,,,,,,https://nsearchives.nseindia.com/corporate/ixbrl/IT_2705_20260723_193325500_WEB.html,,,,,,,,,,,,,,
PATINTLOG,Patel Integrated Logistics Limited,Regulation 7 (2),,2026-07-23,,,,,,,,,https://nsearchives.nseindia.com/corporate/ixbrl/IT_2705_20260723_193325500_WEB.html,,,,,,,,,,,,,,
PATINTLOG,Patel Integrated Logistics Limited,Regulation 7 (2),,2026-07-23,,,,,,,,,https://nsearchives.nseindia.com/corporate/ixbrl/IT_2705_20260723_193325500_WEB.html,,,,,,,,,,,,,,
PATINTLOG,Patel Integrated Logistics Limited,Regulation 7 (2),,2026-07-23,,,,,,,,,https://nsearchives.nseindia.com/corporate/ixbrl/IT_2705_20260723_193325500_WEB.html,,,,,,,,,,,,,,
PATINTLOG,Patel Integrated Logistics Limited,Regulation 7 (2),,2026-07-23,,,,,,,,,https://nsearchives.nseindia.com/corporate/ixbrl/IT_2705_20260723_193325500_WEB.html,,,,,,,,,,,,,,
PATINTLOG,Patel Integrated Logistics Limited,Regulation 7 (2),,2026-07-23,,,,,,,,,https://nsearchives.nseindia.com/corporate/ixbrl/IT_2705_20260723_193325500_WEB.html,,,,,,,,,,,,,,
PATINTLOG,Patel Integrated Logistics Limited,Regulation 7 (2),,2026-07-23,,,,,,,,,https://nsearchives.nseindia.com/corporate/ixbrl/IT_2705_20260723_193251085_WEB.html,,,,,,,,,,,,,,
PATINTLOG,Patel Integrated Logistics Limited,Regulation 7 (2),,2026-07-23,,,,,,,,,https://nsearchives.nseindia.com/corporate/ixbrl/IT_2705_20260723_193251085_WEB.html,,,,,,,,,,,,,,
PATINTLOG,Patel Integrated Logistics Limited,Regulation 7 (2),,2026-07-23,,,,,,,,,https://nsearchives.nseindia.com/corporate/ixbrl/IT_2705_20260723_193251085_WEB.html,,,,,,,,,,,,,,
PATINTLOG,Patel Integrated Logistics Limited,Regulation 7 (2),,2026-07-23,,,,,,,,,https://nsearchives.nseindia.com/corporate/ixbrl/IT_2705_20260723_193251085_WEB.html,,,,,,,,,,,,,,
PATINTLOG,Patel Integrated Logistics Limited,Regulation 7 (2),,2026-07-23,,,,,,,,,https://nsearchives.nseindia.com/corporate/ixbrl/IT_2705_20260723_193251085_WEB.html,,,,,,,,,,,,,,
PATINTLOG,Patel Integrated Logistics Limited,Regulation 7 (2),,2026-07-23,,,,,,,,,https://nsearchives.nseindia.com/corporate/ixbrl/IT_2705_20260723_193251085_WEB.html,,,,,,,,,,,,,,
PATINTLOG,Patel Integrated Logistics Limited,Regulation 7 (2),,2026-07-23,,,,,,,,,https://nsearchives.nseindia.com/corporate/ixbrl/IT_2705_20260723_193251085_WEB.html,,,,,,,,,,,,,,
PATINTLOG,Patel Integrated Logistics Limited,Regulation 7 (2),,2026-07-23,,,,,,,,,https://nsearchives.nseindia.com/corporate/ixbrl/IT_2705_20260723_193251085_WEB.html,,,,,,,,,,,,,,
PATINTLOG,Patel Integrated Logistics Limited,Regulation 7 (2),,2026-07-23,,,,,,,,,https://nsearchives.nseindia.com/corporate/ixbrl/IT_2705_20260723_193251085_WEB.html,,,,,,,,,,,,,,
PATINTLOG,Patel Integrated Logistics Limited,Regulation 7 (2),,2026-07-23,,,,,,,,,https://nsearchives.nseindia.com/corporate/ixbrl/IT_2705_20260723_193251085_WEB.html,,,,,,,,,,,,,,
DMART,AVENUE SUPERMARTS LIMITED,Regulation 7 (2),,2026-07-23,,,,,,,,,https://nsearchives.nseindia.com/corporate/ixbrl/IT_14711_20260723_175406542_WEB.html,,,,,,,,,,,,,,
DMART,AVENUE SUPERMARTS LIMITED,Regulation 7 (2),,2026-07-23,,,,,,,,,https://nsearchives.nseindia.com/corporate/ixbrl/IT_14711_20260723_175406542_WEB.html,,,,,,,,,,,,,,
DMART,AVENUE SUPERMARTS LIMITED,Regulation 7 (2),,2026-07-23,,,,,,,,,https://nsearchives.nseindia.com/corporate/ixbrl/IT_14711_20260723_175406542_WEB.html,,,,,,,,,,,,,,
PATINTLOG,Patel Integrated Logistics Limited,Regulation 7 (2),,2026-07-23,,,,,,,,,https://nsearchives.nseindia.com/corporate/ixbrl/IT_2705_20260723_192558301_WEB.html,,,,,,,,,,,,,,
PATINTLOG,Patel Integrated Logistics Limited,Regulation 7 (2),,2026-07-23,,,,,,,,,https://nsearchives.nseindia.com/corporate/ixbrl/IT_2705_20260723_192558301_WEB.html,,,,,,,,,,,,,,
PATINTLOG,Patel Integrated Logistics Limited,Regulation 7 (2),,2026-07-23,,,,,,,,,https://nsearchives.nseindia.com/corporate/ixbrl/IT_2705_20260723_192558301_WEB.html,,,,,,,,,,,,,,
PATINTLOG,Patel Integrated Logistics Limited,Regulation 7 (2),,2026-07-23,,,,,,,,,https://nsearchives.nseindia.com/corporate/ixbrl/IT_2705_20260723_192558301_WEB.html,,,,,,,,,,,,,,
PATINTLOG,Patel Integrated Logistics Limited,Regulation 7 (2),,2026-07-23,,,,,,,,,https://nsearchives.nseindia.com/corporate/ixbrl/IT_2705_20260723_192558301_WEB.html,,,,,,,,,,,,,,
PATINTLOG,Patel Integrated Logistics Limited,Regulation 7 (2),,2026-07-23,,,,,,,,,https://nsearchives.nseindia.com/corporate/ixbrl/IT_2705_20260723_192558301_WEB.html,,,,,,,,,,,,,,
PATINTLOG,Patel Integrated Logistics Limited,Regulation 7 (2),,2026-07-23,,,,,,,,,https://nsearchives.nseindia.com/corporate/ixbrl/IT_2705_20260723_192558301_WEB.html,,,,,,,,,,,,,,
PATINTLOG,Patel Integrated Logistics Limited,Regulation 7 (2),,2026-07-23,,,,,,,,,https://nsearchives.nseindia.com/corporate/ixbrl/IT_2705_20260723_192558301_WEB.html,,,,,,,,,,,,,,
PATINTLOG,Patel Integrated Logistics Limited,Regulation 7 (2),,2026-07-23,,,,,,,,,https://nsearchives.nseindia.com/corporate/ixbrl/IT_2705_20260723_192558301_WEB.html,,,,,,,,,,,,,,
PATINTLOG,Patel Integrated Logistics Limited,Regulation 7 (2),,2026-07-23,,,,,,,,,https://nsearchives.nseindia.com/corporate/ixbrl/IT_2705_20260723_192558301_WEB.html,,,,,,,,,,,,,,
360ONE,360 ONE WAM LIMITED,Regulation 7 (3),,2026-07-23,,,,,,,,,https://nsearchives.nseindia.com/corporate/ixbrl/IT_17593_20260723_183351346_WEB.html,,,,,,,,,,,,,,
360ONE,360 ONE WAM LIMITED,Regulation 7 (2),,2026-07-23,,,,,,,,,https://nsearchives.nseindia.com/corporate/ixbrl/IT_17593_20260723_183740455_WEB.html,,,,,,,,,,,,,,
HCLTECH,HCL Technologies Limited,Regulation 7 (2),,2026-07-22,,,,,,,,,https://nsearchives.nseindia.com/corporate/ixbrl/IT_1828_20260722_164332257_WEB.html,,,,,,,,,,,,,,
HCLTECH,HCL Technologies Limited,Regulation 7 (2),,2026-07-22,,,,,,,,,https://nsearchives.nseindia.com/corporate/ixbrl/IT_1828_20260722_164332257_WEB.html,,,,,,,,,,,,,,
HCLTECH,HCL Technologies Limited,Regulation 7 (2),,2026-07-22,,,,,,,,,https://nsearchives.nseindia.com/corporate/ixbrl/IT_1828_20260722_164332257_WEB.html,,,,,,,,,,,,,,
RAMCOIND,RAMCO INDUSTRIES LIMITED,Regulation 7 (2),,2026-07-23,,,,,,,,,https://nsearchives.nseindia.com/corporate/ixbrl/IT_1560_20260723_160524648_WEB.html,,,,,,,,,,,,,,
ARVINDFASN,ARVIND FASHIONS LIMITED,Regulation 7 (2),,2026-07-23,,,,,,,,,https://nsearchives.nseindia.com/corporate/ixbrl/IT_17278_20260723_154043804_WEB.html,,,,,,,,,,,,,,
PLASTIBLEN,PLASTIBLENDS INDIA LIMITED,Regulation 7 (2),,2026-07-22,,,,,,,,,https://nsearchives.nseindia.com/corporate/ixbrl/IT_2485_20260722_162802334_WEB.html,,,,,,,,,,,,,,
HCLTECH,HCL Technologies Limited,Regulation 7 (2),,2026-07-21,,,,,,,,,https://nsearchives.nseindia.com/corporate/ixbrl/IT_1828_20260721_191657157_WEB.html,,,,,,,,,,,,,,
HCLTECH,HCL Technologies Limited,Regulation 7 (2),,2026-07-21,,,,,,,,,https://nsearchives.nseindia.com/corporate/ixbrl/IT_1828_20260721_191657157_WEB.html,,,,,,,,,,,,,,
HCLTECH,HCL Technologies Limited,Regulation 7 (2),,2026-07-21,,,,,,,,,https://nsearchives.nseindia.com/corporate/ixbrl/IT_1828_20260721_191657157_WEB.html,,,,,,,,,,,,,,
NAUKRI,Info Edge (India) Limited,Regulation 7 (2),,2026-07-22,,,,,,,,,https://nsearchives.nseindia.com/corporate/ixbrl/IT_2460_20260722_123754318_WEB.html,,,,,,,,,,,,,,
NAUKRI,Info Edge (India) Limited,Regulation 7 (2),,2026-07-22,,,,,,,,,https://nsearchives.nseindia.com/corporate/ixbrl/IT_2460_20260722_123754318_WEB.html,,,,,,,,,,,,,,
360ONE,360 ONE WAM LIMITED,Regulation 7 (3),,2026-07-21,,,,,,,,,https://nsearchives.nseindia.com/corporate/ixbrl/IT_17593_20260721_192942241_WEB.html,,,,,,,,,,,,,,
360ONE,360 ONE WAM LIMITED,Regulation 7 (2),,2026-07-21,,,,,,,,,https://nsearchives.nseindia.com/corporate/ixbrl/IT_17593_20260721_182140260_WEB.html,,,,,,,,,,,,,,
DHAMPURSUG,DHAMPUR SUGAR MILLS LIMITED,Regulation 7 (2),,2026-07-20,,,,,,,,,https://nsearchives.nseindia.com/corporate/ixbrl/IT_783_20260720_185751510_WEB.html,,,,,,,,,,,,,,
PLASTIBLEN,PLASTIBLENDS INDIA LIMITED,Regulation 7 (2),,2026-07-23,,,,,,,,,https://nsearchives.nseindia.com/corporate/ixbrl/IT_2485_20260723_143421993_WEB.html,,,,,,,,,,,,,,
NAUKRI,Info Edge (India) Limited,Regulation 7 (2),,2026-07-20,,,,,,,,,https://nsearchives.nseindia.com/corporate/ixbrl/IT_2460_20260720_163341608_WEB.html,,,,,,,,,,,,,,
NAUKRI,Info Edge (India) Limited,Regulation 7 (2),,2026-07-20,,,,,,,,,https://nsearchives.nseindia.com/corporate/ixbrl/IT_2460_20260720_163341608_WEB.html,,,,,,,,,,,,,,
DMART,AVENUE SUPERMARTS LIMITED,Regulation 7 (2),,2026-07-17,,,,,,,,,https://nsearchives.nseindia.com/corporate/ixbrl/IT_14711_20260717_180926709_WEB.html,,,,,,,,,,,,,,
DMART,AVENUE SUPERMARTS LIMITED,Regulation 7 (2),,2026-07-17,,,,,,,,,https://nsearchives.nseindia.com/corporate/ixbrl/IT_14711_20260717_180926709_WEB.html,,,,,,,,,,,,,,
DMART,AVENUE SUPERMARTS LIMITED,Regulation 7 (2),,2026-07-17,,,,,,,,,https://nsearchives.nseindia.com/corporate/ixbrl/IT_14711_20260717_180926709_WEB.html,,,,,,,,,,,,,,
SHAH,SHAH METACORP LIMITED,Regulation 7 (2),,2026-07-18,,,,,,,,,https://nsearchives.nseindia.com/corporate/ixbrl/IT_3662_20260718_151414682_WEB.html,,,,,,,,,,,,,,
DMART,AVENUE SUPERMARTS LIMITED,Regulation 7 (2),,2026-07-21,,,,,,,,,https://nsearchives.nseindia.com/corporate/ixbrl/IT_14711_20260721_183406269_WEB.html,,,,,,,,,,,,,,
DMART,AVENUE SUPERMARTS LIMITED,Regulation 7 (2),,2026-07-21,,,,,,,,,https://nsearchives.nseindia.com/corporate/ixbrl/IT_14711_20260721_183406269_WEB.html,,,,,,,,,,,,,,
DMART,AVENUE SUPERMARTS LIMITED,Regulation 7 (2),,2026-07-21,,,,,,,,,https://nsearchives.nseindia.com/corporate/ixbrl/IT_14711_20260721_183406269_WEB.html,,,,,,,,,,,,,,
DMART,AVENUE SUPERMARTS LIMITED,Regulation 7 (2),,2026-07-21,,,,,,,,,https://nsearchives.nseindia.com/corporate/ixbrl/IT_14711_20260721_183406269_WEB.html,,,,,,,,,,,,,,
DMART,AVENUE SUPERMARTS LIMITED,Regulation 7 (2),,2026-07-21,,,,,,,,,https://nsearchives.nseindia.com/corporate/ixbrl/IT_14711_20260721_183406269_WEB.html,,,,,,,,,,,,,,
DMART,AVENUE SUPERMARTS LIMITED,Regulation 7 (2),,2026-07-21,,,,,,,,,https://nsearchives.nseindia.com/corporate/ixbrl/IT_14711_20260721_183406269_WEB.html,,,,,,,,,,,,,,
PLASTIBLEN,PLASTIBLENDS INDIA LIMITED,Regulation 7 (2),,2026-07-20,,,,,,,,,https://nsearchives.nseindia.com/corporate/ixbrl/IT_2485_20260720_192840264_WEB.html,,,,,,,,,,,,,,
NAUKRI,Info Edge (India) Limited,Regulation 7 (2),,2026-07-17,,,,,,,,,https://nsearchives.nseindia.com/corporate/ixbrl/IT_2460_20260717_140133817_WEB.html,,,,,,,,,,,,,,
NAUKRI,Info Edge (India) Limited,Regulation 7 (2),,2026-07-17,,,,,,,,,https://nsearchives.nseindia.com/corporate/ixbrl/IT_2460_20260717_140133817_WEB.html,,,,,,,,,,,,,,
ADSL,Allied Digital Services Limited,Regulation 7 (2),,2026-07-17,,,,,,,,,https://nsearchives.nseindia.com/corporate/ixbrl/IT_2631_20260717_130503646_WEB.html,,,,,,,,,,,,,,
ADSL,Allied Digital Services Limited,Regulation 7 (2),,2026-07-17,,,,,,,,,https://nsearchives.nseindia.com/corporate/ixbrl/IT_2631_20260717_130503646_WEB.html,,,,,,,,,,,,,,
ADSL,Allied Digital Services Limited,Regulation 7 (2),,2026-07-17,,,,,,,,,https://nsearchives.nseindia.com/corporate/ixbrl/IT_2631_20260717_130503646_WEB.html,,,,,,,,,,,,,,
ADSL,Allied Digital Services Limited,Regulation 7 (2),,2026-07-17,,,,,,,,,https://nsearchives.nseindia.com/corporate/ixbrl/IT_2631_20260717_130503646_WEB.html,,,,,,,,,,,,,,
ADSL,Allied Digital Services Limited,Regulation 7 (2),,2026-07-17,,,,,,,,,https://nsearchives.nseindia.com/corporate/ixbrl/IT_2631_20260717_130503646_WEB.html,,,,,,,,,,,,,,
ADSL,Allied Digital Services Limited,Regulation 7 (2),,2026-07-17,,,,,,,,,https://nsearchives.nseindia.com/corporate/ixbrl/IT_2631_20260717_130503646_WEB.html,,,,,,,,,,,,,,
ADSL,Allied Digital Services Limited,Regulation 7 (2),,2026-07-17,,,,,,,,,https://nsearchives.nseindia.com/corporate/ixbrl/IT_2631_20260717_130503646_WEB.html,,,,,,,,,,,,,,
ADSL,Allied Digital Services Limited,Regulation 7 (2),,2026-07-17,,,,,,,,,https://nsearchives.nseindia.com/corporate/ixbrl/IT_2631_20260717_130503646_WEB.html,,,,,,,,,,,,,,
ADSL,Allied Digital Services Limited,Regulation 7 (2),,2026-07-17,,,,,,,,,https://nsearchives.nseindia.com/corporate/ixbrl/IT_2631_20260717_130503646_WEB.html,,,,,,,,,,,,,,
ADSL,Allied Digital Services Limited,Regulation 7 (2),,2026-07-17,,,,,,,,,https://nsearchives.nseindia.com/corporate/ixbrl/IT_2631_20260717_130503646_WEB.html,,,,,,,,,,,,,,
ADSL,Allied Digital Services Limited,Regulation 7 (2),,2026-07-17,,,,,,,,,https://nsearchives.nseindia.com/corporate/ixbrl/IT_2631_20260717_130503646_WEB.html,,,,,,,,,,,,,,
ADSL,Allied Digital Services Limited,Regulation 7 (2),,2026-07-17,,,,,,,,,https://nsearchives.nseindia.com/corporate/ixbrl/IT_2631_20260717_130503646_WEB.html,,,,,,,,,,,,,,
NIITMTS,NIIT Learning Systems Limited,Regulation 7 (2),,2026-07-17,,,,,,,,,https://nsearchives.nseindia.com/corporate/ixbrl/IT_22067_20260717_203203438_WEB.html,,,,,,,,,,,,,,
BIL,BHARTIYA INTERNATIONAL LIMITED,Regulation 7 (2),,2026-07-17,,,,,,,,,https://nsearchives.nseindia.com/corporate/ixbrl/IT_1877_20260717_105237834_WEB.html,,,,,,,,,,,,,,
ADSL,Allied Digital Services Limited,Regulation 7 (2),,2026-07-17,,,,,,,,,https://nsearchives.nseindia.com/corporate/ixbrl/IT_2631_20260717_130819613_WEB.html,,,,,,,,,,,,,,
ADSL,Allied Digital Services Limited,Regulation 7 (2),,2026-07-17,,,,,,,,,https://nsearchives.nseindia.com/corporate/ixbrl/IT_2631_20260717_130819613_WEB.html,,,,,,,,,,,,,,
ADSL,Allied Digital Services Limited,Regulation 7 (2),,2026-07-17,,,,,,,,,https://nsearchives.nseindia.com/corporate/ixbrl/IT_2631_20260717_130819613_WEB.html,,,,,,,,,,,,,,
ADSL,Allied Digital Services Limited,Regulation 7 (2),,2026-07-17,,,,,,,,,https://nsearchives.nseindia.com/corporate/ixbrl/IT_2631_20260717_130819613_WEB.html,,,,,,,,,,,,,,
ADSL,Allied Digital Services Limited,Regulation 7 (2),,2026-07-17,,,,,,,,,https://nsearchives.nseindia.com/corporate/ixbrl/IT_2631_20260717_130819613_WEB.html,,,,,,,,,,,,,,
ADSL,Allied Digital Services Limited,Regulation 7 (2),,2026-07-17,,,,,,,,,https://nsearchives.nseindia.com/corporate/ixbrl/IT_2631_20260717_130819613_WEB.html,,,,,,,,,,,,,,
ADSL,Allied Digital Services Limited,Regulation 7 (2),,2026-07-17,,,,,,,,,https://nsearchives.nseindia.com/corporate/ixbrl/IT_2631_20260717_130819613_WEB.html,,,,,,,,,,,,,,
ADSL,Allied Digital Services Limited,Regulation 7 (2),,2026-07-17,,,,,,,,,https://nsearchives.nseindia.com/corporate/ixbrl/IT_2631_20260717_130819613_WEB.html,,,,,,,,,,,,,,
ADSL,Allied Digital Services Limited,Regulation 7 (2),,2026-07-17,,,,,,,,,https://nsearchives.nseindia.com/corporate/ixbrl/IT_2631_20260717_130819613_WEB.html,,,,,,,,,,,,,,
ADSL,Allied Digital Services Limited,Regulation 7 (2),,2026-07-17,,,,,,,,,https://nsearchives.nseindia.com/corporate/ixbrl/IT_2631_20260717_130819613_WEB.html,,,,,,,,,,,,,,
ADSL,Allied Digital Services Limited,Regulation 7 (2),,2026-07-17,,,,,,,,,https://nsearchives.nseindia.com/corporate/ixbrl/IT_2631_20260717_130819613_WEB.html,,,,,,,,,,,,,,
ADSL,Allied Digital Services Limited,Regulation 7 (2),,2026-07-17,,,,,,,,,https://nsearchives.nseindia.com/corporate/ixbrl/IT_2631_20260717_130819613_WEB.html,,,,,,,,,,,,,,
AVANTEL,AVANTEL LIMITED,Regulation 7 (2),,2026-07-17,,,,,,,,,https://nsearchives.nseindia.com/corporate/ixbrl/IT_23772_20260717_121320975_WEB.html,,,,,,,,,,,,,,
WIPRO,WIPRO LIMITED,Regulation 7 (2),,2026-07-16,,,,,,,,,https://nsearchives.nseindia.com/corporate/ixbrl/IT_624_20260716_170410651_WEB.html,,,,,,,,,,,,,,
JSWENERGY,JSW Energy Limited,Regulation 7 (2),,2026-07-15,,,,,,,,,https://nsearchives.nseindia.com/corporate/ixbrl/IT_3013_20260715_200634561_WEB.html,,,,,,,,,,,,,,
RBA,RESTAURANT BRANDS ASIA LIMITED,Regulation 7 (2),,2026-07-16,,,,,,,,,https://nsearchives.nseindia.com/corporate/ixbrl/IT_17627_20260716_195848554_WEB.html,,,,,,,,,,,,,,
EMBDL,EMBASSY DEVELOPMENTS LIMITED,Regulation 7 (2),,2026-07-16,,,,,,,,,https://nsearchives.nseindia.com/corporate/ixbrl/IT_2560_20260716_114340960_WEB.html,,,,,,,,,,,,,,
HCLTECH,HCL Technologies Limited,Regulation 7 (2),,2026-07-16,,,,,,,,,https://nsearchives.nseindia.com/corporate/ixbrl/IT_1828_20260716_190306352_WEB.html,,,,,,,,,,,,,,
HCLTECH,HCL Technologies Limited,Regulation 7 (2),,2026-07-16,,,,,,,,,https://nsearchives.nseindia.com/corporate/ixbrl/IT_1828_20260716_190306352_WEB.html,,,,,,,,,,,,,,
HCLTECH,HCL Technologies Limited,Regulation 7 (2),,2026-07-16,,,,,,,,,https://nsearchives.nseindia.com/corporate/ixbrl/IT_1828_20260716_190306352_WEB.html,,,,,,,,,,,,,,
ECLERX,eClerx Services Ltd,Regulation 7 (2),,2026-07-14,,,,,,,,,https://nsearchives.nseindia.com/corporate/ixbrl/IT_2698_20260714_195658503_WEB.html,,,,,,,,,,,,,,
TATACONSUM,Tata Consumer Products Limited,Regulation 7 (2),,2026-07-14,,,,,,,,,https://nsearchives.nseindia.com/corporate/ixbrl/IT_1098_20260714_175054579_WEB.html,,,,,,,,,,,,,,
TATACONSUM,Tata Consumer Products Limited,Regulation 7 (2),,2026-07-14,,,,,,,,,https://nsearchives.nseindia.com/corporate/ixbrl/IT_1098_20260714_175054579_WEB.html,,,,,,,,,,,,,,
TATACONSUM,Tata Consumer Products Limited,Regulation 7 (2),,2026-07-14,,,,,,,,,https://nsearchives.nseindia.com/corporate/ixbrl/IT_1098_20260714_175054579_WEB.html,,,,,,,,,,,,,,
TATACONSUM,Tata Consumer Products Limited,Regulation 7 (2),,2026-07-14,,,,,,,,,https://nsearchives.nseindia.com/corporate/ixbrl/IT_1098_20260714_175054579_WEB.html,,,,,,,,,,,,,,
TATACONSUM,Tata Consumer Products Limited,Regulation 7 (2),,2026-07-14,,,,,,,,,https://nsearchives.nseindia.com/corporate/ixbrl/IT_1098_20260714_175054579_WEB.html,,,,,,,,,,,,,,
TATACONSUM,Tata Consumer Products Limited,Regulation 7 (2),,2026-07-14,,,,,,,,,https://nsearchives.nseindia.com/corporate/ixbrl/IT_1098_20260714_175141784_WEB.html,,,,,,,,,,,,,,
TATACONSUM,Tata Consumer Products Limited,Regulation 7 (2),,2026-07-14,,,,,,,,,https://nsearchives.nseindia.com/corporate/ixbrl/IT_1098_20260714_175141784_WEB.html,,,,,,,,,,,,,,
TATACONSUM,Tata Consumer Products Limited,Regulation 7 (2),,2026-07-14,,,,,,,,,https://nsearchives.nseindia.com/corporate/ixbrl/IT_1098_20260714_175141784_WEB.html,,,,,,,,,,,,,,
TATACONSUM,Tata Consumer Products Limited,Regulation 7 (2),,2026-07-14,,,,,,,,,https://nsearchives.nseindia.com/corporate/ixbrl/IT_1098_20260714_175141784_WEB.html,,,,,,,,,,,,,,
TATACONSUM,Tata Consumer Products Limited,Regulation 7 (2),,2026-07-14,,,,,,,,,https://nsearchives.nseindia.com/corporate/ixbrl/IT_1098_20260714_175141784_WEB.html,,,,,,,,,,,,,,
IKS,Inventurus Knowledge Solutions Limited,Regulation 7 (2),,2026-07-14,,,,,,,,,https://nsearchives.nseindia.com/corporate/ixbrl/IT_24260_20260714_133805653_WEB.html,,,,,,,,,,,,,,
IKS,Inventurus Knowledge Solutions Limited,Regulation 7 (2),,2026-07-14,,,,,,,,,https://nsearchives.nseindia.com/corporate/ixbrl/IT_24260_20260714_133805653_WEB.html,,,,,,,,,,,,,,
NAUKRI,Info Edge (India) Limited,Regulation 7 (2),,2026-07-14,,,,,,,,,https://nsearchives.nseindia.com/corporate/ixbrl/IT_2460_20260714_151342557_WEB.html,,,,,,,,,,,,,,
JINDALSTEL,Jindal Steel Limited,Regulation 7 (2),,2026-07-10,,,,,,,,,https://nsearchives.nseindia.com/corporate/ixbrl/IT_1816_20260710_181938513_WEB.html,,,,,,,,,,,,,,
JINDALSTEL,Jindal Steel Limited,Regulation 7 (2),,2026-07-10,,,,,,,,,https://nsearchives.nseindia.com/corporate/ixbrl/IT_1816_20260710_181938513_WEB.html,,,,,,,,,,,,,,
PENIND,PENNAR INDUSTRIES LIMITED,Regulation 7 (2),,2026-07-14,,,,,,,,,https://nsearchives.nseindia.com/corporate/ixbrl/IT_3769_20260714_140431999_WEB.html,,,,,,,,,,,,,,
NATCAPSUQ,NATURAL CAPSULES LIMITED,Regulation 7 (2),,2026-07-13,,,,,,,,,https://nsearchives.nseindia.com/corporate/ixbrl/IT_24719_20260713_165812655_WEB.html,,,,,,,,,,,,,,
COCHINSHIP,Cochin Shipyard Limited,Regulation 7 (2),,2026-07-10,,,,,,,,,https://nsearchives.nseindia.com/corporate/ixbrl/IT_15406_20260710_141451684_WEB.html,,,,,,,,,,,,,,
VPRPL,VISHNU PRAKASH R PUNGLIA LIMITED,Regulation 7 (2),,2026-07-13,,,,,,,,,https://nsearchives.nseindia.com/corporate/ixbrl/IT_21894_20260713_185944558_WEB.html,,,,,,,,,,,,,,
VPRPL,VISHNU PRAKASH R PUNGLIA LIMITED,Regulation 7 (2),,2026-07-13,,,,,,,,,https://nsearchives.nseindia.com/corporate/ixbrl/IT_21894_20260713_185944558_WEB.html,,,,,,,,,,,,,,
VAISHALI,Vaishali Pharma Limited,Regulation 7 (2),,2026-07-09,,,,,,,,,https://nsearchives.nseindia.com/corporate/ixbrl/IT_15422_20260709_202205717_WEB.html,,,,,,,,,,,,,,
SOUTHWEST,SOUTH WEST PINNACLE EXPLORATION LIMITED,Regulation 7 (2),,2026-07-10,,,,,,,,,https://nsearchives.nseindia.com/corporate/ixbrl/IT_15798_20260710_152745217_WEB.html,,,,,,,,,,,,,,
SOUTHWEST,SOUTH WEST PINNACLE EXPLORATION LIMITED,Regulation 7 (2),,2026-07-10,,,,,,,,,https://nsearchives.nseindia.com/corporate/ixbrl/IT_15798_20260710_152745217_WEB.html,,,,,,,,,,,,,,
SOUTHWEST,SOUTH WEST PINNACLE EXPLORATION LIMITED,Regulation 7 (2),,2026-07-10,,,,,,,,,https://nsearchives.nseindia.com/corporate/ixbrl/IT_15798_20260710_152745217_WEB.html,,,,,,,,,,,,,,
SOUTHWEST,SOUTH WEST PINNACLE EXPLORATION LIMITED,Regulation 7 (2),,2026-07-10,,,,,,,,,https://nsearchives.nseindia.com/corporate/ixbrl/IT_15798_20260710_152745217_WEB.html,,,,,,,,,,,,,,
VAISHALI,Vaishali Pharma Limited,Regulation 7 (2),,2026-07-09,,,,,,,,,https://nsearchives.nseindia.com/corporate/ixbrl/IT_15422_20260709_202029985_WEB.html,,,,,,,,,,,,,,
VAISHALI,Vaishali Pharma Limited,Regulation 7 (2),,2026-07-09,,,,,,,,,https://nsearchives.nseindia.com/corporate/ixbrl/IT_15422_20260709_202056461_WEB.html,,,,,,,,,,,,,,
RESPONIND,Responsive Industries Limited,Regulation 7 (2),,2026-07-09,,,,,,,,,https://nsearchives.nseindia.com/corporate/ixbrl/IT_3674_20260709_175808155_WEB.html,,,,,,,,,,,,,,
FDC,FDC LIMITED,Regulation 7 (2),,2026-06-24,,,,,,,,,https://nsearchives.nseindia.com/corporate/ixbrl/IT_1626_20260709_165700607_WEB.html,,,,,,,,,,,,,,
FDC,FDC LIMITED,Regulation 7 (2),,2026-06-24,,,,,,,,,https://nsearchives.nseindia.com/corporate/ixbrl/IT_1626_20260709_165700607_WEB.html,,,,,,,,,,,,,,
FDC,FDC LIMITED,Regulation 7 (2),,2026-06-24,,,,,,,,,https://nsearchives.nseindia.com/corporate/ixbrl/IT_1626_20260709_165700607_WEB.html,,,,,,,,,,,,,,
RBA,RESTAURANT BRANDS ASIA LIMITED,Regulation 7 (2),,2026-07-10,,,,,,,,,https://nsearchives.nseindia.com/corporate/ixbrl/IT_17627_20260710_125346933_WEB.html,,,,,,,,,,,,,,
RBA,RESTAURANT BRANDS ASIA LIMITED,Regulation 7 (2),,2026-07-10,,,,,,,,,https://nsearchives.nseindia.com/corporate/ixbrl/IT_17627_20260710_125346933_WEB.html,,,,,,,,,,,,,,
RBA,RESTAURANT BRANDS ASIA LIMITED,Regulation 7 (2),,2026-07-10,,,,,,,,,https://nsearchives.nseindia.com/corporate/ixbrl/IT_17627_20260710_125346933_WEB.html,,,,,,,,,,,,,,
RBA,RESTAURANT BRANDS ASIA LIMITED,Regulation 7 (2),,2026-07-10,,,,,,,,,https://nsearchives.nseindia.com/corporate/ixbrl/IT_17627_20260710_125346933_WEB.html,,,,,,,,,,,,,,
RESPONIND,Responsive Industries Limited,Regulation 7 (2),,2026-07-09,,,,,,,,,https://nsearchives.nseindia.com/corporate/ixbrl/IT_3674_20260709_175846570_WEB.html,,,,,,,,,,,,,,
TVSHLTD,TVS HOLDINGS LIMITED,Regulation 7 (2),,2026-07-09,,,,,,,,,https://nsearchives.nseindia.com/corporate/ixbrl/IT_6193_20260709_162755804_WEB.html,,,,,,,,,,,,,,
ECLERX,eClerx Services Ltd,Regulation 7 (2),,2026-07-10,,,,,,,,,https://nsearchives.nseindia.com/corporate/ixbrl/IT_2698_20260710_103334188_WEB.html,,,,,,,,,,,,,,
RESPONIND,Responsive Industries Limited,Regulation 7 (2),,2026-07-09,,,,,,,,,https://nsearchives.nseindia.com/corporate/ixbrl/IT_3674_20260709_175644776_WEB.html,,,,,,,,,,,,,,
ECLERX,eClerx Services Ltd,Regulation 7 (2),,2026-07-09,,,,,,,,,https://nsearchives.nseindia.com/corporate/ixbrl/IT_2698_20260709_105329651_WEB.html,,,,,,,,,,,,,,
ECLERX,eClerx Services Ltd,Regulation 7 (2),,2026-07-09,,,,,,,,,https://nsearchives.nseindia.com/corporate/ixbrl/IT_2698_20260709_105329651_WEB.html,,,,,,,,,,,,,,
ECLERX,eClerx Services Ltd,Regulation 7 (2),,2026-07-09,,,,,,,,,https://nsearchives.nseindia.com/corporate/ixbrl/IT_2698_20260709_105329651_WEB.html,,,,,,,,,,,,,,
ECLERX,eClerx Services Ltd,Regulation 7 (2),,2026-07-09,,,,,,,,,https://nsearchives.nseindia.com/corporate/ixbrl/IT_2698_20260709_105329651_WEB.html,,,,,,,,,,,,,,
VINCOFE,Vintage Coffee And Beverages Limited,Regulation 7 (2),,2026-07-09,,,,,,,,,https://nsearchives.nseindia.com/corporate/ixbrl/IT_24345_20260709_142826802_WEB.html,,,,,,,,,,,,,,
RBA,RESTAURANT BRANDS ASIA LIMITED,Regulation 7 (2),,2026-07-09,,,,,,,,,https://nsearchives.nseindia.com/corporate/ixbrl/IT_17627_20260709_122454529_WEB.html,,,,,,,,,,,,,,
RBA,RESTAURANT BRANDS ASIA LIMITED,Regulation 7 (2),,2026-07-09,,,,,,,,,https://nsearchives.nseindia.com/corporate/ixbrl/IT_17627_20260709_122454529_WEB.html,,,,,,,,,,,,,,
VINCOFE,Vintage Coffee And Beverages Limited,Regulation 7 (2),,2026-07-09,,,,,,,,,https://nsearchives.nseindia.com/corporate/ixbrl/IT_24345_20260709_143036250_WEB.html,,,,,,,,,,,,,,
TURTLEMINT,Turtlemint Fintech Solutions Limited,Regulation 7 (2),,2026-07-08,,,,,,,,,https://nsearchives.nseindia.com/corporate/ixbrl/IT_26874_20260708_123025080_WEB.html,,,,,,,,,,,,,,
TURTLEMINT,Turtlemint Fintech Solutions Limited,Regulation 7 (2),,2026-07-08,,,,,,,,,https://nsearchives.nseindia.com/corporate/ixbrl/IT_26874_20260708_123025080_WEB.html,,,,,,,,,,,,,,
TURTLEMINT,Turtlemint Fintech Solutions Limited,Regulation 7 (2),,2026-07-08,,,,,,,,,https://nsearchives.nseindia.com/corporate/ixbrl/IT_26874_20260708_123025080_WEB.html,,,,,,,,,,,,,,
TURTLEMINT,Turtlemint Fintech Solutions Limited,Regulation 7 (2),,2026-07-08,,,,,,,,,https://nsearchives.nseindia.com/corporate/ixbrl/IT_26874_20260708_123025080_WEB.html,,,,,,,,,,,,,,
TURTLEMINT,Turtlemint Fintech Solutions Limited,Regulation 7 (2),,2026-07-08,,,,,,,,,https://nsearchives.nseindia.com/corporate/ixbrl/IT_26874_20260708_123025080_WEB.html,,,,,,,,,,,,,,
TURTLEMINT,Turtlemint Fintech Solutions Limited,Regulation 7 (2),,2026-07-08,,,,,,,,,https://nsearchives.nseindia.com/corporate/ixbrl/IT_26874_20260708_123025080_WEB.html,,,,,,,,,,,,,,
TURTLEMINT,Turtlemint Fintech Solutions Limited,Regulation 7 (2),,2026-07-08,,,,,,,,,https://nsearchives.nseindia.com/corporate/ixbrl/IT_26874_20260708_123025080_WEB.html,,,,,,,,,,,,,,
TURTLEMINT,Turtlemint Fintech Solutions Limited,Regulation 7 (2),,2026-07-08,,,,,,,,,https://nsearchives.nseindia.com/corporate/ixbrl/IT_26874_20260708_123025080_WEB.html,,,,,,,,,,,,,,
NIITMTS,NIIT Learning Systems Limited,Regulation 7 (2),,2026-07-07,,,,,,,,,https://nsearchives.nseindia.com/corporate/ixbrl/IT_22067_20260707_210958554_WEB.html,,,,,,,,,,,,,,
NIITMTS,NIIT Learning Systems Limited,Regulation 7 (2),,2026-07-07,,,,,,,,,https://nsearchives.nseindia.com/corporate/ixbrl/IT_22067_20260707_210958554_WEB.html,,,,,,,,,,,,,,
TIRUMALCHM,Thirumalai Chemicals Limited,Regulation 7 (2),,2026-07-07,,,,,,,,,https://nsearchives.nseindia.com/corporate/ixbrl/IT_442_20260707_214052590_WEB.html,,,,,,,,,,,,,,
TIRUMALCHM,Thirumalai Chemicals Limited,Regulation 7 (2),,2026-07-07,,,,,,,,,https://nsearchives.nseindia.com/corporate/ixbrl/IT_442_20260707_214052590_WEB.html,,,,,,,,,,,,,,
PARACABLES,PARAMOUNT COMMUNICATIONS LIMITED,Regulation 7 (2),,2026-07-07,,,,,,,,,https://nsearchives.nseindia.com/corporate/ixbrl/IT_2492_20260707_174912543_WEB.html,,,,,,,,,,,,,,
PARACABLES,PARAMOUNT COMMUNICATIONS LIMITED,Regulation 7 (2),,2026-07-07,,,,,,,,,https://nsearchives.nseindia.com/corporate/ixbrl/IT_2492_20260707_174912543_WEB.html,,,,,,,,,,,,,,
ORIENTLTD,ORIENT PRESS LIMITED,Regulation 7 (2),,2026-06-22,,,,,,,,,https://nsearchives.nseindia.com/corporate/ixbrl/IT_3081_20260707_153504008_WEB.html,,,,,,,,,,,,,,
TURTLEMINT,Turtlemint Fintech Solutions Limited,Regulation 7 (2),,2026-07-08,,,,,,,,,https://nsearchives.nseindia.com/corporate/ixbrl/IT_26874_20260708_122414787_WEB.html,,,,,,,,,,,,,,
TURTLEMINT,Turtlemint Fintech Solutions Limited,Regulation 7 (2),,2026-07-08,,,,,,,,,https://nsearchives.nseindia.com/corporate/ixbrl/IT_26874_20260708_122414787_WEB.html,,,,,,,,,,,,,,
TURTLEMINT,Turtlemint Fintech Solutions Limited,Regulation 7 (2),,2026-07-08,,,,,,,,,https://nsearchives.nseindia.com/corporate/ixbrl/IT_26874_20260708_122414787_WEB.html,,,,,,,,,,,,,,
TURTLEMINT,Turtlemint Fintech Solutions Limited,Regulation 7 (2),,2026-07-08,,,,,,,,,https://nsearchives.nseindia.com/corporate/ixbrl/IT_26874_20260708_122414787_WEB.html,,,,,,,,,,,,,,
TURTLEMINT,Turtlemint Fintech Solutions Limited,Regulation 7 (2),,2026-07-08,,,,,,,,,https://nsearchives.nseindia.com/corporate/ixbrl/IT_26874_20260708_122414787_WEB.html,,,,,,,,,,,,,,
TURTLEMINT,Turtlemint Fintech Solutions Limited,Regulation 7 (2),,2026-07-08,,,,,,,,,https://nsearchives.nseindia.com/corporate/ixbrl/IT_26874_20260708_122414787_WEB.html,,,,,,,,,,,,,,
TURTLEMINT,Turtlemint Fintech Solutions Limited,Regulation 7 (2),,2026-07-08,,,,,,,,,https://nsearchives.nseindia.com/corporate/ixbrl/IT_26874_20260708_122414787_WEB.html,,,,,,,,,,,,,,
TURTLEMINT,Turtlemint Fintech Solutions Limited,Regulation 7 (2),,2026-07-08,,,,,,,,,https://nsearchives.nseindia.com/corporate/ixbrl/IT_26874_20260708_122414787_WEB.html,,,,,,,,,,,,,,
TICL,TWAMEV CONSTRUCTION AND INFRASTRUCTURE LIMITED,Regulation 7 (2),,2026-07-07,,,,,,,,,https://nsearchives.nseindia.com/corporate/ixbrl/IT_22331_20260707_153517388_WEB.html,,,,,,,,,,,,,,
GALLANTT,Gallantt Ispat Limited,Regulation 7 (2),,2026-07-06,,,,,,,,,https://nsearchives.nseindia.com/corporate/ixbrl/IT_2385_20260706_231426661_WEB.html,,,,,,,,,,,,,,
GALLANTT,Gallantt Ispat Limited,Regulation 7 (2),,2026-07-06,,,,,,,,,https://nsearchives.nseindia.com/corporate/ixbrl/IT_2385_20260706_231426661_WEB.html,,,,,,,,,,,,,,
GALLANTT,Gallantt Ispat Limited,Regulation 7 (2),,2026-07-06,,,,,,,,,https://nsearchives.nseindia.com/corporate/ixbrl/IT_2385_20260706_231426661_WEB.html,,,,,,,,,,,,,,
GALLANTT,Gallantt Ispat Limited,Regulation 7 (2),,2026-07-06,,,,,,,,,https://nsearchives.nseindia.com/corporate/ixbrl/IT_2385_20260706_231426661_WEB.html,,,,,,,,,,,,,,
GALLANTT,Gallantt Ispat Limited,Regulation 7 (2),,2026-07-06,,,,,,,,,https://nsearchives.nseindia.com/corporate/ixbrl/IT_2385_20260706_231426661_WEB.html,,,,,,,,,,,,,,
GALLANTT,Gallantt Ispat Limited,Regulation 7 (2),,2026-07-06,,,,,,,,,https://nsearchives.nseindia.com/corporate/ixbrl/IT_2385_20260706_231426661_WEB.html,,,,,,,,,,,,,,
GALLANTT,Gallantt Ispat Limited,Regulation 7 (2),,2026-07-06,,,,,,,,,https://nsearchives.nseindia.com/corporate/ixbrl/IT_2385_20260706_231426661_WEB.html,,,,,,,,,,,,,,
GALLANTT,Gallantt Ispat Limited,Regulation 7 (2),,2026-07-06,,,,,,,,,https://nsearchives.nseindia.com/corporate/ixbrl/IT_2385_20260706_231426661_WEB.html,,,,,,,,,,,,,,
GALLANTT,Gallantt Ispat Limited,Regulation 7 (2),,2026-07-06,,,,,,,,,https://nsearchives.nseindia.com/corporate/ixbrl/IT_2385_20260706_231426661_WEB.html,,,,,,,,,,,,,,
ORIENTLTD,ORIENT PRESS LIMITED,Regulation 7 (2),,2026-07-03,,,,,,,,,https://nsearchives.nseindia.com/corporate/ixbrl/IT_3081_20260707_134339044_WEB.html,,,,,,,,,,,,,,
HITECH,HI-TECH PIPES LIMITED,Regulation 7 (2),,2026-07-06,,,,,,,,,https://nsearchives.nseindia.com/corporate/ixbrl/IT_13489_20260706_181957483_WEB.html,,,,,,,,,,,,,,
JSWENERGY,JSW Energy Limited,Regulation 7 (2),,2026-07-06,,,,,,,,,https://nsearchives.nseindia.com/corporate/ixbrl/IT_3013_20260706_185240658_WEB.html,,,,,,,,,,,,,,
JSWENERGY,JSW Energy Limited,Regulation 7 (2),,2026-07-06,,,,,,,,,https://nsearchives.nseindia.com/corporate/ixbrl/IT_3013_20260706_185240658_WEB.html,,,,,,,,,,,,,,
TITAN,TITAN COMPANY LIMITED,Regulation 7 (3),,2026-07-07,,,,,,,,,https://nsearchives.nseindia.com/corporate/ixbrl/IT_233_20260707_140952757_WEB.html,,,,,,,,,,,,,,
SHREDIGCEM,Shree Digvijay Cement Company Limited,Regulation 7 (2),,2026-07-04,,,,,,,,,https://nsearchives.nseindia.com/corporate/ixbrl/IT_114_20260704_173512582_WEB.html,,,,,,,,,,,,,,
SHREDIGCEM,Shree Digvijay Cement Company Limited,Regulation 7 (2),,2026-07-04,,,,,,,,,https://nsearchives.nseindia.com/corporate/ixbrl/IT_114_20260704_173512582_WEB.html,,,,,,,,,,,,,,
SHREDIGCEM,Shree Digvijay Cement Company Limited,Regulation 7 (2),,2026-07-04,,,,,,,,,https://nsearchives.nseindia.com/corporate/ixbrl/IT_114_20260704_173512582_WEB.html,,,,,,,,,,,,,,
INDOWIND,INDOWIND ENERGY LIMITED,Regulation 7 (2),,2026-07-06,,,,,,,,,https://nsearchives.nseindia.com/corporate/ixbrl/IT_2653_20260706_142834555_WEB.html,,,,,,,,,,,,,,
INDOWIND,INDOWIND ENERGY LIMITED,Regulation 7 (2),,2026-07-06,,,,,,,,,https://nsearchives.nseindia.com/corporate/ixbrl/IT_2653_20260706_142834555_WEB.html,,,,,,,,,,,,,,
INDOWIND,INDOWIND ENERGY LIMITED,Regulation 7 (2),,2026-07-06,,,,,,,,,https://nsearchives.nseindia.com/corporate/ixbrl/IT_2653_20260706_142834555_WEB.html,,,,,,,,,,,,,,
HITECH,HI-TECH PIPES LIMITED,Regulation 7 (2),,2026-07-06,,,,,,,,,https://nsearchives.nseindia.com/corporate/ixbrl/IT_13489_20260706_181254494_WEB.html,,,,,,,,,,,,,,
SALASAR,SALASAR TECHNO ENGINEERING LIMITED,Regulation 7 (2),,2026-07-03,,,,,,,,,https://nsearchives.nseindia.com/corporate/ixbrl/IT_15362_20260703_200752589_WEB.html,,,,,,,,,,,,,,
SALASAR,SALASAR TECHNO ENGINEERING LIMITED,Regulation 7 (2),,2026-07-03,,,,,,,,,https://nsearchives.nseindia.com/corporate/ixbrl/IT_15362_20260703_200752589_WEB.html,,,,,,,,,,,,,,
SALASAR,SALASAR TECHNO ENGINEERING LIMITED,Regulation 7 (2),,2026-07-03,,,,,,,,,https://nsearchives.nseindia.com/corporate/ixbrl/IT_15362_20260703_200752589_WEB.html,,,,,,,,,,,,,,
SENCO,SENCO GOLD LIMITED,Regulation 7 (2),,2026-07-03,,,,,,,,,https://nsearchives.nseindia.com/corporate/ixbrl/IT_20714_20260703_194833980_WEB.html,,,,,,,,,,,,,,
PARSVNATH,PARSVNATH DEVELOPERS LIMITED,Regulation 7 (2),,2026-07-04,,,,,,,,,https://nsearchives.nseindia.com/corporate/ixbrl/IT_2467_20260704_145737268_WEB.html,,,,,,,,,,,,,,
PAISALO,PAISALO DIGITAL LIMITED,Regulation 7 (2),,2026-07-03,,,,,,,,,https://nsearchives.nseindia.com/corporate/ixbrl/IT_5294_20260703_182542287_WEB.html,,,,,,,,,,,,,,
CENTUM,CENTUM ELECTRONICS LIMITED,Regulation 7 (2),,2026-07-03,,,,,,,,,https://nsearchives.nseindia.com/corporate/ixbrl/IT_2659_20260703_180209842_WEB.html,,,,,,,,,,,,,,
SHAH,Shah Metacorp Limited,Regulation 7 (2),,2026-07-03,,,,,,,,,https://nsearchives.nseindia.com/corporate/ixbrl/IT_3662_20260703_182243950_WEB.html,,,,,,,,,,,,,,
NURECA,NURECA LIMITED,Regulation 7 (2),,2026-07-03,,,,,,,,,https://nsearchives.nseindia.com/corporate/ixbrl/IT_18918_20260703_192641581_WEB.html,,,,,,,,,,,,,,
NURECA,NURECA LIMITED,Regulation 7 (2),,2026-07-03,,,,,,,,,https://nsearchives.nseindia.com/corporate/ixbrl/IT_18918_20260703_192641581_WEB.html,,,,,,,,,,,,,,
NURECA,NURECA LIMITED,Regulation 7 (2),,2026-07-03,,,,,,,,,https://nsearchives.nseindia.com/corporate/ixbrl/IT_18918_20260703_192641581_WEB.html,,,,,,,,,,,,,,
SHAH,Shah Metacorp Limited,Regulation 7 (2),,2026-07-03,,,,,,,,,https://nsearchives.nseindia.com/corporate/ixbrl/IT_3662_20260703_133541569_WEB.html,,,,,,,,,,,,,,
NURECA,NURECA LIMITED,Regulation 7 (2),,2026-07-03,,,,,,,,,https://nsearchives.nseindia.com/corporate/ixbrl/IT_18918_20260703_192614683_WEB.html,,,,,,,,,,,,,,
NURECA,NURECA LIMITED,Regulation 7 (2),,2026-07-03,,,,,,,,,https://nsearchives.nseindia.com/corporate/ixbrl/IT_18918_20260703_192614683_WEB.html,,,,,,,,,,,,,,
NURECA,NURECA LIMITED,Regulation 7 (2),,2026-07-03,,,,,,,,,https://nsearchives.nseindia.com/corporate/ixbrl/IT_18918_20260703_192614683_WEB.html,,,,,,,,,,,,,,
HDBFS,HDB Financial Services Limited,Regulation 7 (2),,2026-07-03,,,,,,,,,https://nsearchives.nseindia.com/corporate/ixbrl/IT_24797_20260703_125331435_WEB.html,,,,,,,,,,,,,,
HDBFS,HDB Financial Services Limited,Regulation 7 (2),,2026-07-03,,,,,,,,,https://nsearchives.nseindia.com/corporate/ixbrl/IT_24797_20260703_125331435_WEB.html,,,,,,,,,,,,,,
JSWSTEEL,JSW STEEL LIMITED,Regulation 7 (2),,2026-07-03,,,,,,,,,https://nsearchives.nseindia.com/corporate/ixbrl/IT_2266_20260703_122714613_WEB.html,,,,,,,,,,,,,,
JSWSTEEL,JSW STEEL LIMITED,Regulation 7 (2),,2026-07-03,,,,,,,,,https://nsearchives.nseindia.com/corporate/ixbrl/IT_2266_20260703_122714613_WEB.html,,,,,,,,,,,,,,
HDBFS,HDB Financial Services Limited,Regulation 7 (2),,2026-07-03,,,,,,,,,https://nsearchives.nseindia.com/corporate/ixbrl/IT_24797_20260703_125225036_WEB.html,,,,,,,,,,,,,,
HDBFS,HDB Financial Services Limited,Regulation 7 (2),,2026-07-03,,,,,,,,,https://nsearchives.nseindia.com/corporate/ixbrl/IT_24797_20260703_125225036_WEB.html,,,,,,,,,,,,,,
SHYAMCENT,SHYAM CENTURY FERROUS LIMITED,Regulation 7 (2),,2026-07-03,,,,,,,,,https://nsearchives.nseindia.com/corporate/ixbrl/IT_12915_20260703_115026510_WEB.html,,,,,,,,,,,,,,
ALICON,ALICON CASTALLOY LIMITED,Regulation 7 (2),,2026-07-03,,,,,,,,,https://nsearchives.nseindia.com/corporate/ixbrl/IT_2440_20260703_122004989_WEB.html,,,,,,,,,,,,,,
CONFIPET,CONFIDENCE PETROLEUM INDIA LIMITED,Regulation 7 (2),,2026-07-02,,,,,,,,,https://nsearchives.nseindia.com/corporate/ixbrl/IT_17510_20260702_234051087_WEB.html,,,,,,,,,,,,,,
GANESHCP,GANESH CONSUMER PRODUCTS LIMITED,Regulation 7 (2),,2026-07-03,,,,,,,,,https://nsearchives.nseindia.com/corporate/ixbrl/IT_25074_20260703_115102118_WEB.html,,,,,,,,,,,,,,
CHALET,Chalet Hotels Limited,Regulation 7 (2),,2026-07-02,,,,,,,,,https://nsearchives.nseindia.com/corporate/ixbrl/IT_17190_20260702_234017910_WEB.html,,,,,,,,,,,,,,
CHALET,Chalet Hotels Limited,Regulation 7 (2),,2026-07-02,,,,,,,,,https://nsearchives.nseindia.com/corporate/ixbrl/IT_17190_20260702_234017910_WEB.html,,,,,,,,,,,,,,
CHALET,Chalet Hotels Limited,Regulation 7 (2),,2026-07-02,,,,,,,,,https://nsearchives.nseindia.com/corporate/ixbrl/IT_17190_20260702_234017910_WEB.html,,,,,,,,,,,,,,
CHALET,Chalet Hotels Limited,Regulation 7 (2),,2026-07-02,,,,,,,,,https://nsearchives.nseindia.com/corporate/ixbrl/IT_17190_20260702_234017910_WEB.html,,,,,,,,,,,,,,
CHALET,Chalet Hotels Limited,Regulation 7 (2),,2026-07-02,,,,,,,,,https://nsearchives.nseindia.com/corporate/ixbrl/IT_17190_20260702_234017910_WEB.html,,,,,,,,,,,,,,
AXISCADES,AXISCADES Technologies Limited,Regulation 7 (2),,2026-07-09,,,,,,,,,https://nsearchives.nseindia.com/corporate/ixbrl/IT_1939_20260709_162036464_WEB.html,,,,,,,,,,,,,,
WABAG,VA TECH WABAG LIMITED,Regulation 7 (2),,2026-07-02,,,,,,,,,https://nsearchives.nseindia.com/corporate/ixbrl/IT_3630_20260702_234837644_WEB.html,,,,,,,,,,,,,,
WABAG,VA TECH WABAG LIMITED,Regulation 7 (2),,2026-07-02,,,,,,,,,https://nsearchives.nseindia.com/corporate/ixbrl/IT_3630_20260702_234837644_WEB.html,,,,,,,,,,,,,,
SIYSIL,SIYARAM SILK MILLS LIMITED,Regulation 7 (2),,2026-07-02,,,,,,,,,https://nsearchives.nseindia.com/corporate/ixbrl/IT_903_20260702_183403508_WEB.html,,,,,,,,,,,,,,
SIYSIL,SIYARAM SILK MILLS LIMITED,Regulation 7 (2),,2026-07-02,,,,,,,,,https://nsearchives.nseindia.com/corporate/ixbrl/IT_903_20260702_183403508_WEB.html,,,,,,,,,,,,,,
SIYSIL,SIYARAM SILK MILLS LIMITED,Regulation 7 (2),,2026-07-02,,,,,,,,,https://nsearchives.nseindia.com/corporate/ixbrl/IT_903_20260702_183403508_WEB.html,,,,,,,,,,,,,,
SENCO,SENCO GOLD LIMITED,Regulation 7 (2),,2026-07-02,,,,,,,,,https://nsearchives.nseindia.com/corporate/ixbrl/IT_20714_20260702_195623360_WEB.html,,,,,,,,,,,,,,
SENCO,SENCO GOLD LIMITED,Regulation 7 (2),,2026-07-02,,,,,,,,,https://nsearchives.nseindia.com/corporate/ixbrl/IT_20714_20260702_201051972_WEB.html,,,,,,,,,,,,,,
CONFIPET,CONFIDENCE PETROLEUM INDIA LIMITED,Regulation 7 (2),,2026-07-02,,,,,,,,,https://nsearchives.nseindia.com/corporate/ixbrl/IT_17510_20260702_234046215_WEB.html,,,,,,,,,,,,,,
SIYSIL,SIYARAM SILK MILLS LIMITED,Regulation 7 (2),,2026-07-02,,,,,,,,,https://nsearchives.nseindia.com/corporate/ixbrl/IT_903_20260702_183340093_WEB.html,,,,,,,,,,,,,,
SIYSIL,SIYARAM SILK MILLS LIMITED,Regulation 7 (2),,2026-07-02,,,,,,,,,https://nsearchives.nseindia.com/corporate/ixbrl/IT_903_20260702_183340093_WEB.html,,,,,,,,,,,,,,
SIYSIL,SIYARAM SILK MILLS LIMITED,Regulation 7 (2),,2026-07-02,,,,,,,,,https://nsearchives.nseindia.com/corporate/ixbrl/IT_903_20260702_183340093_WEB.html,,,,,,,,,,,,,,
GRAVITA,GRAVITA INDIA LIMITED,Regulation 7 (2),,2026-07-02,,,,,,,,,https://nsearchives.nseindia.com/corporate/ixbrl/IT_3733_20260702_181832063_WEB.html,,,,,,,,,,,,,,
CTE,Cambridge Technology Enterprises Limited,Regulation 7 (2),,2026-07-02,,,,,,,,,https://nsearchives.nseindia.com/corporate/ixbrl/IT_2522_20260702_175603121_WEB.html,,,,,,,,,,,,,,
CTE,Cambridge Technology Enterprises Limited,Regulation 7 (2),,2026-07-02,,,,,,,,,https://nsearchives.nseindia.com/corporate/ixbrl/IT_2522_20260702_175603121_WEB.html,,,,,,,,,,,,,,
CTE,Cambridge Technology Enterprises Limited,Regulation 7 (2),,2026-07-02,,,,,,,,,https://nsearchives.nseindia.com/corporate/ixbrl/IT_2522_20260702_175438574_WEB.html,,,,,,,,,,,,,,
CTE,Cambridge Technology Enterprises Limited,Regulation 7 (2),,2026-07-02,,,,,,,,,https://nsearchives.nseindia.com/corporate/ixbrl/IT_2522_20260702_175438574_WEB.html,,,,,,,,,,,,,,
AARTIPHARM,Aarti Pharmalabs Ltd,Regulation 7 (2),,2026-07-02,,,,,,,,,https://nsearchives.nseindia.com/corporate/ixbrl/IT_21272_20260702_182554552_WEB.html,,,,,,,,,,,,,,
SWSOLAR,Sterling and Wilson Renewable Energy Limited,Regulation 7 (2),,2026-07-02,,,,,,,,,https://nsearchives.nseindia.com/corporate/ixbrl/IT_17435_20260702_180546796_WEB.html,,,,,,,,,,,,,,
ZOTA,ZOTA HEALTH CARE LIMITED,Regulation 7 (2),,2026-07-02,,,,,,,,,https://nsearchives.nseindia.com/corporate/ixbrl/IT_15030_20260702_180345592_WEB.html,,,,,,,,,,,,,,
CTE,Cambridge Technology Enterprises Limited,Regulation 7 (2),,2026-07-02,,,,,,,,,https://nsearchives.nseindia.com/corporate/ixbrl/IT_2522_20260702_175726900_WEB.html,,,,,,,,,,,,,,
CTE,Cambridge Technology Enterprises Limited,Regulation 7 (2),,2026-07-02,,,,,,,,,https://nsearchives.nseindia.com/corporate/ixbrl/IT_2522_20260702_175726900_WEB.html,,,,,,,,,,,,,,
CERA,Cera Sanitaryware Limited,Regulation 7 (2),,2026-07-02,,,,,,,,,https://nsearchives.nseindia.com/corporate/ixbrl/IT_2673_20260702_174826507_WEB.html,,,,,,,,,,,,,,
ECLERX,eClerx Services Ltd,Regulation 7 (2),,2026-07-02,,,,,,,,,https://nsearchives.nseindia.com/corporate/ixbrl/IT_2698_20260702_174251515_WEB.html,,,,,,,,,,,,,,
ECLERX,eClerx Services Ltd,Regulation 7 (2),,2026-07-02,,,,,,,,,https://nsearchives.nseindia.com/corporate/ixbrl/IT_2698_20260702_174251515_WEB.html,,,,,,,,,,,,,,
ECLERX,eClerx Services Ltd,Regulation 7 (2),,2026-07-02,,,,,,,,,https://nsearchives.nseindia.com/corporate/ixbrl/IT_2698_20260702_174251515_WEB.html,,,,,,,,,,,,,,
FUSION,FUSION FINANCE LIMITED,Regulation 7 (2),,2026-07-02,,,,,,,,,https://nsearchives.nseindia.com/corporate/ixbrl/IT_19884_20260702_162456629_WEB.html,,,,,,,,,,,,,,
NRBBEARING,NRB BEARING LIMITED,Regulation 7 (2),,2026-07-02,,,,,,,,,https://nsearchives.nseindia.com/corporate/ixbrl/IT_1867_20260702_160542619_WEB.html,,,,,,,,,,,,,,
NRBBEARING,NRB BEARING LIMITED,Regulation 7 (2),,2026-07-02,,,,,,,,,https://nsearchives.nseindia.com/corporate/ixbrl/IT_1867_20260702_160542619_WEB.html,,,,,,,,,,,,,,
RISHABH,RISHABH INSTRUMENTS LIMITED,Regulation 7 (2),,2026-07-02,,,,,,,,,https://nsearchives.nseindia.com/corporate/ixbrl/IT_21507_20260702_174221934_WEB.html,,,,,,,,,,,,,,
BLUESTONE,BlueStone Jewellery and Lifestyle Limited,Regulation 7 (2),,2026-07-02,,,,,,,,,https://nsearchives.nseindia.com/corporate/ixbrl/IT_25008_20260702_160726864_WEB.html,,,,,,,,,,,,,,
JASH,JASH ENGINEERING LIMITED,Regulation 7 (2),,2026-07-02,,,,,,,,,https://nsearchives.nseindia.com/corporate/ixbrl/IT_15524_20260702_162716964_WEB.html,,,,,,,,,,,,,,
DPSCLTD,DPSC LIMITED,Regulation 7 (2),,2026-07-02,,,,,,,,,https://nsearchives.nseindia.com/corporate/ixbrl/IT_2743_20260702_160148625_WEB.html,,,,,,,,,,,,,,
NCLIND,NCL INDUSTRIES LIMITED,Regulation 7 (2),,2026-07-02,,,,,,,,,https://nsearchives.nseindia.com/corporate/ixbrl/IT_2568_20260702_174158545_WEB.html,,,,,,,,,,,,,,
NCLIND,NCL INDUSTRIES LIMITED,Regulation 7 (2),,2026-07-02,,,,,,,,,https://nsearchives.nseindia.com/corporate/ixbrl/IT_2568_20260702_174158545_WEB.html,,,,,,,,,,,,,,
NCLIND,NCL INDUSTRIES LIMITED,Regulation 7 (2),,2026-07-02,,,,,,,,,https://nsearchives.nseindia.com/corporate/ixbrl/IT_2568_20260702_174158545_WEB.html,,,,,,,,,,,,,,
CAPILLARY,CAPILLARY TECHNOLOGIES INDIA LIMITED,Regulation 7 (2),,2026-07-02,,,,,,,,,https://nsearchives.nseindia.com/corporate/ixbrl/IT_20334_20260702_145404533_WEB.html,,,,,,,,,,,,,,
PARSVNATH,PARSVNATH DEVELOPERS LIMITED,Regulation 7 (2),,2026-07-02,,,,,,,,,https://nsearchives.nseindia.com/corporate/ixbrl/IT_2467_20260702_133541372_WEB.html,,,,,,,,,,,,,,
NRBBEARING,NRB BEARING LIMITED,Regulation 7 (2),,2026-07-02,,,,,,,,,https://nsearchives.nseindia.com/corporate/ixbrl/IT_1867_20260702_155631435_WEB.html,,,,,,,,,,,,,,
NRBBEARING,NRB BEARING LIMITED,Regulation 7 (2),,2026-07-02,,,,,,,,,https://nsearchives.nseindia.com/corporate/ixbrl/IT_1867_20260702_155631435_WEB.html,,,,,,,,,,,,,,
COFFEEDAY,Coffee Day Enterprises Limited,Regulation 7 (2),,2026-07-02,,,,,,,,,https://nsearchives.nseindia.com/corporate/ixbrl/IT_13209_20260702_130357652_WEB.html,,,,,,,,,,,,,,
COFFEEDAY,Coffee Day Enterprises Limited,Regulation 7 (2),,2026-07-02,,,,,,,,,https://nsearchives.nseindia.com/corporate/ixbrl/IT_13209_20260702_130357652_WEB.html,,,,,,,,,,,,,,
SANDUMA,SANDUR MANGANESE & IRON ORES LIMITED,Regulation 7 (2),,2026-07-02,,,,,,,,,https://nsearchives.nseindia.com/corporate/ixbrl/IT_22157_20260702_102622824_WEB.html,,,,,,,,,,,,,,
SANDUMA,SANDUR MANGANESE & IRON ORES LIMITED,Regulation 7 (2),,2026-07-02,,,,,,,,,https://nsearchives.nseindia.com/corporate/ixbrl/IT_22157_20260702_102622824_WEB.html,,,,,,,,,,,,,,
INDOTECH,INDO TECH TRANSFORMERS LIMITED,Regulation 7 (2),,2026-07-01,,,,,,,,,https://nsearchives.nseindia.com/corporate/ixbrl/IT_2373_20260702_103824699_WEB.html,,,,,,,,,,,,,,
INDOTECH,INDO TECH TRANSFORMERS LIMITED,Regulation 7 (2),,2026-07-01,,,,,,,,,https://nsearchives.nseindia.com/corporate/ixbrl/IT_2373_20260702_103824699_WEB.html,,,,,,,,,,,,,,
COFFEEDAY,Coffee Day Enterprises Limited,Regulation 7 (2),,2026-07-02,,,,,,,,,https://nsearchives.nseindia.com/corporate/ixbrl/IT_13209_20260702_132803244_WEB.html,,,,,,,,,,,,,,
COFFEEDAY,Coffee Day Enterprises Limited,Regulation 7 (2),,2026-07-02,,,,,,,,,https://nsearchives.nseindia.com/corporate/ixbrl/IT_13209_20260702_132803244_WEB.html,,,,,,,,,,,,,,
BECTORFOOD,Mrs. Bectors Food Specialities Ltd,Regulation 7 (2),,2026-07-02,,,,,,,,,https://nsearchives.nseindia.com/corporate/ixbrl/IT_18829_20260702_130427315_WEB.html,,,,,,,,,,,,,,
BECTORFOOD,Mrs. Bectors Food Specialities Ltd,Regulation 7 (2),,2026-07-02,,,,,,,,,https://nsearchives.nseindia.com/corporate/ixbrl/IT_18829_20260702_130427315_WEB.html,,,,,,,,,,,,,,
NCLIND,NCL INDUSTRIES LIMITED,Regulation 7 (2),,2026-07-01,,,,,,,,,https://nsearchives.nseindia.com/corporate/ixbrl/IT_2568_20260701_202152620_WEB.html,,,,,,,,,,,,,,
NCLIND,NCL INDUSTRIES LIMITED,Regulation 7 (2),,2026-07-01,,,,,,,,,https://nsearchives.nseindia.com/corporate/ixbrl/IT_2568_20260701_202152620_WEB.html,,,,,,,,,,,,,,
NCLIND,NCL INDUSTRIES LIMITED,Regulation 7 (2),,2026-07-01,,,,,,,,,https://nsearchives.nseindia.com/corporate/ixbrl/IT_2568_20260701_202152620_WEB.html,,,,,,,,,,,,,,
RELTD,Ravindra Energy Limited,Regulation 7 (3),,2026-07-01,,,,,,,,,https://nsearchives.nseindia.com/corporate/ixbrl/IT_23918_20260701_221412719_WEB.html,,,,,,,,,,,,,,
RELTD,Ravindra Energy Limited,Regulation 7 (3),,2026-07-01,,,,,,,,,https://nsearchives.nseindia.com/corporate/ixbrl/IT_23918_20260701_221412719_WEB.html,,,,,,,,,,,,,,
KDDL,KDDL LIMITED,Regulation 7 (2),,2026-07-02,,,,,,,,,https://nsearchives.nseindia.com/corporate/ixbrl/IT_13614_20260702_095717023_WEB.html,,,,,,,,,,,,,,
KDDL,KDDL LIMITED,Regulation 7 (2),,2026-07-02,,,,,,,,,https://nsearchives.nseindia.com/corporate/ixbrl/IT_13614_20260702_095717023_WEB.html,,,,,,,,,,,,,,
RELTD,Ravindra Energy Limited,Regulation 7 (2),,2026-07-01,,,,,,,,,https://nsearchives.nseindia.com/corporate/ixbrl/IT_23918_20260701_220938325_WEB.html,,,,,,,,,,,,,,
RELTD,Ravindra Energy Limited,Regulation 7 (2),,2026-07-01,,,,,,,,,https://nsearchives.nseindia.com/corporate/ixbrl/IT_23918_20260701_220938325_WEB.html,,,,,,,,,,,,,,
RELTD,Ravindra Energy Limited,Regulation 7 (2),,2026-07-01,,,,,,,,,https://nsearchives.nseindia.com/corporate/ixbrl/IT_23918_20260701_220938325_WEB.html,,,,,,,,,,,,,,
RELTD,Ravindra Energy Limited,Regulation 7 (2),,2026-07-01,,,,,,,,,https://nsearchives.nseindia.com/corporate/ixbrl/IT_23918_20260701_220938325_WEB.html,,,,,,,,,,,,,,
RELTD,Ravindra Energy Limited,Regulation 7 (2),,2026-07-01,,,,,,,,,https://nsearchives.nseindia.com/corporate/ixbrl/IT_23918_20260701_220938325_WEB.html,,,,,,,,,,,,,,
RELTD,Ravindra Energy Limited,Regulation 7 (2),,2026-07-01,,,,,,,,,https://nsearchives.nseindia.com/corporate/ixbrl/IT_23918_20260701_220938325_WEB.html,,,,,,,,,,,,,,
RELTD,Ravindra Energy Limited,Regulation 7 (2),,2026-07-01,,,,,,,,,https://nsearchives.nseindia.com/corporate/ixbrl/IT_23918_20260701_220938325_WEB.html,,,,,,,,,,,,,,
RELTD,Ravindra Energy Limited,Regulation 7 (2),,2026-07-01,,,,,,,,,https://nsearchives.nseindia.com/corporate/ixbrl/IT_23918_20260701_220938325_WEB.html,,,,,,,,,,,,,,
RELTD,Ravindra Energy Limited,Regulation 7 (2),,2026-07-01,,,,,,,,,https://nsearchives.nseindia.com/corporate/ixbrl/IT_23918_20260701_220938325_WEB.html,,,,,,,,,,,,,,
RELTD,Ravindra Energy Limited,Regulation 7 (2),,2026-07-01,,,,,,,,,https://nsearchives.nseindia.com/corporate/ixbrl/IT_23918_20260701_220938325_WEB.html,,,,,,,,,,,,,,
RELTD,Ravindra Energy Limited,Regulation 7 (2),,2026-07-01,,,,,,,,,https://nsearchives.nseindia.com/corporate/ixbrl/IT_23918_20260701_220938325_WEB.html,,,,,,,,,,,,,,
AXISCADES,AXISCADES Technologies Limited,Regulation 7 (2),,2026-07-01,,,,,,,,,https://nsearchives.nseindia.com/corporate/ixbrl/IT_1939_20260701_190624294_WEB.html,,,,,,,,,,,,,,
DBOL,Dhampur Bio Organics Limited,Regulation 7 (2),,2026-07-01,,,,,,,,,https://nsearchives.nseindia.com/corporate/ixbrl/IT_20812_20260701_190629185_WEB.html,,,,,,,,,,,,,,
IBULLSLTD,Indiabulls Limited,Regulation 7 (2),,2026-07-01,,,,,,,,,https://nsearchives.nseindia.com/corporate/ixbrl/IT_5135_20260701_190534270_WEB.html,,,,,,,,,,,,,,
IBULLSLTD,Indiabulls Limited,Regulation 7 (2),,2026-07-01,,,,,,,,,https://nsearchives.nseindia.com/corporate/ixbrl/IT_5135_20260701_190534270_WEB.html,,,,,,,,,,,,,,
UDS,UPDATER SERVICES LIMITED,Regulation 7 (2),,2026-07-01,,,,,,,,,https://nsearchives.nseindia.com/corporate/ixbrl/IT_21897_20260701_190523458_WEB.html,,,,,,,,,,,,,,
UDS,UPDATER SERVICES LIMITED,Regulation 7 (2),,2026-07-01,,,,,,,,,https://nsearchives.nseindia.com/corporate/ixbrl/IT_21897_20260701_190523458_WEB.html,,,,,,,,,,,,,,
IVALUE,IVALUE INFOSOLUTIONS LIMITED,Regulation 7 (2),,2026-07-01,,,,,,,,,https://nsearchives.nseindia.com/corporate/ixbrl/IT_24439_20260701_190446776_WEB.html,,,,,,,,,,,,,,
UDS,UPDATER SERVICES LIMITED,Regulation 7 (2),,2026-07-01,,,,,,,,,https://nsearchives.nseindia.com/corporate/ixbrl/IT_21897_20260701_180314222_WEB.html,,,,,,,,,,,,,,
UDS,UPDATER SERVICES LIMITED,Regulation 7 (2),,2026-07-01,,,,,,,,,https://nsearchives.nseindia.com/corporate/ixbrl/IT_21897_20260701_180314222_WEB.html,,,,,,,,,,,,,,
IDEAFORGE,ideaForge Technology Limited,Regulation 7 (2),,2026-07-01,,,,,,,,,https://nsearchives.nseindia.com/corporate/ixbrl/IT_21638_20260701_172700612_WEB.html,,,,,,,,,,,,,,
DBOL,Dhampur Bio Organics Limited,Regulation 7 (2),,2026-07-01,,,,,,,,,https://nsearchives.nseindia.com/corporate/ixbrl/IT_20812_20260701_190505136_WEB.html,,,,,,,,,,,,,,
NPST,NETWORK PEOPLE SERVICES TECHNOLOGIES LIMITED,Regulation 7 (2),,2026-07-01,,,,,,,,,https://nsearchives.nseindia.com/corporate/ixbrl/IT_19148_20260701_173408099_WEB.html,,,,,,,,,,,,,,
NPST,NETWORK PEOPLE SERVICES TECHNOLOGIES LIMITED,Regulation 7 (2),,2026-07-01,,,,,,,,,https://nsearchives.nseindia.com/corporate/ixbrl/IT_19148_20260701_173408099_WEB.html,,,,,,,,,,,,,,
NPST,NETWORK PEOPLE SERVICES TECHNOLOGIES LIMITED,Regulation 7 (2),,2026-07-01,,,,,,,,,https://nsearchives.nseindia.com/corporate/ixbrl/IT_19148_20260701_173408099_WEB.html,,,,,,,,,,,,,,
NPST,NETWORK PEOPLE SERVICES TECHNOLOGIES LIMITED,Regulation 7 (2),,2026-07-01,,,,,,,,,https://nsearchives.nseindia.com/corporate/ixbrl/IT_19148_20260701_173408099_WEB.html,,,,,,,,,,,,,,
NPST,NETWORK PEOPLE SERVICES TECHNOLOGIES LIMITED,Regulation 7 (2),,2026-07-01,,,,,,,,,https://nsearchives.nseindia.com/corporate/ixbrl/IT_19148_20260701_173331220_WEB.html,,,,,,,,,,,,,,
NPST,NETWORK PEOPLE SERVICES TECHNOLOGIES LIMITED,Regulation 7 (2),,2026-07-01,,,,,,,,,https://nsearchives.nseindia.com/corporate/ixbrl/IT_19148_20260701_173331220_WEB.html,,,,,,,,,,,,,,
NPST,NETWORK PEOPLE SERVICES TECHNOLOGIES LIMITED,Regulation 7 (2),,2026-07-01,,,,,,,,,https://nsearchives.nseindia.com/corporate/ixbrl/IT_19148_20260701_173331220_WEB.html,,,,,,,,,,,,,,
NPST,NETWORK PEOPLE SERVICES TECHNOLOGIES LIMITED,Regulation 7 (2),,2026-07-01,,,,,,,,,https://nsearchives.nseindia.com/corporate/ixbrl/IT_19148_20260701_173331220_WEB.html,,,,,,,,,,,,,,
BAGFILMS,B.A.G FILMS AND MEDIA LIMITED,Regulation 7 (2),,2026-07-01,,,,,,,,,https://nsearchives.nseindia.com/corporate/ixbrl/IT_2153_20260701_172036514_WEB.html,,,,,,,,,,,,,,
MANAKCOAT,MANAKSIA COATED METALS AND INDUSTRIES LIMITED,Regulation 7 (2),,2026-07-01,,,,,,,,,https://nsearchives.nseindia.com/corporate/ixbrl/IT_11754_20260701_170917078_WEB.html,,,,,,,,,,,,,,
MANAKCOAT,MANAKSIA COATED METALS AND INDUSTRIES LIMITED,Regulation 7 (2),,2026-07-01,,,,,,,,,https://nsearchives.nseindia.com/corporate/ixbrl/IT_11754_20260701_170917078_WEB.html,,,,,,,,,,,,,,
GANECOS,GANESHA ECOSPHERE LIMITED,Regulation 7 (2),,2026-07-01,,,,,,,,,https://nsearchives.nseindia.com/corporate/ixbrl/IT_11601_20260701_170839065_WEB.html,,,,,,,,,,,,,,
INDOTECH,INDO TECH TRANSFORMERS LIMITED,Regulation 7 (2),,2026-07-01,,,,,,,,,https://nsearchives.nseindia.com/corporate/ixbrl/IT_2373_20260701_171956511_WEB.html,,,,,,,,,,,,,,
HCLTECH,HCL Technologies Limited,Regulation 7 (2),,2026-07-01,,,,,,,,,https://nsearchives.nseindia.com/corporate/ixbrl/IT_1828_20260701_171101008_WEB.html,,,,,,,,,,,,,,
INDOTECH,INDO TECH TRANSFORMERS LIMITED,Regulation 7 (2),,2026-07-01,,,,,,,,,https://nsearchives.nseindia.com/corporate/ixbrl/IT_2373_20260701_172054510_WEB.html,,,,,,,,,,,,,,
INOXINDIA,INOX INDIA LIMITED,Regulation 7 (2),,2026-07-01,,,,,,,,,https://nsearchives.nseindia.com/corporate/ixbrl/IT_22456_20260701_170821914_WEB.html,,,,,,,,,,,,,,
CAMLINFINE,Camlin Fine Sciences Limited,Regulation 7 (2),,2026-07-01,,,,,,,,,https://nsearchives.nseindia.com/corporate/ixbrl/IT_11353_20260701_171906507_WEB.html,,,,,,,,,,,,,,
SOUTHWEST,SOUTH WEST PINNACLE EXPLORATION LIMITED,Regulation 7 (2),,2026-07-01,,,,,,,,,https://nsearchives.nseindia.com/corporate/ixbrl/IT_15798_20260701_170534607_WEB.html,,,,,,,,,,,,,,
SOUTHWEST,SOUTH WEST PINNACLE EXPLORATION LIMITED,Regulation 7 (2),,2026-07-01,,,,,,,,,https://nsearchives.nseindia.com/corporate/ixbrl/IT_15798_20260701_170534607_WEB.html,,,,,,,,,,,,,,
SOUTHWEST,SOUTH WEST PINNACLE EXPLORATION LIMITED,Regulation 7 (2),,2026-07-01,,,,,,,,,https://nsearchives.nseindia.com/corporate/ixbrl/IT_15798_20260701_170534607_WEB.html,,,,,,,,,,,,,,
SOUTHWEST,SOUTH WEST PINNACLE EXPLORATION LIMITED,Regulation 7 (2),,2026-07-01,,,,,,,,,https://nsearchives.nseindia.com/corporate/ixbrl/IT_15798_20260701_170534607_WEB.html,,,,,,,,,,,,,,
THYROCARE,Thyrocare Technologies Limited,Regulation 7 (2),,2026-07-01,,,,,,,,,https://nsearchives.nseindia.com/corporate/ixbrl/IT_13770_20260701_170115244_WEB.html,,,,,,,,,,,,,,
KPITTECH,KPIT TECHNOLOGIES LIMITED,Regulation 7 (2),,2026-07-01,,,,,,,,,https://nsearchives.nseindia.com/corporate/ixbrl/IT_17417_20260701_170759700_WEB.html,,,,,,,,,,,,,,
NAUKRI,Info Edge (India) Limited,Regulation 7 (2),,2026-07-01,,,,,,,,,https://nsearchives.nseindia.com/corporate/ixbrl/IT_2460_20260701_165850077_WEB.html,,,,,,,,,,,,,,
NAUKRI,Info Edge (India) Limited,Regulation 7 (2),,2026-07-01,,,,,,,,,https://nsearchives.nseindia.com/corporate/ixbrl/IT_2460_20260701_165850077_WEB.html,,,,,,,,,,,,,,
NAUKRI,Info Edge (India) Limited,Regulation 7 (2),,2026-07-01,,,,,,,,,https://nsearchives.nseindia.com/corporate/ixbrl/IT_2460_20260701_165850077_WEB.html,,,,,,,,,,,,,,
NAUKRI,Info Edge (India) Limited,Regulation 7 (2),,2026-07-01,,,,,,,,,https://nsearchives.nseindia.com/corporate/ixbrl/IT_2460_20260701_165850077_WEB.html,,,,,,,,,,,,,,
ASAHIINDIA,ASAHI INDIA GLASS LIMITED,Regulation 7 (2),,2026-07-01,,,,,,,,,https://nsearchives.nseindia.com/corporate/ixbrl/IT_1672_20260701_165835158_WEB.html,,,,,,,,,,,,,,
ASAHIINDIA,ASAHI INDIA GLASS LIMITED,Regulation 7 (2),,2026-07-01,,,,,,,,,https://nsearchives.nseindia.com/corporate/ixbrl/IT_1672_20260701_165835158_WEB.html,,,,,,,,,,,,,,
ASAHIINDIA,ASAHI INDIA GLASS LIMITED,Regulation 7 (2),,2026-07-01,,,,,,,,,https://nsearchives.nseindia.com/corporate/ixbrl/IT_1672_20260701_165835158_WEB.html,,,,,,,,,,,,,,
ASAHIINDIA,ASAHI INDIA GLASS LIMITED,Regulation 7 (2),,2026-07-01,,,,,,,,,https://nsearchives.nseindia.com/corporate/ixbrl/IT_1672_20260701_165835158_WEB.html,,,,,,,,,,,,,,
ASAHIINDIA,ASAHI INDIA GLASS LIMITED,Regulation 7 (2),,2026-07-01,,,,,,,,,https://nsearchives.nseindia.com/corporate/ixbrl/IT_1672_20260701_165835158_WEB.html,,,,,,,,,,,,,,
ASAHIINDIA,ASAHI INDIA GLASS LIMITED,Regulation 7 (2),,2026-07-01,,,,,,,,,https://nsearchives.nseindia.com/corporate/ixbrl/IT_1672_20260701_165835158_WEB.html,,,,,,,,,,,,,,
SHANKARA,SHANKARA BUILDING PRODUCTS LIMITED,Regulation 7 (2),,2026-07-01,,,,,,,,,https://nsearchives.nseindia.com/corporate/ixbrl/IT_14812_20260701_165915325_WEB.html,,,,,,,,,,,,,,
LOTUSDEV,Sri Lotus Developers and Realty Limited,Regulation 7 (2),,2026-07-01,,,,,,,,,https://nsearchives.nseindia.com/corporate/ixbrl/IT_25082_20260701_165707507_WEB.html,,,,,,,,,,,,,,
UNIECOM,Unicommerce eSolution Limited,Regulation 7 (2),,2026-07-01,,,,,,,,,https://nsearchives.nseindia.com/corporate/ixbrl/IT_23091_20260701_165601053_WEB.html,,,,,,,,,,,,,,
UNIECOM,Unicommerce eSolution Limited,Regulation 7 (2),,2026-07-01,,,,,,,,,https://nsearchives.nseindia.com/corporate/ixbrl/IT_23091_20260701_165601053_WEB.html,,,,,,,,,,,,,,
DIVISLAB,Divi's Laboratories Limited,Regulation 7 (2),,2026-07-01,,,,,,,,,https://nsearchives.nseindia.com/corporate/ixbrl/IT_2132_20260701_165445174_WEB.html,,,,,,,,,,,,,,
RUBICON,RUBICON RESEARCH LIMITED,Regulation 7 (2),,2026-07-01,,,,,,,,,https://nsearchives.nseindia.com/corporate/ixbrl/IT_24193_20260701_150336873_WEB.html,,,,,,,,,,,,,,
AMANTA,Amanta Healthcare Limited,Regulation 7 (2),,2026-07-01,,,,,,,,,https://nsearchives.nseindia.com/corporate/ixbrl/IT_24620_20260701_140514746_WEB.html,,,,,,,,,,,,,,
AMANTA,Amanta Healthcare Limited,Regulation 7 (2),,2026-07-01,,,,,,,,,https://nsearchives.nseindia.com/corporate/ixbrl/IT_24620_20260701_140514746_WEB.html,,,,,,,,,,,,,,
SATIN,SATIN CREDITCARE NETWORK LIMITED,Regulation 7 (2),,2026-07-01,,,,,,,,,https://nsearchives.nseindia.com/corporate/ixbrl/IT_13014_20260701_165450503_WEB.html,,,,,,,,,,,,,,
SATIN,SATIN CREDITCARE NETWORK LIMITED,Regulation 7 (2),,2026-07-01,,,,,,,,,https://nsearchives.nseindia.com/corporate/ixbrl/IT_13014_20260701_165450503_WEB.html,,,,,,,,,,,,,,
SATIN,SATIN CREDITCARE NETWORK LIMITED,Regulation 7 (2),,2026-07-01,,,,,,,,,https://nsearchives.nseindia.com/corporate/ixbrl/IT_13014_20260701_165450503_WEB.html,,,,,,,,,,,,,,
SATIN,SATIN CREDITCARE NETWORK LIMITED,Regulation 7 (2),,2026-07-01,,,,,,,,,https://nsearchives.nseindia.com/corporate/ixbrl/IT_13014_20260701_165450503_WEB.html,,,,,,,,,,,,,,
SATIN,SATIN CREDITCARE NETWORK LIMITED,Regulation 7 (2),,2026-07-01,,,,,,,,,https://nsearchives.nseindia.com/corporate/ixbrl/IT_13014_20260701_165450503_WEB.html,,,,,,,,,,,,,,
SATIN,SATIN CREDITCARE NETWORK LIMITED,Regulation 7 (2),,2026-07-01,,,,,,,,,https://nsearchives.nseindia.com/corporate/ixbrl/IT_13014_20260701_165450503_WEB.html,,,,,,,,,,,,,,
SATIN,SATIN CREDITCARE NETWORK LIMITED,Regulation 7 (2),,2026-07-01,,,,,,,,,https://nsearchives.nseindia.com/corporate/ixbrl/IT_13014_20260701_165450503_WEB.html,,,,,,,,,,,,,,
SATIN,SATIN CREDITCARE NETWORK LIMITED,Regulation 7 (2),,2026-07-01,,,,,,,,,https://nsearchives.nseindia.com/corporate/ixbrl/IT_13014_20260701_165450503_WEB.html,,,,,,,,,,,,,,
SKIPPER,SKIPPER LIMITED,Regulation 7 (2),,2026-07-01,,,,,,,,,https://nsearchives.nseindia.com/corporate/ixbrl/IT_12452_20260701_165544178_WEB.html,,,,,,,,,,,,,,
SKIPPER,SKIPPER LIMITED,Regulation 7 (2),,2026-07-01,,,,,,,,,https://nsearchives.nseindia.com/corporate/ixbrl/IT_12452_20260701_165544178_WEB.html,,,,,,,,,,,,,,
NINSYS,Nintec Systems Limited,Regulation 7 (2),,2026-07-01,,,,,,,,,https://nsearchives.nseindia.com/corporate/ixbrl/IT_21310_20260701_134241086_WEB.html,,,,,,,,,,,,,,
NINSYS,Nintec Systems Limited,Regulation 7 (2),,2026-07-01,,,,,,,,,https://nsearchives.nseindia.com/corporate/ixbrl/IT_21310_20260701_134241086_WEB.html,,,,,,,,,,,,,,
NINSYS,Nintec Systems Limited,Regulation 7 (2),,2026-07-01,,,,,,,,,https://nsearchives.nseindia.com/corporate/ixbrl/IT_21310_20260701_134241086_WEB.html,,,,,,,,,,,,,,
NINSYS,Nintec Systems Limited,Regulation 7 (2),,2026-07-01,,,,,,,,,https://nsearchives.nseindia.com/corporate/ixbrl/IT_21310_20260701_134241086_WEB.html,,,,,,,,,,,,,,
AIAENG,AIA Engineering Limited,Regulation 7 (3),,2026-07-01,,,,,,,,,https://nsearchives.nseindia.com/corporate/ixbrl/IT_2339_20260701_134200574_WEB.html,,,,,,,,,,,,,,
AIAENG,AIA Engineering Limited,Regulation 7 (3),,2026-07-01,,,,,,,,,https://nsearchives.nseindia.com/corporate/ixbrl/IT_2339_20260701_134200574_WEB.html,,,,,,,,,,,,,,
AIAENG,AIA Engineering Limited,Regulation 7 (2),,2026-07-01,,,,,,,,,https://nsearchives.nseindia.com/corporate/ixbrl/IT_2339_20260701_134132822_WEB.html,,,,,,,,,,,,,,
TICL,TWAMEV CONSTRUCTION AND INFRASTRUCTURE LIMITED,Regulation 7 (2),,2026-07-01,,,,,,,,,https://nsearchives.nseindia.com/corporate/ixbrl/IT_22331_20260701_130013452_WEB.html,,,,,,,,,,,,,,
NINSYS,Nintec Systems Limited,Regulation 7 (2),,2026-07-01,,,,,,,,,https://nsearchives.nseindia.com/corporate/ixbrl/IT_21310_20260701_134133946_WEB.html,,,,,,,,,,,,,,
NINSYS,Nintec Systems Limited,Regulation 7 (2),,2026-07-01,,,,,,,,,https://nsearchives.nseindia.com/corporate/ixbrl/IT_21310_20260701_134133946_WEB.html,,,,,,,,,,,,,,
NINSYS,Nintec Systems Limited,Regulation 7 (2),,2026-07-01,,,,,,,,,https://nsearchives.nseindia.com/corporate/ixbrl/IT_21310_20260701_134133946_WEB.html,,,,,,,,,,,,,,
NINSYS,Nintec Systems Limited,Regulation 7 (2),,2026-07-01,,,,,,,,,https://nsearchives.nseindia.com/corporate/ixbrl/IT_21310_20260701_134133946_WEB.html,,,,,,,,,,,,,,
TICL,TWAMEV CONSTRUCTION AND INFRASTRUCTURE LIMITED,Regulation 7 (2),,2026-07-01,,,,,,,,,https://nsearchives.nseindia.com/corporate/ixbrl/IT_22331_20260701_125321274_WEB.html,,,,,,,,,,,,,,
HGS,HINDUJA GLOBAL SOLUTIONS LIMITED,Regulation 7 (2),,2026-07-01,,,,,,,,,https://nsearchives.nseindia.com/corporate/ixbrl/IT_2614_20260701_162220609_WEB.html,,,,,,,,,,,,,,
SANGAMIND,SANGAM (INDIA) LIMITED,Regulation 7 (2),,2026-07-01,,,,,,,,,https://nsearchives.nseindia.com/corporate/ixbrl/IT_1381_20260701_124952939_WEB.html,,,,,,,,,,,,,,
SKIPPER,SKIPPER LIMITED,Regulation 7 (2),,2026-07-01,,,,,,,,,https://nsearchives.nseindia.com/corporate/ixbrl/IT_12452_20260701_151632416_WEB.html,,,,,,,,,,,,,,
SKIPPER,SKIPPER LIMITED,Regulation 7 (2),,2026-07-01,,,,,,,,,https://nsearchives.nseindia.com/corporate/ixbrl/IT_12452_20260701_151632416_WEB.html,,,,,,,,,,,,,,
TICL,TWAMEV CONSTRUCTION AND INFRASTRUCTURE LIMITED,Regulation 7 (2),,2026-07-01,,,,,,,,,https://nsearchives.nseindia.com/corporate/ixbrl/IT_22331_20260701_122102143_WEB.html,,,,,,,,,,,,,,
AARTIPHARM,Aarti Pharmalabs Ltd,Regulation 7 (2),,2026-07-01,,,,,,,,,https://nsearchives.nseindia.com/corporate/ixbrl/IT_21272_20260701_122121198_WEB.html,,,,,,,,,,,,,,
TIPSMUSIC,TIPS MUSIC LIMITED,Regulation 7 (2),,2026-07-01,,,,,,,,,https://nsearchives.nseindia.com/corporate/ixbrl/IT_1945_20260701_133550514_WEB.html,,,,,,,,,,,,,,
TIPSMUSIC,TIPS MUSIC LIMITED,Regulation 7 (2),,2026-07-01,,,,,,,,,https://nsearchives.nseindia.com/corporate/ixbrl/IT_1945_20260701_133550514_WEB.html,,,,,,,,,,,,,,
LINC,LINC LIMITED,Regulation 7 (2),,2026-07-01,,,,,,,,,https://nsearchives.nseindia.com/corporate/ixbrl/IT_11602_20260701_111112957_WEB.html,,,,,,,,,,,,,,
LINC,LINC LIMITED,Regulation 7 (2),,2026-07-01,,,,,,,,,https://nsearchives.nseindia.com/corporate/ixbrl/IT_11602_20260701_111112957_WEB.html,,,,,,,,,,,,,,
DIVISLAB,Divi's Laboratories Limited,Regulation 7 (2),,2026-07-01,,,,,,,,,https://nsearchives.nseindia.com/corporate/ixbrl/IT_2132_20260701_113326929_WEB.html,,,,,,,,,,,,,,
PAISALO,PAISALO DIGITAL LIMITED,Regulation 7 (2),,2026-07-01,,,,,,,,,https://nsearchives.nseindia.com/corporate/ixbrl/IT_5294_20260701_122056641_WEB.html,,,,,,,,,,,,,,
MAHSEAMLES,Maharashtra Seamless Limited,Regulation 7 (2),,2026-07-01,,,,,,,,,https://nsearchives.nseindia.com/corporate/ixbrl/IT_263_20260701_104647046_WEB.html,,,,,,,,,,,,,,
MAHSEAMLES,Maharashtra Seamless Limited,Regulation 7 (2),,2026-07-01,,,,,,,,,https://nsearchives.nseindia.com/corporate/ixbrl/IT_263_20260701_104647046_WEB.html,,,,,,,,,,,,,,
TICL,TWAMEV CONSTRUCTION AND INFRASTRUCTURE LIMITED,Regulation 7 (2),,2026-07-01,,,,,,,,,https://nsearchives.nseindia.com/corporate/ixbrl/IT_22331_20260701_120417913_WEB.html,,,,,,,,,,,,,,
RUBICON,RUBICON RESEARCH LIMITED,Regulation 7 (2),,2026-06-17,,,,,,,,,https://nsearchives.nseindia.com/corporate/ixbrl/IT_24193_20260630_211937068_WEB.html,,,,,,,,,,,,,,
RUBICON,RUBICON RESEARCH LIMITED,Regulation 7 (2),,2026-06-17,,,,,,,,,https://nsearchives.nseindia.com/corporate/ixbrl/IT_24193_20260630_211937068_WEB.html,,,,,,,,,,,,,,
RUBICON,RUBICON RESEARCH LIMITED,Regulation 7 (2),,2026-06-17,,,,,,,,,https://nsearchives.nseindia.com/corporate/ixbrl/IT_24193_20260630_211937068_WEB.html,,,,,,,,,,,,,,
RUBICON,RUBICON RESEARCH LIMITED,Regulation 7 (2),,2026-06-17,,,,,,,,,https://nsearchives.nseindia.com/corporate/ixbrl/IT_24193_20260630_211937068_WEB.html,,,,,,,,,,,,,,
JMFINANCIL,JM Financial Limited,Regulation 7 (2),,2026-06-30,,,,,,,,,https://nsearchives.nseindia.com/corporate/ixbrl/IT_2447_20260701_013537365_WEB.html,,,,,,,,,,,,,,
JMFINANCIL,JM Financial Limited,Regulation 7 (2),,2026-06-30,,,,,,,,,https://nsearchives.nseindia.com/corporate/ixbrl/IT_2447_20260701_013537365_WEB.html,,,,,,,,,,,,,,
JMFINANCIL,JM Financial Limited,Regulation 7 (2),,2026-06-30,,,,,,,,,https://nsearchives.nseindia.com/corporate/ixbrl/IT_2447_20260701_013537365_WEB.html,,,,,,,,,,,,,,
JMFINANCIL,JM Financial Limited,Regulation 7 (2),,2026-06-30,,,,,,,,,https://nsearchives.nseindia.com/corporate/ixbrl/IT_2447_20260701_013537365_WEB.html,,,,,,,,,,,,,,
JMFINANCIL,JM Financial Limited,Regulation 7 (2),,2026-06-30,,,,,,,,,https://nsearchives.nseindia.com/corporate/ixbrl/IT_2447_20260701_013537365_WEB.html,,,,,,,,,,,,,,
JMFINANCIL,JM Financial Limited,Regulation 7 (2),,2026-06-30,,,,,,,,,https://nsearchives.nseindia.com/corporate/ixbrl/IT_2447_20260701_013537365_WEB.html,,,,,,,,,,,,,,
JMFINANCIL,JM Financial Limited,Regulation 7 (2),,2026-06-30,,,,,,,,,https://nsearchives.nseindia.com/corporate/ixbrl/IT_2447_20260701_013537365_WEB.html,,,,,,,,,,,,,,
JMFINANCIL,JM Financial Limited,Regulation 7 (2),,2026-06-30,,,,,,,,,https://nsearchives.nseindia.com/corporate/ixbrl/IT_2447_20260701_013537365_WEB.html,,,,,,,,,,,,,,
RUBICON,RUBICON RESEARCH LIMITED,Regulation 7 (2),,2026-06-17,,,,,,,,,https://nsearchives.nseindia.com/corporate/ixbrl/IT_24193_20260630_212023717_WEB.html,,,,,,,,,,,,,,
RUBICON,RUBICON RESEARCH LIMITED,Regulation 7 (2),,2026-06-17,,,,,,,,,https://nsearchives.nseindia.com/corporate/ixbrl/IT_24193_20260630_212023717_WEB.html,,,,,,,,,,,,,,
RUBICON,RUBICON RESEARCH LIMITED,Regulation 7 (2),,2026-06-17,,,,,,,,,https://nsearchives.nseindia.com/corporate/ixbrl/IT_24193_20260630_212023717_WEB.html,,,,,,,,,,,,,,
RUBICON,RUBICON RESEARCH LIMITED,Regulation 7 (2),,2026-06-17,,,,,,,,,https://nsearchives.nseindia.com/corporate/ixbrl/IT_24193_20260630_212023717_WEB.html,,,,,,,,,,,,,,
GOODLUCK,Goodluck India Limited,Regulation 7 (2),,2026-06-30,,,,,,,,,https://nsearchives.nseindia.com/corporate/ixbrl/IT_11300_20260701_100542689_WEB.html,,,,,,,,,,,,,,
GOODLUCK,Goodluck India Limited,Regulation 7 (2),,2026-06-30,,,,,,,,,https://nsearchives.nseindia.com/corporate/ixbrl/IT_11300_20260701_100542689_WEB.html,,,,,,,,,,,,,,
GOODLUCK,Goodluck India Limited,Regulation 7 (2),,2026-06-30,,,,,,,,,https://nsearchives.nseindia.com/corporate/ixbrl/IT_11300_20260701_100542689_WEB.html,,,,,,,,,,,,,,
GOODLUCK,Goodluck India Limited,Regulation 7 (2),,2026-06-30,,,,,,,,,https://nsearchives.nseindia.com/corporate/ixbrl/IT_11300_20260701_100542689_WEB.html,,,,,,,,,,,,,,
GOODLUCK,Goodluck India Limited,Regulation 7 (2),,2026-06-30,,,,,,,,,https://nsearchives.nseindia.com/corporate/ixbrl/IT_11300_20260701_100542689_WEB.html,,,,,,,,,,,,,,
GOODLUCK,Goodluck India Limited,Regulation 7 (2),,2026-06-30,,,,,,,,,https://nsearchives.nseindia.com/corporate/ixbrl/IT_11300_20260701_100542689_WEB.html,,,,,,,,,,,,,,
GOODLUCK,Goodluck India Limited,Regulation 7 (2),,2026-06-30,,,,,,,,,https://nsearchives.nseindia.com/corporate/ixbrl/IT_11300_20260701_100542689_WEB.html,,,,,,,,,,,,,,
LIBERTSHOE,LIBERTY SHOES LIMITED,Regulation 7 (2),,2026-06-30,,,,,,,,,https://nsearchives.nseindia.com/corporate/ixbrl/IT_681_20260630_203940949_WEB.html,,,,,,,,,,,,,,
LIBERTSHOE,LIBERTY SHOES LIMITED,Regulation 7 (2),,2026-06-30,,,,,,,,,https://nsearchives.nseindia.com/corporate/ixbrl/IT_681_20260630_202116532_WEB.html,,,,,,,,,,,,,,
WCIL,WESTERN CARRIERS (INDIA) LIMITED,Regulation 7 (2),,2026-06-30,,,,,,,,,https://nsearchives.nseindia.com/corporate/ixbrl/IT_22116_20260630_202708536_WEB.html,,,,,,,,,,,,,,
WCIL,WESTERN CARRIERS (INDIA) LIMITED,Regulation 7 (2),,2026-06-30,,,,,,,,,https://nsearchives.nseindia.com/corporate/ixbrl/IT_22116_20260630_202708536_WEB.html,,,,,,,,,,,,,,
LIBERTSHOE,LIBERTY SHOES LIMITED,Regulation 7 (2),,2026-06-30,,,,,,,,,https://nsearchives.nseindia.com/corporate/ixbrl/IT_681_20260630_202146588_WEB.html,,,,,,,,,,,,,,
LIBERTSHOE,LIBERTY SHOES LIMITED,Regulation 7 (2),,2026-06-30,,,,,,,,,https://nsearchives.nseindia.com/corporate/ixbrl/IT_681_20260630_202146588_WEB.html,,,,,,,,,,,,,,
SIGNATURE,Signatureglobal (India) Limited,Regulation 7 (2),,2026-06-30,,,,,,,,,https://nsearchives.nseindia.com/corporate/ixbrl/IT_20913_20260630_200618699_WEB.html,,,,,,,,,,,,,,
TIGERLOGS,Tiger Logistics (India) Limited,Regulation 7 (2),,2026-06-30,,,,,,,,,https://nsearchives.nseindia.com/corporate/ixbrl/IT_26474_20260630_200813429_WEB.html,,,,,,,,,,,,,,
TIGERLOGS,Tiger Logistics (India) Limited,Regulation 7 (2),,2026-06-30,,,,,,,,,https://nsearchives.nseindia.com/corporate/ixbrl/IT_26474_20260630_200813429_WEB.html,,,,,,,,,,,,,,
BLACKBUCK,BlackBuck Limited,Regulation 7 (2),,2026-06-30,,,,,,,,,https://nsearchives.nseindia.com/corporate/ixbrl/IT_24066_20260630_190758488_WEB.html,,,,,,,,,,,,,,
TTL,T T LIMITED,Regulation 7 (2),,2026-06-29,,,,,,,,,https://nsearchives.nseindia.com/corporate/ixbrl/IT_2534_20260630_190647041_WEB.html,,,,,,,,,,,,,,
JMFINANCIL,JM Financial Limited,Regulation 7 (2),,2026-06-30,,,,,,,,,https://nsearchives.nseindia.com/corporate/ixbrl/IT_2447_20260630_213818777_WEB.html,,,,,,,,,,,,,,
JMFINANCIL,JM Financial Limited,Regulation 7 (2),,2026-06-30,,,,,,,,,https://nsearchives.nseindia.com/corporate/ixbrl/IT_2447_20260630_213818777_WEB.html,,,,,,,,,,,,,,
JMFINANCIL,JM Financial Limited,Regulation 7 (2),,2026-06-30,,,,,,,,,https://nsearchives.nseindia.com/corporate/ixbrl/IT_2447_20260630_213818777_WEB.html,,,,,,,,,,,,,,
JMFINANCIL,JM Financial Limited,Regulation 7 (2),,2026-06-30,,,,,,,,,https://nsearchives.nseindia.com/corporate/ixbrl/IT_2447_20260630_213818777_WEB.html,,,,,,,,,,,,,,
JMFINANCIL,JM Financial Limited,Regulation 7 (2),,2026-06-30,,,,,,,,,https://nsearchives.nseindia.com/corporate/ixbrl/IT_2447_20260630_213818777_WEB.html,,,,,,,,,,,,,,
JMFINANCIL,JM Financial Limited,Regulation 7 (2),,2026-06-30,,,,,,,,,https://nsearchives.nseindia.com/corporate/ixbrl/IT_2447_20260630_213818777_WEB.html,,,,,,,,,,,,,,
JMFINANCIL,JM Financial Limited,Regulation 7 (2),,2026-06-30,,,,,,,,,https://nsearchives.nseindia.com/corporate/ixbrl/IT_2447_20260630_213818777_WEB.html,,,,,,,,,,,,,,
JMFINANCIL,JM Financial Limited,Regulation 7 (2),,2026-06-30,,,,,,,,,https://nsearchives.nseindia.com/corporate/ixbrl/IT_2447_20260630_213818777_WEB.html,,,,,,,,,,,,,,
SALASAR,SALASAR TECHNO ENGINEERING LIMITED,Regulation 7 (2),,2026-06-30,,,,,,,,,https://nsearchives.nseindia.com/corporate/ixbrl/IT_15362_20260630_192134642_WEB.html,,,,,,,,,,,,,,The details of the shares sold by Mr. Shikhar Gupta and M/s Shikhar Fabtech Pvt. Ltd. were inadvertently interchanged during data entry. The same has been corrected through this revised filing.
SALASAR,SALASAR TECHNO ENGINEERING LIMITED,Regulation 7 (2),,2026-06-30,,,,,,,,,https://nsearchives.nseindia.com/corporate/ixbrl/IT_15362_20260630_192134642_WEB.html,,,,,,,,,,,,,,The details of the shares sold by Mr. Shikhar Gupta and M/s Shikhar Fabtech Pvt. Ltd. were inadvertently interchanged during data entry. The same has been corrected through this revised filing.
SALASAR,SALASAR TECHNO ENGINEERING LIMITED,Regulation 7 (2),,2026-06-30,,,,,,,,,https://nsearchives.nseindia.com/corporate/ixbrl/IT_15362_20260630_192134642_WEB.html,,,,,,,,,,,,,,The details of the shares sold by Mr. Shikhar Gupta and M/s Shikhar Fabtech Pvt. Ltd. were inadvertently interchanged during data entry. The same has been corrected through this revised filing.
SALASAR,SALASAR TECHNO ENGINEERING LIMITED,Regulation 7 (2),,2026-06-30,,,,,,,,,https://nsearchives.nseindia.com/corporate/ixbrl/IT_15362_20260630_192134642_WEB.html,,,,,,,,,,,,,,The details of the shares sold by Mr. Shikhar Gupta and M/s Shikhar Fabtech Pvt. Ltd. were inadvertently interchanged during data entry. The same has been corrected through this revised filing.
KPIGREEN,KPI Green Energy Limited,Regulation 7 (2),,2026-06-30,,,,,,,,,https://nsearchives.nseindia.com/corporate/ixbrl/IT_19804_20260630_190717885_WEB.html,,,,,,,,,,,,,,
ECLERX,eClerx Services Ltd,Regulation 7 (2),,2026-06-30,,,,,,,,,https://nsearchives.nseindia.com/corporate/ixbrl/IT_2698_20260630_190511809_WEB.html,,,,,,,,,,,,,,
ECLERX,eClerx Services Ltd,Regulation 7 (2),,2026-06-30,,,,,,,,,https://nsearchives.nseindia.com/corporate/ixbrl/IT_2698_20260630_190511809_WEB.html,,,,,,,,,,,,,,
ECLERX,eClerx Services Ltd,Regulation 7 (2),,2026-06-30,,,,,,,,,https://nsearchives.nseindia.com/corporate/ixbrl/IT_2698_20260630_190511809_WEB.html,,,,,,,,,,,,,,
ECLERX,eClerx Services Ltd,Regulation 7 (2),,2026-06-30,,,,,,,,,https://nsearchives.nseindia.com/corporate/ixbrl/IT_2698_20260630_190511809_WEB.html,,,,,,,,,,,,,,
ECLERX,eClerx Services Ltd,Regulation 7 (2),,2026-06-30,,,,,,,,,https://nsearchives.nseindia.com/corporate/ixbrl/IT_2698_20260630_190511809_WEB.html,,,,,,,,,,,,,,
JSWENERGY,JSW Energy Limited,Regulation 7 (2),,2026-06-30,,,,,,,,,https://nsearchives.nseindia.com/corporate/ixbrl/IT_3013_20260630_191240894_WEB.html,,,,,,,,,,,,,,
JSWENERGY,JSW Energy Limited,Regulation 7 (2),,2026-06-30,,,,,,,,,https://nsearchives.nseindia.com/corporate/ixbrl/IT_3013_20260630_191240894_WEB.html,,,,,,,,,,,,,,
MASTERTR,MASTER TRUST LIMITED,Regulation 7 (2),,2026-06-30,,,,,,,,,https://nsearchives.nseindia.com/corporate/ixbrl/IT_22191_20260630_180918618_WEB.html,,,,,,,,,,,,,,
MASTERTR,MASTER TRUST LIMITED,Regulation 7 (2),,2026-06-30,,,,,,,,,https://nsearchives.nseindia.com/corporate/ixbrl/IT_22191_20260630_180918618_WEB.html,,,,,,,,,,,,,,
CONFIPET,CONFIDENCE PETROLEUM INDIA LIMITED,Regulation 7 (2),,2026-06-30,,,,,,,,,https://nsearchives.nseindia.com/corporate/ixbrl/IT_17510_20260630_181843632_WEB.html,,,,,,,,,,,,,,
WESTLIFE,Westlife Foodworld Limited,Regulation 7 (3),,2026-06-30,,,,,,,,,https://nsearchives.nseindia.com/corporate/ixbrl/IT_17571_20260630_181238806_WEB.html,,,,,,,,,,,,,,
MASTERTR,MASTER TRUST LIMITED,Regulation 7 (2),,2026-06-30,,,,,,,,,https://nsearchives.nseindia.com/corporate/ixbrl/IT_22191_20260630_180659445_WEB.html,,,,,,,,,,,,,,
MASTERTR,MASTER TRUST LIMITED,Regulation 7 (2),,2026-06-30,,,,,,,,,https://nsearchives.nseindia.com/corporate/ixbrl/IT_22191_20260630_180659445_WEB.html,,,,,,,,,,,,,,
VPRPL,VISHNU PRAKASH R PUNGLIA LIMITED,Regulation 7 (2),,2026-06-30,,,,,,,,,https://nsearchives.nseindia.com/corporate/ixbrl/IT_21894_20260630_180606592_WEB.html,,,,,,,,,,,,,,
VPRPL,VISHNU PRAKASH R PUNGLIA LIMITED,Regulation 7 (2),,2026-06-30,,,,,,,,,https://nsearchives.nseindia.com/corporate/ixbrl/IT_21894_20260630_180606592_WEB.html,,,,,,,,,,,,,,
VPRPL,VISHNU PRAKASH R PUNGLIA LIMITED,Regulation 7 (2),,2026-06-30,,,,,,,,,https://nsearchives.nseindia.com/corporate/ixbrl/IT_21894_20260630_180606592_WEB.html,,,,,,,,,,,,,,
POCL,Pondy Oxides & Chemicals Limited,Regulation 7 (2),,2026-06-30,,,,,,,,,https://nsearchives.nseindia.com/corporate/ixbrl/IT_21714_20260630_174653922_WEB.html,,,,,,,,,,,,,,
AYMSYNTEX,AYM Syntex Limited,Regulation 7 (2),,2026-06-30,,,,,,,,,https://nsearchives.nseindia.com/corporate/ixbrl/IT_12957_20260630_171149061_WEB.html,,,,,,,,,,,,,,
EBGNG,GNG ELECTRONICS LIMITED,Regulation 7 (2),,2026-06-30,,,,,,,,,https://nsearchives.nseindia.com/corporate/ixbrl/IT_25012_20260630_174349853_WEB.html,,,,,,,,,,,,,,
VPRPL,VISHNU PRAKASH R PUNGLIA LIMITED,Regulation 7 (2),,2026-06-30,,,,,,,,,https://nsearchives.nseindia.com/corporate/ixbrl/IT_21894_20260630_181229779_WEB.html,,,,,,,,,,,,,,
VPRPL,VISHNU PRAKASH R PUNGLIA LIMITED,Regulation 7 (2),,2026-06-30,,,,,,,,,https://nsearchives.nseindia.com/corporate/ixbrl/IT_21894_20260630_181229779_WEB.html,,,,,,,,,,,,,,
VPRPL,VISHNU PRAKASH R PUNGLIA LIMITED,Regulation 7 (2),,2026-06-30,,,,,,,,,https://nsearchives.nseindia.com/corporate/ixbrl/IT_21894_20260630_181229779_WEB.html,,,,,,,,,,,,,,
BIL,BHARTIYA INTERNATIONAL LIMITED,Regulation 7 (2),,2026-06-30,,,,,,,,,https://nsearchives.nseindia.com/corporate/ixbrl/IT_1877_20260630_165954732_WEB.html,,,,,,,,,,,,,,
BIL,BHARTIYA INTERNATIONAL LIMITED,Regulation 7 (2),,2026-06-30,,,,,,,,,https://nsearchives.nseindia.com/corporate/ixbrl/IT_1877_20260630_165849083_WEB.html,,,,,,,,,,,,,,
TITAN,TITAN COMPANY LIMITED,Regulation 7 (3),,2026-06-30,,,,,,,,,https://nsearchives.nseindia.com/corporate/ixbrl/IT_233_20260630_165250578_WEB.html,,,,,,,,,,,,,,
SHANKARA,SHANKARA BUILDING PRODUCTS LIMITED,Regulation 7 (2),,2026-06-30,,,,,,,,,https://nsearchives.nseindia.com/corporate/ixbrl/IT_14812_20260630_171951282_WEB.html,,,,,,,,,,,,,,
ARVINDFASN,ARVIND FASHIONS LIMITED,Regulation 7 (2),,2026-06-30,,,,,,,,,https://nsearchives.nseindia.com/corporate/ixbrl/IT_17278_20260630_152657973_WEB.html,,,,,,,,,,,,,,
POCL,Pondy Oxides & Chemicals Limited,Regulation 7 (2),,2026-06-30,,,,,,,,,https://nsearchives.nseindia.com/corporate/ixbrl/IT_21714_20260630_170209086_WEB.html,,,,,,,,,,,,,,
HGS,HINDUJA GLOBAL SOLUTIONS LIMITED,Regulation 7 (2),,2026-06-30,,,,,,,,,https://nsearchives.nseindia.com/corporate/ixbrl/IT_2614_20260630_165254975_WEB.html,,,,,,,,,,,,,,
TCPLPACK,TCPL PACKAGING LIMITED,Regulation 7 (2),,2026-06-30,,,,,,,,,https://nsearchives.nseindia.com/corporate/ixbrl/IT_15535_20260630_152200656_WEB.html,,,,,,,,,,,,,,
TCPLPACK,TCPL PACKAGING LIMITED,Regulation 7 (2),,2026-06-30,,,,,,,,,https://nsearchives.nseindia.com/corporate/ixbrl/IT_15535_20260630_152200656_WEB.html,,,,,,,,,,,,,,
IRFC,INDIAN RAILWAY FINANCE CORPORATION LIMITED,Regulation 7 (2),,2026-06-30,,,,,,,,,https://nsearchives.nseindia.com/corporate/ixbrl/IT_5625_20260630_152611159_WEB.html,,,,,,,,,,,,,,
TCPLPACK,TCPL PACKAGING LIMITED,Regulation 7 (2),,2026-06-30,,,,,,,,,https://nsearchives.nseindia.com/corporate/ixbrl/IT_15535_20260630_150556005_WEB.html,,,,,,,,,,,,,,
TCPLPACK,TCPL PACKAGING LIMITED,Regulation 7 (2),,2026-06-30,,,,,,,,,https://nsearchives.nseindia.com/corporate/ixbrl/IT_15535_20260630_150556005_WEB.html,,,,,,,,,,,,,,
KCP,KCP LIMITED,Regulation 7 (2),,2026-06-30,,,,,,,,,https://nsearchives.nseindia.com/corporate/ixbrl/IT_176_20260630_142322528_WEB.html,,,,,,,,,,,,,,
NAUKRI,Info Edge (India) Limited,Regulation 7 (2),,2026-06-30,,,,,,,,,https://nsearchives.nseindia.com/corporate/ixbrl/IT_2460_20260630_142037962_WEB.html,,,,,,,,,,,,,,
NAUKRI,Info Edge (India) Limited,Regulation 7 (2),,2026-06-30,,,,,,,,,https://nsearchives.nseindia.com/corporate/ixbrl/IT_2460_20260630_142037962_WEB.html,,,,,,,,,,,,,,
AXISBANK,Axis Bank Limited,Regulation 7 (3),,2026-06-30,,,,,,,,,https://nsearchives.nseindia.com/corporate/ixbrl/IT_1693_20260630_152039501_WEB.html,,,,,,,,,,,,,,
NEOGEN,Neogen Chemicals Limited,Regulation 7 (2),,2026-06-30,,,,,,,,,https://nsearchives.nseindia.com/corporate/ixbrl/IT_17441_20260630_130724488_WEB.html,,,,,,,,,,,,,,
NEOGEN,Neogen Chemicals Limited,Regulation 7 (2),,2026-06-30,,,,,,,,,https://nsearchives.nseindia.com/corporate/ixbrl/IT_17441_20260630_130724488_WEB.html,,,,,,,,,,,,,,
VARROC,Varroc Engineering Limited,Regulation 7 (2),,2026-06-30,,,,,,,,,https://nsearchives.nseindia.com/corporate/ixbrl/IT_16405_20260630_125437734_WEB.html,,,,,,,,,,,,,,
VARROC,Varroc Engineering Limited,Regulation 7 (2),,2026-06-30,,,,,,,,,https://nsearchives.nseindia.com/corporate/ixbrl/IT_16405_20260630_125437734_WEB.html,,,,,,,,,,,,,,
LYKALABS,Lyka Labs Limited,Regulation 7 (2),,2026-06-30,,,,,,,,,https://nsearchives.nseindia.com/corporate/ixbrl/IT_1127_20260630_130729816_WEB.html,,,,,,,,,,,,,,
LYKALABS,Lyka Labs Limited,Regulation 7 (2),,2026-06-30,,,,,,,,,https://nsearchives.nseindia.com/corporate/ixbrl/IT_1127_20260630_130729816_WEB.html,,,,,,,,,,,,,,
VARROC,Varroc Engineering Limited,Regulation 7 (2),,2026-06-30,,,,,,,,,https://nsearchives.nseindia.com/corporate/ixbrl/IT_16405_20260630_125539767_WEB.html,,,,,,,,,,,,,,
VARROC,Varroc Engineering Limited,Regulation 7 (2),,2026-06-30,,,,,,,,,https://nsearchives.nseindia.com/corporate/ixbrl/IT_16405_20260630_125539767_WEB.html,,,,,,,,,,,,,,
INOXINDIA,INOX INDIA LIMITED,Regulation 7 (2),,2026-06-30,,,,,,,,,https://nsearchives.nseindia.com/corporate/ixbrl/IT_22456_20260630_130734507_WEB.html,,,,,,,,,,,,,,
NEOGEN,Neogen Chemicals Limited,Regulation 7 (2),,2026-06-30,,,,,,,,,https://nsearchives.nseindia.com/corporate/ixbrl/IT_17441_20260630_115034064_WEB.html,,,,,,,,,,,,,,
NEOGEN,Neogen Chemicals Limited,Regulation 7 (2),,2026-06-30,,,,,,,,,https://nsearchives.nseindia.com/corporate/ixbrl/IT_17441_20260630_115034064_WEB.html,,,,,,,,,,,,,,
LYKALABS,Lyka Labs Limited,Regulation 7 (2),,2026-06-30,,,,,,,,,https://nsearchives.nseindia.com/corporate/ixbrl/IT_1127_20260630_120710182_WEB.html,,,,,,,,,,,,,,
LYKALABS,Lyka Labs Limited,Regulation 7 (2),,2026-06-30,,,,,,,,,https://nsearchives.nseindia.com/corporate/ixbrl/IT_1127_20260630_120710182_WEB.html,,,,,,,,,,,,,,
VIVIANA,VIVIANA POWER TECH LIMITED,Regulation 7 (2),,2026-06-30,,,,,,,,,https://nsearchives.nseindia.com/corporate/ixbrl/IT_20783_20260630_105827892_WEB.html,,,,,,,,,,,,,,
360ONE,360 ONE WAM LIMITED,Regulation 7 (2),,2026-06-30,,,,,,,,,https://nsearchives.nseindia.com/corporate/ixbrl/IT_17593_20260630_125033163_WEB.html,,,,,,,,,,,,,,
360ONE,360 ONE WAM LIMITED,Regulation 7 (2),,2026-06-30,,,,,,,,,https://nsearchives.nseindia.com/corporate/ixbrl/IT_17593_20260630_125033163_WEB.html,,,,,,,,,,,,,,
JUBLFOOD,JUBILANT FOODWORKS LIMITED,Regulation 7 (2),,2026-06-30,,,,,,,,,https://nsearchives.nseindia.com/corporate/ixbrl/IT_3061_20260630_101028653_WEB.html,,,,,,,,,,,,,,
AURUM,Aurum PropTech Limited,Regulation 7 (2),,2026-06-30,,,,,,,,,https://nsearchives.nseindia.com/corporate/ixbrl/IT_12987_20260630_104930235_WEB.html,,,,,,,,,,,,,,
AXISCADES,AXISCADES Technologies Limited,Regulation 7 (2),,2026-06-29,,,,,,,,,https://nsearchives.nseindia.com/corporate/ixbrl/IT_1939_20260629_195752538_WEB.html,,,,,,,,,,,,,,
AXISCADES,AXISCADES Technologies Limited,Regulation 7 (2),,2026-06-29,,,,,,,,,https://nsearchives.nseindia.com/corporate/ixbrl/IT_1939_20260629_195752538_WEB.html,,,,,,,,,,,,,,
STEL,STEL HOLDINGS LIMITED,Regulation 7 (2),,2026-06-29,,,,,,,,,https://nsearchives.nseindia.com/corporate/ixbrl/IT_4020_20260629_204519955_WEB.html,,,,,,,,,,,,,,
CHALET,Chalet Hotels Limited,Regulation 7 (2),,2026-06-29,,,,,,,,,https://nsearchives.nseindia.com/corporate/ixbrl/IT_17190_20260629_194808912_WEB.html,,,,,,,,,,,,,,
CHALET,Chalet Hotels Limited,Regulation 7 (2),,2026-06-29,,,,,,,,,https://nsearchives.nseindia.com/corporate/ixbrl/IT_17190_20260629_194808912_WEB.html,,,,,,,,,,,,,,
CHALET,Chalet Hotels Limited,Regulation 7 (2),,2026-06-29,,,,,,,,,https://nsearchives.nseindia.com/corporate/ixbrl/IT_17190_20260629_194808912_WEB.html,,,,,,,,,,,,,,
UNIECOM,Unicommerce eSolution Limited,Regulation 7 (2),,2026-06-29,,,,,,,,,https://nsearchives.nseindia.com/corporate/ixbrl/IT_23091_20260630_100918668_WEB.html,,,,,,,,,,,,,,
UNIECOM,Unicommerce eSolution Limited,Regulation 7 (2),,2026-06-29,,,,,,,,,https://nsearchives.nseindia.com/corporate/ixbrl/IT_23091_20260630_100918668_WEB.html,,,,,,,,,,,,,,
BALRAMCHIN,BALRAMPUR CHINI MILLS LIMITED,Regulation 7 (2),,2026-06-29,,,,,,,,,https://nsearchives.nseindia.com/corporate/ixbrl/IT_330_20260629_203506578_WEB.html,,,,,,,,,,,,,,
BALRAMCHIN,BALRAMPUR CHINI MILLS LIMITED,Regulation 7 (2),,2026-06-29,,,,,,,,,https://nsearchives.nseindia.com/corporate/ixbrl/IT_330_20260629_203506578_WEB.html,,,,,,,,,,,,,,
JBCHEPHARM,JB Chemicals & Pharmaceuticals Limited,Regulation 7 (2),,2026-06-29,,,,,,,,,https://nsearchives.nseindia.com/corporate/ixbrl/IT_179_20260629_194000684_WEB.html,,,,,,,,,,,,,,
SASKEN,Sasken Technologies Limited,Regulation 7 (2),,2026-06-29,,,,,,,,,https://nsearchives.nseindia.com/corporate/ixbrl/IT_2320_20260629_224017953_WEB.html,,,,,,,,,,,,,,
BANSALWIRE,BANSAL WIRE INDUSTRIES LIMITED,Regulation 7 (2),,2026-06-29,,,,,,,,,https://nsearchives.nseindia.com/corporate/ixbrl/IT_23147_20260629_194025548_WEB.html,,,,,,,,,,,,,,
SHYAMCENT,SHYAM CENTURY FERROUS LIMITED,Regulation 7 (2),,2026-06-29,,,,,,,,,https://nsearchives.nseindia.com/corporate/ixbrl/IT_12915_20260629_185901915_WEB.html,,,,,,,,,,,,,,
SHYAMCENT,SHYAM CENTURY FERROUS LIMITED,Regulation 7 (2),,2026-06-29,,,,,,,,,https://nsearchives.nseindia.com/corporate/ixbrl/IT_12915_20260629_185954917_WEB.html,,,,,,,,,,,,,,
JBCHEPHARM,JB Chemicals & Pharmaceuticals Limited,Regulation 7 (2),,2026-06-29,,,,,,,,,https://nsearchives.nseindia.com/corporate/ixbrl/IT_179_20260629_192937749_WEB.html,,,,,,,,,,,,,,
CONFIPET,CONFIDENCE PETROLEUM INDIA LIMITED,Regulation 7 (2),,2026-06-29,,,,,,,,,https://nsearchives.nseindia.com/corporate/ixbrl/IT_17510_20260629_185848763_WEB.html,,,,,,,,,,,,,,
JSWSTEEL,JSW STEEL LIMITED,Regulation 7 (2),,2026-06-29,,,,,,,,,https://nsearchives.nseindia.com/corporate/ixbrl/IT_2266_20260629_185844086_WEB.html,,,,,,,,,,,,,,
JSWSTEEL,JSW STEEL LIMITED,Regulation 7 (2),,2026-06-29,,,,,,,,,https://nsearchives.nseindia.com/corporate/ixbrl/IT_2266_20260629_185844086_WEB.html,,,,,,,,,,,,,,
JSWSTEEL,JSW STEEL LIMITED,Regulation 7 (2),,2026-06-29,,,,,,,,,https://nsearchives.nseindia.com/corporate/ixbrl/IT_2266_20260629_185844086_WEB.html,,,,,,,,,,,,,,
JSWSTEEL,JSW STEEL LIMITED,Regulation 7 (2),,2026-06-29,,,,,,,,,https://nsearchives.nseindia.com/corporate/ixbrl/IT_2266_20260629_185844086_WEB.html,,,,,,,,,,,,,,
JSWSTEEL,JSW STEEL LIMITED,Regulation 7 (2),,2026-06-29,,,,,,,,,https://nsearchives.nseindia.com/corporate/ixbrl/IT_2266_20260629_185844086_WEB.html,,,,,,,,,,,,,,
JSWSTEEL,JSW STEEL LIMITED,Regulation 7 (2),,2026-06-29,,,,,,,,,https://nsearchives.nseindia.com/corporate/ixbrl/IT_2266_20260629_185844086_WEB.html,,,,,,,,,,,,,,
POWERMECH,Power Mech Projects Limited,Regulation 7 (2),,2026-06-29,,,,,,,,,https://nsearchives.nseindia.com/corporate/ixbrl/IT_13016_20260629_184559689_WEB.html,,,,,,,,,,,,,,
SESHAPAPER,SESHASAYEE PAPER AND BOARDS LIMITED,Regulation 7 (2),,2026-06-29,,,,,,,,,https://nsearchives.nseindia.com/corporate/ixbrl/IT_118_20260629_184332278_WEB.html,,,,,,,,,,,,,,
EBGNG,GNG ELECTRONICS LIMITED,Regulation 7 (2),,2026-06-29,,,,,,,,,https://nsearchives.nseindia.com/corporate/ixbrl/IT_25012_20260629_184337145_WEB.html,,,,,,,,,,,,,,
EBGNG,GNG ELECTRONICS LIMITED,Regulation 7 (2),,2026-06-29,,,,,,,,,https://nsearchives.nseindia.com/corporate/ixbrl/IT_25012_20260629_184337145_WEB.html,,,,,,,,,,,,,,
STARCEMENT,STAR CEMENT LIMITED,Regulation 7 (2),,2026-06-29,,,,,,,,,https://nsearchives.nseindia.com/corporate/ixbrl/IT_15239_20260629_184208487_WEB.html,,,,,,,,,,,,,,
GRMOVER,GRM OVERSEAS LIMITED,Regulation 7 (2),,2026-06-29,,,,,,,,,https://nsearchives.nseindia.com/corporate/ixbrl/IT_20861_20260629_184232799_WEB.html,,,,,,,,,,,,,,
MTARTECH,MTAR TECHNOLOGIES LIMITED,Regulation 7 (2),,2026-06-29,,,,,,,,,https://nsearchives.nseindia.com/corporate/ixbrl/IT_19009_20260629_185838319_WEB.html,,,,,,,,,,,,,,
CONFIPET,CONFIDENCE PETROLEUM INDIA LIMITED,Regulation 7 (2),,2026-06-29,,,,,,,,,https://nsearchives.nseindia.com/corporate/ixbrl/IT_17510_20260629_175826218_WEB.html,,,,,,,,,,,,,,
SESHAPAPER,SESHASAYEE PAPER AND BOARDS LIMITED,Regulation 7 (2),,2026-06-29,,,,,,,,,https://nsearchives.nseindia.com/corporate/ixbrl/IT_118_20260629_173512189_WEB.html,,,,,,,,,,,,,,
VSTTILLERS,V.S.T TILLERS TRACTORS LIMITED,Regulation 7 (2),,2026-06-29,,,,,,,,,https://nsearchives.nseindia.com/corporate/ixbrl/IT_4929_20260629_164030069_WEB.html,,,,,,,,,,,,,,
VSTTILLERS,V.S.T TILLERS TRACTORS LIMITED,Regulation 7 (2),,2026-06-29,,,,,,,,,https://nsearchives.nseindia.com/corporate/ixbrl/IT_4929_20260629_164030069_WEB.html,,,,,,,,,,,,,,
VSTTILLERS,V.S.T TILLERS TRACTORS LIMITED,Regulation 7 (2),,2026-06-29,,,,,,,,,https://nsearchives.nseindia.com/corporate/ixbrl/IT_4929_20260629_164030069_WEB.html,,,,,,,,,,,,,,
VSTTILLERS,V.S.T TILLERS TRACTORS LIMITED,Regulation 7 (2),,2026-06-29,,,,,,,,,https://nsearchives.nseindia.com/corporate/ixbrl/IT_4929_20260629_164030069_WEB.html,,,,,,,,,,,,,,
VSTTILLERS,V.S.T TILLERS TRACTORS LIMITED,Regulation 7 (2),,2026-06-29,,,,,,,,,https://nsearchives.nseindia.com/corporate/ixbrl/IT_4929_20260629_164030069_WEB.html,,,,,,,,,,,,,,
SANGINITA,SANGINITA CHEMICALS LIMITED,Regulation 7 (2),,2026-06-29,,,,,,,,,https://nsearchives.nseindia.com/corporate/ixbrl/IT_14640_20260629_183115676_WEB.html,,,,,,,,,,,,,,
SANGINITA,SANGINITA CHEMICALS LIMITED,Regulation 7 (2),,2026-06-29,,,,,,,,,https://nsearchives.nseindia.com/corporate/ixbrl/IT_14640_20260629_183115676_WEB.html,,,,,,,,,,,,,,
SANGINITA,SANGINITA CHEMICALS LIMITED,Regulation 7 (2),,2026-06-29,,,,,,,,,https://nsearchives.nseindia.com/corporate/ixbrl/IT_14640_20260629_183115676_WEB.html,,,,,,,,,,,,,,
SANGINITA,SANGINITA CHEMICALS LIMITED,Regulation 7 (2),,2026-06-29,,,,,,,,,https://nsearchives.nseindia.com/corporate/ixbrl/IT_14640_20260629_183115676_WEB.html,,,,,,,,,,,,,,
SESHAPAPER,SESHASAYEE PAPER AND BOARDS LIMITED,Regulation 7 (2),,2026-06-29,,,,,,,,,https://nsearchives.nseindia.com/corporate/ixbrl/IT_118_20260629_173538066_WEB.html,,,,,,,,,,,,,,
KPITTECH,KPIT TECHNOLOGIES LIMITED,Regulation 7 (2),,2026-06-29,,,,,,,,,https://nsearchives.nseindia.com/corporate/ixbrl/IT_17417_20260629_164204774_WEB.html,,,,,,,,,,,,,,
AJANTPHARM,Ajanta Pharma Limited,Regulation 7 (2),,2026-06-29,,,,,,,,,https://nsearchives.nseindia.com/corporate/ixbrl/IT_1894_20260629_163858063_WEB.html,,,,,,,,,,,,,,
AJANTPHARM,Ajanta Pharma Limited,Regulation 7 (2),,2026-06-29,,,,,,,,,https://nsearchives.nseindia.com/corporate/ixbrl/IT_1894_20260629_163858063_WEB.html,,,,,,,,,,,,,,
GRMOVER,GRM OVERSEAS LIMITED,Regulation 7 (2),,2026-06-29,,,,,,,,,https://nsearchives.nseindia.com/corporate/ixbrl/IT_20861_20260629_183821311_WEB.html,,,,,,,,,,,,,,
FSL,Firstsource Solutions Limited,Regulation 7 (2),,2026-06-29,,,,,,,,,https://nsearchives.nseindia.com/corporate/ixbrl/IT_2535_20260629_163652748_WEB.html,,,,,,,,,,,,,,
FSL,Firstsource Solutions Limited,Regulation 7 (2),,2026-06-29,,,,,,,,,https://nsearchives.nseindia.com/corporate/ixbrl/IT_2535_20260629_163652748_WEB.html,,,,,,,,,,,,,,
MANINFRA,MAN INFRACONSTRUCTION LIMITED,Regulation 7 (2),,2026-06-29,,,,,,,,,https://nsearchives.nseindia.com/corporate/ixbrl/IT_3094_20260629_100332585_WEB.html,,,,,,,,,,,,,,
AIAENG,AIA Engineering Limited,Regulation 7 (2),,2026-06-29,,,,,,,,,https://nsearchives.nseindia.com/corporate/ixbrl/IT_2339_20260629_133938343_WEB.html,,,,,,,,,,,,,,
MANINFRA,MAN INFRACONSTRUCTION LIMITED,Regulation 7 (2),,2026-06-29,,,,,,,,,https://nsearchives.nseindia.com/corporate/ixbrl/IT_3094_20260629_091914135_WEB.html,,,,,,,,,,,,,,
GHCLTEXTIL,GHCL Textiles Limited,Regulation 7 (2),,2026-06-27,,,,,,,,,https://nsearchives.nseindia.com/corporate/ixbrl/IT_21880_20260627_134337109_WEB.html,,,,,,,,,,,,,,
AJANTPHARM,Ajanta Pharma Limited,Regulation 7 (2),,2026-06-29,,,,,,,,,https://nsearchives.nseindia.com/corporate/ixbrl/IT_1894_20260629_162320499_WEB.html,,,,,,,,,,,,,,
AJANTPHARM,Ajanta Pharma Limited,Regulation 7 (2),,2026-06-29,,,,,,,,,https://nsearchives.nseindia.com/corporate/ixbrl/IT_1894_20260629_162320499_WEB.html,,,,,,,,,,,,,,
TCPLPACK,TCPL PACKAGING LIMITED,Regulation 7 (2),,2026-06-27,,,,,,,,,https://nsearchives.nseindia.com/corporate/ixbrl/IT_15535_20260627_123412091_WEB.html,,,,,,,,,,,,,,
TCPLPACK,TCPL PACKAGING LIMITED,Regulation 7 (2),,2026-06-27,,,,,,,,,https://nsearchives.nseindia.com/corporate/ixbrl/IT_15535_20260627_123412091_WEB.html,,,,,,,,,,,,,,
TCPLPACK,TCPL PACKAGING LIMITED,Regulation 7 (2),,2026-06-27,,,,,,,,,https://nsearchives.nseindia.com/corporate/ixbrl/IT_15535_20260627_123412091_WEB.html,,,,,,,,,,,,,,
INDIQUBE,Indiqube Spaces Limited,Regulation 7 (2),,2026-06-27,,,,,,,,,https://nsearchives.nseindia.com/corporate/ixbrl/IT_25080_20260627_183354662_WEB.html,,,,,,,,,,,,,,
GNA,GNA AXLES LIMITED,Regulation 7 (2),,2026-06-27,,,,,,,,,https://nsearchives.nseindia.com/corporate/ixbrl/IT_14236_20260627_122025016_WEB.html,,,,,,,,,,,,,,
OMPOWER,Om Power Transmission Limited,Regulation 7 (2),,2026-06-26,,,,,,,,,https://nsearchives.nseindia.com/corporate/ixbrl/IT_27090_20260627_011004700_WEB.html,,,,,,,,,,,,,,
OMPOWER,Om Power Transmission Limited,Regulation 7 (2),,2026-06-26,,,,,,,,,https://nsearchives.nseindia.com/corporate/ixbrl/IT_27090_20260627_011004700_WEB.html,,,,,,,,,,,,,,
OMPOWER,Om Power Transmission Limited,Regulation 7 (2),,2026-06-26,,,,,,,,,https://nsearchives.nseindia.com/corporate/ixbrl/IT_27090_20260627_011004700_WEB.html,,,,,,,,,,,,,,
MANINFRA,MAN INFRACONSTRUCTION LIMITED,Regulation 7 (2),,2026-06-29,,,,,,,,,https://nsearchives.nseindia.com/corporate/ixbrl/IT_3094_20260629_091847271_WEB.html,,,,,,,,,,,,,,
KPITTECH,KPIT TECHNOLOGIES LIMITED,Regulation 7 (2),,2026-06-26,,,,,,,,,https://nsearchives.nseindia.com/corporate/ixbrl/IT_17417_20260626_194854585_WEB.html,,,,,,,,,,,,,,
WABAG,VA TECH WABAG LIMITED,Regulation 7 (2),,2026-06-26,,,,,,,,,https://nsearchives.nseindia.com/corporate/ixbrl/IT_3630_20260626_194812779_WEB.html,,,,,,,,,,,,,,
SALASAR,SALASAR TECHNO ENGINEERING LIMITED,Regulation 7 (2),,2026-06-26,,,,,,,,,https://nsearchives.nseindia.com/corporate/ixbrl/IT_15362_20260626_191233780_WEB.html,,,,,,,,,,,,,,
SALASAR,SALASAR TECHNO ENGINEERING LIMITED,Regulation 7 (2),,2026-06-26,,,,,,,,,https://nsearchives.nseindia.com/corporate/ixbrl/IT_15362_20260626_191233780_WEB.html,,,,,,,,,,,,,,
SALASAR,SALASAR TECHNO ENGINEERING LIMITED,Regulation 7 (2),,2026-06-26,,,,,,,,,https://nsearchives.nseindia.com/corporate/ixbrl/IT_15362_20260626_191233780_WEB.html,,,,,,,,,,,,,,
SALASAR,SALASAR TECHNO ENGINEERING LIMITED,Regulation 7 (2),,2026-06-26,,,,,,,,,https://nsearchives.nseindia.com/corporate/ixbrl/IT_15362_20260626_191233780_WEB.html,,,,,,,,,,,,,,
INDIQUBE,Indiqube Spaces Limited,Regulation 7 (2),,2026-06-26,,,,,,,,,https://nsearchives.nseindia.com/corporate/ixbrl/IT_25080_20260627_011913968_WEB.html,,,,,,,,,,,,,,
ECLERX,eClerx Services Ltd,Regulation 7 (2),,2026-06-25,,,,,,,,,https://nsearchives.nseindia.com/corporate/ixbrl/IT_2698_20260626_191820441_WEB.html,,,,,,,,,,,,,,
ECLERX,eClerx Services Ltd,Regulation 7 (2),,2026-06-25,,,,,,,,,https://nsearchives.nseindia.com/corporate/ixbrl/IT_2698_20260626_191820441_WEB.html,,,,,,,,,,,,,,
ROTO,Roto Pumps Limited,Regulation 7 (2),,2026-06-26,,,,,,,,,https://nsearchives.nseindia.com/corporate/ixbrl/IT_20335_20260626_190313010_WEB.html,,,,,,,,,,,,,,
DIAMONDYD,Prataap Snacks Limited,Regulation 7 (2),,2026-06-26,,,,,,,,,https://nsearchives.nseindia.com/corporate/ixbrl/IT_15510_20260626_183321693_WEB.html,,,,,,,,,,,,,,
DBOL,Dhampur Bio Organics Limited,Regulation 7 (2),,2026-06-26,,,,,,,,,https://nsearchives.nseindia.com/corporate/ixbrl/IT_20812_20260626_191814446_WEB.html,,,,,,,,,,,,,,
GNA,GNA AXLES LIMITED,Regulation 7 (2),,2026-06-27,,,,,,,,,https://nsearchives.nseindia.com/corporate/ixbrl/IT_14236_20260627_105134497_WEB.html,,,,,,,,,,,,,,
INDOSTAR,INDOSTAR CAPITAL FINANCE LIMITED,Regulation 7 (2),,2026-06-26,,,,,,,,,https://nsearchives.nseindia.com/corporate/ixbrl/IT_16166_20260626_180552746_WEB.html,,,,,,,,,,,,,,
SPLIL,SPL Industries Limited,Regulation 7 (2),,2026-06-26,,,,,,,,,https://nsearchives.nseindia.com/corporate/ixbrl/IT_2309_20260626_175424589_WEB.html,,,,,,,,,,,,,,
SPLIL,SPL Industries Limited,Regulation 7 (2),,2026-06-26,,,,,,,,,https://nsearchives.nseindia.com/corporate/ixbrl/IT_2309_20260626_175424589_WEB.html,,,,,,,,,,,,,,
SPLIL,SPL Industries Limited,Regulation 7 (2),,2026-06-26,,,,,,,,,https://nsearchives.nseindia.com/corporate/ixbrl/IT_2309_20260626_175424589_WEB.html,,,,,,,,,,,,,,
SPLIL,SPL Industries Limited,Regulation 7 (2),,2026-06-26,,,,,,,,,https://nsearchives.nseindia.com/corporate/ixbrl/IT_2309_20260626_175846319_WEB.html,,,,,,,,,,,,,,
SPLIL,SPL Industries Limited,Regulation 7 (2),,2026-06-26,,,,,,,,,https://nsearchives.nseindia.com/corporate/ixbrl/IT_2309_20260626_175846319_WEB.html,,,,,,,,,,,,,,
SPLIL,SPL Industries Limited,Regulation 7 (2),,2026-06-26,,,,,,,,,https://nsearchives.nseindia.com/corporate/ixbrl/IT_2309_20260626_175846319_WEB.html,,,,,,,,,,,,,,
SPLIL,SPL Industries Limited,Regulation 7 (2),,2026-06-26,,,,,,,,,https://nsearchives.nseindia.com/corporate/ixbrl/IT_2309_20260626_175803336_WEB.html,,,,,,,,,,,,,,
SPLIL,SPL Industries Limited,Regulation 7 (2),,2026-06-26,,,,,,,,,https://nsearchives.nseindia.com/corporate/ixbrl/IT_2309_20260626_175803336_WEB.html,,,,,,,,,,,,,,
SPLIL,SPL Industries Limited,Regulation 7 (2),,2026-06-26,,,,,,,,,https://nsearchives.nseindia.com/corporate/ixbrl/IT_2309_20260626_175803336_WEB.html,,,,,,,,,,,,,,
FSL,Firstsource Solutions Limited,Regulation 7 (2),,2026-06-26,,,,,,,,,https://nsearchives.nseindia.com/corporate/ixbrl/IT_2535_20260626_183918546_WEB.html,,,,,,,,,,,,,,
FSL,Firstsource Solutions Limited,Regulation 7 (2),,2026-06-26,,,,,,,,,https://nsearchives.nseindia.com/corporate/ixbrl/IT_2535_20260626_183918546_WEB.html,,,,,,,,,,,,,,
FSL,Firstsource Solutions Limited,Regulation 7 (2),,2026-06-26,,,,,,,,,https://nsearchives.nseindia.com/corporate/ixbrl/IT_2535_20260626_183918546_WEB.html,,,,,,,,,,,,,,
HUBTOWN,HUBTOWN LIMITED,Regulation 7 (2),,2026-06-26,,,,,,,,,https://nsearchives.nseindia.com/corporate/ixbrl/IT_2521_20260626_174203959_WEB.html,,,,,,,,,,,,,,
DBOL,Dhampur Bio Organics Limited,Regulation 7 (2),,2026-06-26,,,,,,,,,https://nsearchives.nseindia.com/corporate/ixbrl/IT_20812_20260626_185746499_WEB.html,,,,,,,,,,,,,,
PLASTIBLEN,PLASTIBLENDS INDIA LIMITED,Regulation 7 (2),,2026-06-26,,,,,,,,,https://nsearchives.nseindia.com/corporate/ixbrl/IT_2485_20260626_173551100_WEB.html,,,,,,,,,,,,,,
PLASTIBLEN,PLASTIBLENDS INDIA LIMITED,Regulation 7 (2),,2026-06-26,,,,,,,,,https://nsearchives.nseindia.com/corporate/ixbrl/IT_2485_20260626_173551100_WEB.html,,,,,,,,,,,,,,
PLASTIBLEN,PLASTIBLENDS INDIA LIMITED,Regulation 7 (2),,2026-06-26,,,,,,,,,https://nsearchives.nseindia.com/corporate/ixbrl/IT_2485_20260626_173551100_WEB.html,,,,,,,,,,,,,,
LYKALABS,Lyka Labs Limited,Regulation 7 (2),,2026-06-26,,,,,,,,,https://nsearchives.nseindia.com/corporate/ixbrl/IT_1127_20260626_173630829_WEB.html,,,,,,,,,,,,,,
LYKALABS,Lyka Labs Limited,Regulation 7 (2),,2026-06-26,,,,,,,,,https://nsearchives.nseindia.com/corporate/ixbrl/IT_1127_20260626_173630829_WEB.html,,,,,,,,,,,,,,
LYKALABS,Lyka Labs Limited,Regulation 7 (2),,2026-06-26,,,,,,,,,https://nsearchives.nseindia.com/corporate/ixbrl/IT_1127_20260626_173630829_WEB.html,,,,,,,,,,,,,,
LYKALABS,Lyka Labs Limited,Regulation 7 (2),,2026-06-26,,,,,,,,,https://nsearchives.nseindia.com/corporate/ixbrl/IT_1127_20260626_173630829_WEB.html,,,,,,,,,,,,,,
XPROINDIA,XPRO INDIA LIMITED,Regulation 7 (2),,2026-06-26,,,,,,,,,https://nsearchives.nseindia.com/corporate/ixbrl/IT_2185_20260626_173518835_WEB.html,,,,,,,,,,,,,,
KABRAEXTRU,KABRA EXTRUSION TECHNIK LIMITED,Regulation 7 (2),,2026-06-26,,,,,,,,,https://nsearchives.nseindia.com/corporate/ixbrl/IT_690_20260626_173919813_WEB.html,,,,,,,,,,,,,,
KABRAEXTRU,KABRA EXTRUSION TECHNIK LIMITED,Regulation 7 (2),,2026-06-26,,,,,,,,,https://nsearchives.nseindia.com/corporate/ixbrl/IT_690_20260626_173919813_WEB.html,,,,,,,,,,,,,,
KABRAEXTRU,KABRA EXTRUSION TECHNIK LIMITED,Regulation 7 (2),,2026-06-26,,,,,,,,,https://nsearchives.nseindia.com/corporate/ixbrl/IT_690_20260626_173919813_WEB.html,,,,,,,,,,,,,,
INDOSTAR,INDOSTAR CAPITAL FINANCE LIMITED,Regulation 7 (2),,2026-06-26,,,,,,,,,https://nsearchives.nseindia.com/corporate/ixbrl/IT_16166_20260626_173900785_WEB.html,,,,,,,,,,,,,,
LYKALABS,Lyka Labs Limited,Regulation 7 (2),,2026-06-26,,,,,,,,,https://nsearchives.nseindia.com/corporate/ixbrl/IT_1127_20260626_172342073_WEB.html,,,,,,,,,,,,,,
LYKALABS,Lyka Labs Limited,Regulation 7 (2),,2026-06-26,,,,,,,,,https://nsearchives.nseindia.com/corporate/ixbrl/IT_1127_20260626_172342073_WEB.html,,,,,,,,,,,,,,
LYKALABS,Lyka Labs Limited,Regulation 7 (2),,2026-06-26,,,,,,,,,https://nsearchives.nseindia.com/corporate/ixbrl/IT_1127_20260626_172342073_WEB.html,,,,,,,,,,,,,,
LYKALABS,Lyka Labs Limited,Regulation 7 (2),,2026-06-26,,,,,,,,,https://nsearchives.nseindia.com/corporate/ixbrl/IT_1127_20260626_172342073_WEB.html,,,,,,,,,,,,,,
CINELINE,CINELINE INDIA LIMITED,Regulation 7 (2),,2026-06-26,,,,,,,,,https://nsearchives.nseindia.com/corporate/ixbrl/IT_5974_20260626_165654329_WEB.html,,,,,,,,,,,,,,
LYKALABS,Lyka Labs Limited,Regulation 7 (2),,2026-06-26,,,,,,,,,https://nsearchives.nseindia.com/corporate/ixbrl/IT_1127_20260626_172116631_WEB.html,,,,,,,,,,,,,,
LYKALABS,Lyka Labs Limited,Regulation 7 (2),,2026-06-26,,,,,,,,,https://nsearchives.nseindia.com/corporate/ixbrl/IT_1127_20260626_172116631_WEB.html,,,,,,,,,,,,,,
LYKALABS,Lyka Labs Limited,Regulation 7 (2),,2026-06-26,,,,,,,,,https://nsearchives.nseindia.com/corporate/ixbrl/IT_1127_20260626_172116631_WEB.html,,,,,,,,,,,,,,
LYKALABS,Lyka Labs Limited,Regulation 7 (2),,2026-06-26,,,,,,,,,https://nsearchives.nseindia.com/corporate/ixbrl/IT_1127_20260626_172116631_WEB.html,,,,,,,,,,,,,,
LALPATHLAB,DR. LAL PATHLABS LIMITED,Regulation 7 (2),,2026-06-26,,,,,,,,,https://nsearchives.nseindia.com/corporate/ixbrl/IT_13310_20260626_164824847_WEB.html,,,,,,,,,,,,,,
HUBTOWN,HUBTOWN LIMITED,Regulation 7 (2),,2026-06-26,,,,,,,,,https://nsearchives.nseindia.com/corporate/ixbrl/IT_2521_20260626_172250915_WEB.html,,,,,,,,,,,,,,
CINELINE,CINELINE INDIA LIMITED,Regulation 7 (2),,2026-06-26,,,,,,,,,https://nsearchives.nseindia.com/corporate/ixbrl/IT_5974_20260626_164047941_WEB.html,,,,,,,,,,,,,,
CINELINE,CINELINE INDIA LIMITED,Regulation 7 (2),,2026-06-26,,,,,,,,,https://nsearchives.nseindia.com/corporate/ixbrl/IT_5974_20260626_164236477_WEB.html,,,,,,,,,,,,,,
CINELINE,CINELINE INDIA LIMITED,Regulation 7 (2),,2026-06-26,,,,,,,,,https://nsearchives.nseindia.com/corporate/ixbrl/IT_5974_20260626_164148743_WEB.html,,,,,,,,,,,,,,
NRBBEARING,NRB BEARING LIMITED,Regulation 7 (2),,2026-06-26,,,,,,,,,https://nsearchives.nseindia.com/corporate/ixbrl/IT_1867_20260626_163950579_WEB.html,,,,,,,,,,,,,,
NRBBEARING,NRB BEARING LIMITED,Regulation 7 (2),,2026-06-26,,,,,,,,,https://nsearchives.nseindia.com/corporate/ixbrl/IT_1867_20260626_163950579_WEB.html,,,,,,,,,,,,,,
CINELINE,CINELINE INDIA LIMITED,Regulation 7 (2),,2026-06-26,,,,,,,,,https://nsearchives.nseindia.com/corporate/ixbrl/IT_5974_20260626_164324549_WEB.html,,,,,,,,,,,,,,
JINDALSTEL,JINDAL STEEL LIMITED,Regulation 7 (2),,2026-06-26,,,,,,,,,https://nsearchives.nseindia.com/corporate/ixbrl/IT_1816_20260626_162330688_WEB.html,,,,,,,,,,,,,,
NRBBEARING,NRB BEARING LIMITED,Regulation 7 (2),,2026-06-26,,,,,,,,,https://nsearchives.nseindia.com/corporate/ixbrl/IT_1867_20260626_163226711_WEB.html,,,,,,,,,,,,,,
NRBBEARING,NRB BEARING LIMITED,Regulation 7 (2),,2026-06-26,,,,,,,,,https://nsearchives.nseindia.com/corporate/ixbrl/IT_1867_20260626_163226711_WEB.html,,,,,,,,,,,,,,
JINDALSTEL,JINDAL STEEL LIMITED,Regulation 7 (2),,2026-06-26,,,,,,,,,https://nsearchives.nseindia.com/corporate/ixbrl/IT_1816_20260626_162617907_WEB.html,,,,,,,,,,,,,,
TIGERLOGS,Tiger Logistics (India) Limited,Regulation 7 (2),,2026-06-26,,,,,,,,,https://nsearchives.nseindia.com/corporate/ixbrl/IT_26474_20260626_163307897_WEB.html,,,,,,,,,,,,,,
COFFEEDAY,Coffee Day Enterprises Limited,Regulation 7 (2),,2026-06-26,,,,,,,,,https://nsearchives.nseindia.com/corporate/ixbrl/IT_13209_20260626_155914610_WEB.html,,,,,,,,,,,,,,
NCC,NCC LIMITED,Regulation 7 (2),,2026-06-26,,,,,,,,,https://nsearchives.nseindia.com/corporate/ixbrl/IT_917_20260626_163847816_WEB.html,,,,,,,,,,,,,,
NRL,NUPUR RECYCLERS LIMITED,Regulation 7 (2),,2026-06-26,,,,,,,,,https://nsearchives.nseindia.com/corporate/ixbrl/IT_20108_20260626_155701561_WEB.html,,,,,,,,,,,,,,
COFFEEDAY,Coffee Day Enterprises Limited,Regulation 7 (2),,2026-06-26,,,,,,,,,https://nsearchives.nseindia.com/corporate/ixbrl/IT_13209_20260626_160132604_WEB.html,,,,,,,,,,,,,,
NCLIND,NCL INDUSTRIES LIMITED,Regulation 7 (2),,2026-06-26,,,,,,,,,https://nsearchives.nseindia.com/corporate/ixbrl/IT_2568_20260626_152553487_WEB.html,,,,,,,,,,,,,,
NCLIND,NCL INDUSTRIES LIMITED,Regulation 7 (2),,2026-06-26,,,,,,,,,https://nsearchives.nseindia.com/corporate/ixbrl/IT_2568_20260626_152553487_WEB.html,,,,,,,,,,,,,,
NCLIND,NCL INDUSTRIES LIMITED,Regulation 7 (2),,2026-06-26,,,,,,,,,https://nsearchives.nseindia.com/corporate/ixbrl/IT_2568_20260626_152553487_WEB.html,,,,,,,,,,,,,,
ALICON,ALICON CASTALLOY LIMITED,Regulation 7 (2),,2026-06-26,,,,,,,,,https://nsearchives.nseindia.com/corporate/ixbrl/IT_2440_20260626_152826421_WEB.html,,,,,,,,,,,,,,
NAUKRI,Info Edge (India) Limited,Regulation 7 (2),,2026-06-26,,,,,,,,,https://nsearchives.nseindia.com/corporate/ixbrl/IT_2460_20260626_152512964_WEB.html,,,,,,,,,,,,,,
NAUKRI,Info Edge (India) Limited,Regulation 7 (2),,2026-06-26,,,,,,,,,https://nsearchives.nseindia.com/corporate/ixbrl/IT_2460_20260626_152512964_WEB.html,,,,,,,,,,,,,,
ALICON,ALICON CASTALLOY LIMITED,Regulation 7 (2),,2026-06-26,,,,,,,,,https://nsearchives.nseindia.com/corporate/ixbrl/IT_2440_20260626_152719147_WEB.html,,,,,,,,,,,,,,
SANGAMIND,SANGAM (INDIA) LIMITED,Regulation 7 (2),,2026-06-26,,,,,,,,,https://nsearchives.nseindia.com/corporate/ixbrl/IT_1381_20260626_155012597_WEB.html,,,,,,,,,,,,,,
SANGAMIND,SANGAM (INDIA) LIMITED,Regulation 7 (2),,2026-06-26,,,,,,,,,https://nsearchives.nseindia.com/corporate/ixbrl/IT_1381_20260626_155012597_WEB.html,,,,,,,,,,,,,,
MANAKCOAT,MANAKSIA COATED METALS AND INDUSTRIES LIMITED,Regulation 7 (2),,2026-06-26,,,,,,,,,https://nsearchives.nseindia.com/corporate/ixbrl/IT_11754_20260626_144442477_WEB.html,,,,,,,,,,,,,,
MANAKCOAT,MANAKSIA COATED METALS AND INDUSTRIES LIMITED,Regulation 7 (2),,2026-06-26,,,,,,,,,https://nsearchives.nseindia.com/corporate/ixbrl/IT_11754_20260626_144442477_WEB.html,,,,,,,,,,,,,,
SESHAPAPER,SESHASAYEE PAPER AND BOARDS LIMITED,Regulation 7 (2),,2026-06-25,,,,,,,,,https://nsearchives.nseindia.com/corporate/ixbrl/IT_118_20260626_143107377_WEB.html,,,,,,,,,,,,,,
GANESHCP,GANESH CONSUMER PRODUCTS LIMITED,Regulation 7 (2),,2026-06-26,,,,,,,,,https://nsearchives.nseindia.com/corporate/ixbrl/IT_25074_20260626_120611461_WEB.html,,,,,,,,,,,,,,
SESHAPAPER,SESHASAYEE PAPER AND BOARDS LIMITED,Regulation 7 (2),,2026-06-25,,,,,,,,,https://nsearchives.nseindia.com/corporate/ixbrl/IT_118_20260626_142720058_WEB.html,,,,,,,,,,,,,,
DIAMONDYD,Prataap Snacks Limited,Regulation 7 (2),,2026-06-26,,,,,,,,,https://nsearchives.nseindia.com/corporate/ixbrl/IT_15510_20260626_144807161_WEB.html,,,,,,,,,,,,,,
GPIL,Godawari Power And Ispat Limited,Regulation 7 (2),,2026-06-26,,,,,,,,,https://nsearchives.nseindia.com/corporate/ixbrl/IT_2397_20260626_131436869_WEB.html,,,,,,,,,,,,,,
SWANCORP,Swan Corp Limited,Regulation 7 (2),,2026-06-25,,,,,,,,,https://nsearchives.nseindia.com/corporate/ixbrl/IT_5939_20260626_114919418_WEB.html,,,,,,,,,,,,,,
STARCEMENT,STAR CEMENT LIMITED,Regulation 7 (2),,2026-06-26,,,,,,,,,https://nsearchives.nseindia.com/corporate/ixbrl/IT_15239_20260626_115342591_WEB.html,,,,,,,,,,,,,,
STARCEMENT,STAR CEMENT LIMITED,Regulation 7 (2),,2026-06-26,,,,,,,,,https://nsearchives.nseindia.com/corporate/ixbrl/IT_15239_20260626_115342591_WEB.html,,,,,,,,,,,,,,
KCP,KCP LIMITED,Regulation 7 (2),,2026-06-26,,,,,,,,,https://nsearchives.nseindia.com/corporate/ixbrl/IT_176_20260626_103352356_WEB.html,,,,,,,,,,,,,,
KCP,KCP LIMITED,Regulation 7 (2),,2026-06-26,,,,,,,,,https://nsearchives.nseindia.com/corporate/ixbrl/IT_176_20260626_103352356_WEB.html,,,,,,,,,,,,,,
XPROINDIA,XPRO INDIA LIMITED,Regulation 7 (2),,2026-06-26,,,,,,,,,https://nsearchives.nseindia.com/corporate/ixbrl/IT_2185_20260626_130842293_WEB.html,,,,,,,,,,,,,,
SASKEN,Sasken Technologies Limited,Regulation 7 (2),,2026-06-25,,,,,,,,,https://nsearchives.nseindia.com/corporate/ixbrl/IT_2320_20260625_205630356_WEB.html,,,,,,,,,,,,,,
STEL,STEL HOLDINGS LIMITED,Regulation 7 (2),,2026-06-26,,,,,,,,,https://nsearchives.nseindia.com/corporate/ixbrl/IT_4020_20260626_103402978_WEB.html,,,,,,,,,,,,,,
DPSCLTD,DPSC LIMITED,Regulation 7 (2),,2026-06-26,,,,,,,,,https://nsearchives.nseindia.com/corporate/ixbrl/IT_2743_20260626_104028486_WEB.html,,,,,,,,,,,,,,
STEL,INE577L01016,Regulation 7 (2),,2026-06-26,,,,,,,,,https://nsearchives.nseindia.com/corporate/ixbrl/IT_4020_20260626_103357905_WEB.html,,,,,,,,,,,,,,
WCIL,WESTERN CARRIERS (INDIA) LIMITED,Regulation 7 (2),,2026-06-25,,,,,,,,,https://nsearchives.nseindia.com/corporate/ixbrl/IT_22116_20260625_204706001_WEB.html,,,,,,,,,,,,,,
LINC,LINC LIMITED,Regulation 7 (2),,2026-06-25,,,,,,,,,https://nsearchives.nseindia.com/corporate/ixbrl/IT_11602_20260625_184944505_WEB.html,,,,,,,,,,,,,,
LINC,LINC LIMITED,Regulation 7 (2),,2026-06-25,,,,,,,,,https://nsearchives.nseindia.com/corporate/ixbrl/IT_11602_20260625_184944505_WEB.html,,,,,,,,,,,,,,
LINC,LINC LIMITED,Regulation 7 (2),,2026-06-25,,,,,,,,,https://nsearchives.nseindia.com/corporate/ixbrl/IT_11602_20260625_184944505_WEB.html,,,,,,,,,,,,,,
LINC,LINC LIMITED,Regulation 7 (2),,2026-06-25,,,,,,,,,https://nsearchives.nseindia.com/corporate/ixbrl/IT_11602_20260625_184944505_WEB.html,,,,,,,,,,,,,,
LINC,LINC LIMITED,Regulation 7 (2),,2026-06-25,,,,,,,,,https://nsearchives.nseindia.com/corporate/ixbrl/IT_11602_20260625_184944505_WEB.html,,,,,,,,,,,,,,
LINC,LINC LIMITED,Regulation 7 (2),,2026-06-25,,,,,,,,,https://nsearchives.nseindia.com/corporate/ixbrl/IT_11602_20260625_184944505_WEB.html,,,,,,,,,,,,,,
LINC,LINC LIMITED,Regulation 7 (2),,2026-06-25,,,,,,,,,https://nsearchives.nseindia.com/corporate/ixbrl/IT_11602_20260625_184944505_WEB.html,,,,,,,,,,,,,,
LINC,LINC LIMITED,Regulation 7 (2),,2026-06-25,,,,,,,,,https://nsearchives.nseindia.com/corporate/ixbrl/IT_11602_20260625_184944505_WEB.html,,,,,,,,,,,,,,
LINC,LINC LIMITED,Regulation 7 (2),,2026-06-25,,,,,,,,,https://nsearchives.nseindia.com/corporate/ixbrl/IT_11602_20260625_184944505_WEB.html,,,,,,,,,,,,,,
SILVERTUC,SILVER TOUCH TECHNOLOGIES LIMITED,Regulation 7 (2),,2026-06-25,,,,,,,,,https://nsearchives.nseindia.com/corporate/ixbrl/IT_15598_20260625_185106242_WEB.html,,,,,,,,,,,,,,
CAMPUS,CAMPUS ACTIVEWEAR LIMITED,Regulation 7 (2),,2026-06-25,,,,,,,,,https://nsearchives.nseindia.com/corporate/ixbrl/IT_20295_20260625_205529227_WEB.html,,,,,,,,,,,,,,
CAMPUS,CAMPUS ACTIVEWEAR LIMITED,Regulation 7 (2),,2026-06-25,,,,,,,,,https://nsearchives.nseindia.com/corporate/ixbrl/IT_20295_20260625_205529227_WEB.html,,,,,,,,,,,,,,
CAMPUS,CAMPUS ACTIVEWEAR LIMITED,Regulation 7 (2),,2026-06-25,,,,,,,,,https://nsearchives.nseindia.com/corporate/ixbrl/IT_20295_20260625_205529227_WEB.html,,,,,,,,,,,,,,
SESHAPAPER,SESHASAYEE PAPER AND BOARDS LIMITED,Regulation 7 (2),,2026-06-25,,,,,,,,,https://nsearchives.nseindia.com/corporate/ixbrl/IT_118_20260625_184912267_WEB.html,,,,,,,,,,,,,,
PNGSREVA,PNGS Reva Diamond Jewellery Limited,Regulation 7 (2),,2026-06-25,,,,,,,,,https://nsearchives.nseindia.com/corporate/ixbrl/IT_26347_20260625_204409718_WEB.html,,,,,,,,,,,,,,
TATACONSUM,Tata Consumer Products Limited,Regulation 7 (2),,2026-06-25,,,,,,,,,https://nsearchives.nseindia.com/corporate/ixbrl/IT_1098_20260625_184809174_WEB.html,,,,,,,,,,,,,,
UMAEXPORTS,Uma Exports Limited,Regulation 7 (2),,2026-06-24,,,,,,,,,https://nsearchives.nseindia.com/corporate/ixbrl/IT_20022_20260625_184727271_WEB.html,,,,,,,,,,,,,,
WESTLIFE,WESTLIFE FOODWORLD LIMITED,Regulation 7 (3),,2026-06-25,,,,,,,,,https://nsearchives.nseindia.com/corporate/ixbrl/IT_17571_20260625_184828497_WEB.html,,,,,,,,,,,,,,
TINNARUBR,TINNA RUBBER AND INFRASTRUCTURE LIMITED,Regulation 7 (2),,2026-06-25,,,,,,,,,https://nsearchives.nseindia.com/corporate/ixbrl/IT_25068_20260625_184416520_WEB.html,,,,,,,,,,,,,,
TINNARUBR,TINNA RUBBER AND INFRASTRUCTURE LIMITED,Regulation 7 (2),,2026-06-25,,,,,,,,,https://nsearchives.nseindia.com/corporate/ixbrl/IT_25068_20260625_184416520_WEB.html,,,,,,,,,,,,,,
CCAVENUE,AvenuesAI Limited,Regulation 7 (2),,2026-06-25,,,,,,,,,https://nsearchives.nseindia.com/corporate/ixbrl/IT_13663_20260625_184532389_WEB.html,,,,,,,,,,,,,,
CCAVENUE,AvenuesAI Limited,Regulation 7 (2),,2026-06-25,,,,,,,,,https://nsearchives.nseindia.com/corporate/ixbrl/IT_13663_20260625_184532389_WEB.html,,,,,,,,,,,,,,
PAISALO,PAISALO DIGITAL LIMITED,Regulation 7 (2),,2026-06-25,,,,,,,,,https://nsearchives.nseindia.com/corporate/ixbrl/IT_5294_20260625_185148694_WEB.html,,,,,,,,,,,,,,
AXISCADES,AXISCADES Technologies Limited,Regulation 7 (2),,2026-06-25,,,,,,,,,https://nsearchives.nseindia.com/corporate/ixbrl/IT_1939_20260625_184449750_WEB.html,,,,,,,,,,,,,,
SILVERTUC,SILVER TOUCH TECHNOLOGIES LIMITED,Regulation 7 (2),,2026-06-25,,,,,,,,,https://nsearchives.nseindia.com/corporate/ixbrl/IT_15598_20260625_182405418_WEB.html,,,,,,,,,,,,,,
CENTUM,CENTUM ELECTRONICS LIMITED,Regulation 7 (2),,2026-06-25,,,,,,,,,https://nsearchives.nseindia.com/corporate/ixbrl/IT_2659_20260625_184325372_WEB.html,,,,,,,,,,,,,,
SESHAPAPER,SESHASAYEE PAPER AND BOARDS LIMITED,Regulation 7 (2),,2026-06-25,,,,,,,,,https://nsearchives.nseindia.com/corporate/ixbrl/IT_118_20260625_184330441_WEB.html,,,,,,,,,,,,,,
NINSYS,Nintec Systems Limited,Regulation 7 (2),,2026-06-25,,,,,,,,,https://nsearchives.nseindia.com/corporate/ixbrl/IT_21310_20260625_183516410_WEB.html,,,,,,,,,,,,,,
NINSYS,Nintec Systems Limited,Regulation 7 (2),,2026-06-25,,,,,,,,,https://nsearchives.nseindia.com/corporate/ixbrl/IT_21310_20260625_183516410_WEB.html,,,,,,,,,,,,,,
UMAEXPORTS,Uma Exports Limited,Regulation 7 (2),,2026-06-24,,,,,,,,,https://nsearchives.nseindia.com/corporate/ixbrl/IT_20022_20260625_180217714_WEB.html,,,,,,,,,,,,,,
ARIS,ARISINFRA SOLUTIONS LIMITED,Regulation 7 (2),,2026-06-25,,,,,,,,,https://nsearchives.nseindia.com/corporate/ixbrl/IT_24258_20260625_180345060_WEB.html,,,,,,,,,,,,,,
ARIS,ARISINFRA SOLUTIONS LIMITED,Regulation 7 (2),,2026-06-25,,,,,,,,,https://nsearchives.nseindia.com/corporate/ixbrl/IT_24258_20260625_180345060_WEB.html,,,,,,,,,,,,,,
ARIS,ARISINFRA SOLUTIONS LIMITED,Regulation 7 (2),,2026-06-25,,,,,,,,,https://nsearchives.nseindia.com/corporate/ixbrl/IT_24258_20260625_180345060_WEB.html,,,,,,,,,,,,,,
SANGINITA,SANGINITA CHEMICALS LIMITED,Regulation 7 (2),,2026-06-25,,,,,,,,,https://nsearchives.nseindia.com/corporate/ixbrl/IT_14640_20260625_182517439_WEB.html,,,,,,,,,,,,,,
HGS,HINDUJA GLOBAL SOLUTIONS LIMITED,Regulation 7 (2),,2026-06-25,,,,,,,,,https://nsearchives.nseindia.com/corporate/ixbrl/IT_2614_20260625_180112716_WEB.html,,,,,,,,,,,,,,
DOLLAR,DOLLAR INDUSTRIES LIMITED,Regulation 7 (2),,2026-06-25,,,,,,,,,https://nsearchives.nseindia.com/corporate/ixbrl/IT_14920_20260625_175915415_WEB.html,,,,,,,,,,,,,,
QUESS,Quess Corp Limited,Regulation 7 (2),,2026-06-25,,,,,,,,,https://nsearchives.nseindia.com/corporate/ixbrl/IT_14019_20260625_180041237_WEB.html,,,,,,,,,,,,,,
QUESS,Quess Corp Limited,Regulation 7 (2),,2026-06-25,,,,,,,,,https://nsearchives.nseindia.com/corporate/ixbrl/IT_14019_20260625_180041237_WEB.html,,,,,,,,,,,,,,
MOTOGENFIN,THE MOTOR & GENERAL FINANCE LIMITED,Regulation 7 (2),,2026-06-25,,,,,,,,,https://nsearchives.nseindia.com/corporate/ixbrl/IT_279_20260625_175018102_WEB.html,,,,,,,,,,,,,,
TATACONSUM,Tata Consumer Products Limited,Regulation 7 (2),,2026-06-25,,,,,,,,,https://nsearchives.nseindia.com/corporate/ixbrl/IT_1098_20260625_175025681_WEB.html,,,,,,,,,,,,,,
VASCONEQ,VASCON ENGINEERS LIMITED,Regulation 7 (2),,2026-06-25,,,,,,,,,https://nsearchives.nseindia.com/corporate/ixbrl/IT_3064_20260625_175636820_WEB.html,,,,,,,,,,,,,,
MAGNUM,MAGNUM VENTURES LIMITED,Regulation 7 (2),,2026-06-25,,,,,,,,,https://nsearchives.nseindia.com/corporate/ixbrl/IT_2655_20260625_174710891_WEB.html,,,,,,,,,,,,,,
SESHAPAPER,SESHASAYEE PAPER AND BOARDS LIMITED,Regulation 7 (2),,2026-06-25,,,,,,,,,https://nsearchives.nseindia.com/corporate/ixbrl/IT_118_20260625_180046529_WEB.html,,,,,,,,,,,,,,
TIGERLOGS,Tiger Logistics (India) Limited,Regulation 7 (2),,2026-06-25,,,,,,,,,https://nsearchives.nseindia.com/corporate/ixbrl/IT_26474_20260625_175439702_WEB.html,,,,,,,,,,,,,,
NIITLTD,NIIT Limited,Regulation 7 (2),,2026-06-25,,,,,,,,,https://nsearchives.nseindia.com/corporate/ixbrl/IT_2209_20260625_174643724_WEB.html,,,,,,,,,,,,,,
PARSVNATH,PARSVNATH DEVELOPERS LIMITED,Regulation 7 (2),,2026-06-25,,,,,,,,,https://nsearchives.nseindia.com/corporate/ixbrl/IT_2467_20260625_174638479_WEB.html,,,,,,,,,,,,,,
AARTIPHARM,Aarti Pharmalabs Ltd,Regulation 7 (2),,2026-06-25,,,,,,,,,https://nsearchives.nseindia.com/corporate/ixbrl/IT_21272_20260625_174519156_WEB.html,,,,,,,,,,,,,,
AARTIPHARM,Aarti Pharmalabs Ltd,Regulation 7 (2),,2026-06-25,,,,,,,,,https://nsearchives.nseindia.com/corporate/ixbrl/IT_21272_20260625_174519156_WEB.html,,,,,,,,,,,,,,
PNGSREVA,PNGS REVA DIAMOND JEWELLERY LIMITED,Regulation 7 (2),,2026-06-25,,,,,,,,,https://nsearchives.nseindia.com/corporate/ixbrl/IT_26347_20260625_174458869_WEB.html,,,,,,,,,,,,,,
MOTOGENFIN,THE MOTOR & GENERAL FINANCE LIMITED,Regulation 7 (2),,2026-06-25,,,,,,,,,https://nsearchives.nseindia.com/corporate/ixbrl/IT_279_20260625_172157616_WEB.html,,,,,,,,,,,,,,
SUPERSPIN,SUPER SPINNING MILLS LIMITED,Regulation 7 (2),,2026-06-25,,,,,,,,,https://nsearchives.nseindia.com/corporate/ixbrl/IT_122_20260625_170646140_WEB.html,,,,,,,,,,,,,,
SUPERSPIN,SUPER SPINNING MILLS LIMITED,Regulation 7 (2),,2026-06-25,,,,,,,,,https://nsearchives.nseindia.com/corporate/ixbrl/IT_122_20260625_170646140_WEB.html,,,,,,,,,,,,,,
RUCHIRA,RUCHIRA PAPERS LIMITED,Regulation 7 (2),,2026-06-25,,,,,,,,,https://nsearchives.nseindia.com/corporate/ixbrl/IT_2475_20260625_174413223_WEB.html,,,,,,,,,,,,,,
RUCHIRA,RUCHIRA PAPERS LIMITED,Regulation 7 (2),,2026-06-25,,,,,,,,,https://nsearchives.nseindia.com/corporate/ixbrl/IT_2475_20260625_174413223_WEB.html,,,,,,,,,,,,,,
RUCHIRA,RUCHIRA PAPERS LIMITED,Regulation 7 (2),,2026-06-25,,,,,,,,,https://nsearchives.nseindia.com/corporate/ixbrl/IT_2475_20260625_174413223_WEB.html,,,,,,,,,,,,,,
RUCHIRA,RUCHIRA PAPERS LIMITED,Regulation 7 (2),,2026-06-25,,,,,,,,,https://nsearchives.nseindia.com/corporate/ixbrl/IT_2475_20260625_174413223_WEB.html,,,,,,,,,,,,,,
RUCHIRA,RUCHIRA PAPERS LIMITED,Regulation 7 (2),,2026-06-25,,,,,,,,,https://nsearchives.nseindia.com/corporate/ixbrl/IT_2475_20260625_174413223_WEB.html,,,,,,,,,,,,,,
RUCHIRA,RUCHIRA PAPERS LIMITED,Regulation 7 (2),,2026-06-25,,,,,,,,,https://nsearchives.nseindia.com/corporate/ixbrl/IT_2475_20260625_174413223_WEB.html,,,,,,,,,,,,,,
MSPL,MSP STEEL & POWER LIMITED,Regulation 7 (2),,2026-06-25,,,,,,,,,https://nsearchives.nseindia.com/corporate/ixbrl/IT_2306_20260625_170531913_WEB.html,,,,,,,,,,,,,,
MSPL,MSP STEEL & POWER LIMITED,Regulation 7 (2),,2026-06-25,,,,,,,,,https://nsearchives.nseindia.com/corporate/ixbrl/IT_2306_20260625_170531913_WEB.html,,,,,,,,,,,,,,
MSPL,MSP STEEL & POWER LIMITED,Regulation 7 (2),,2026-06-25,,,,,,,,,https://nsearchives.nseindia.com/corporate/ixbrl/IT_2306_20260625_170531913_WEB.html,,,,,,,,,,,,,,
JSWSTEEL,JSW STEEL LIMITED,Regulation 7 (2),,2026-06-25,,,,,,,,,https://nsearchives.nseindia.com/corporate/ixbrl/IT_2266_20260625_174238632_WEB.html,,,,,,,,,,,,,,
JSWSTEEL,JSW STEEL LIMITED,Regulation 7 (2),,2026-06-25,,,,,,,,,https://nsearchives.nseindia.com/corporate/ixbrl/IT_2266_20260625_174238632_WEB.html,,,,,,,,,,,,,,
JSWSTEEL,JSW STEEL LIMITED,Regulation 7 (2),,2026-06-25,,,,,,,,,https://nsearchives.nseindia.com/corporate/ixbrl/IT_2266_20260625_174238632_WEB.html,,,,,,,,,,,,,,
JSWSTEEL,JSW STEEL LIMITED,Regulation 7 (2),,2026-06-25,,,,,,,,,https://nsearchives.nseindia.com/corporate/ixbrl/IT_2266_20260625_174238632_WEB.html,,,,,,,,,,,,,,
JSWSTEEL,JSW STEEL LIMITED,Regulation 7 (2),,2026-06-25,,,,,,,,,https://nsearchives.nseindia.com/corporate/ixbrl/IT_2266_20260625_174238632_WEB.html,,,,,,,,,,,,,,
JSWSTEEL,JSW STEEL LIMITED,Regulation 7 (2),,2026-06-25,,,,,,,,,https://nsearchives.nseindia.com/corporate/ixbrl/IT_2266_20260625_174238632_WEB.html,,,,,,,,,,,,,,
JSWSTEEL,JSW STEEL LIMITED,Regulation 7 (2),,2026-06-25,,,,,,,,,https://nsearchives.nseindia.com/corporate/ixbrl/IT_2266_20260625_174238632_WEB.html,,,,,,,,,,,,,,
JSWSTEEL,JSW STEEL LIMITED,Regulation 7 (2),,2026-06-25,,,,,,,,,https://nsearchives.nseindia.com/corporate/ixbrl/IT_2266_20260625_174238632_WEB.html,,,,,,,,,,,,,,
MSPL,MSP STEEL & POWER LTD,Regulation 7 (2),,2026-06-25,,,,,,,,,https://nsearchives.nseindia.com/corporate/ixbrl/IT_2306_20260625_174439623_WEB.html,,,,,,,,,,,,,,
MSPL,MSP STEEL & POWER LTD,Regulation 7 (2),,2026-06-25,,,,,,,,,https://nsearchives.nseindia.com/corporate/ixbrl/IT_2306_20260625_174439623_WEB.html,,,,,,,,,,,,,,
MSPL,MSP STEEL & POWER LTD,Regulation 7 (2),,2026-06-25,,,,,,,,,https://nsearchives.nseindia.com/corporate/ixbrl/IT_2306_20260625_174439623_WEB.html,,,,,,,,,,,,,,
VASCONEQ,VASCON ENGINEERS LIMITED,Regulation 7 (2),,2026-06-25,,,,,,,,,https://nsearchives.nseindia.com/corporate/ixbrl/IT_3064_20260625_171231305_WEB.html,,,,,,,,,,,,,,
RUCHIRA,RUCHIRA PAPERS LIMITED,Regulation 7 (2),,2026-06-25,,,,,,,,,https://nsearchives.nseindia.com/corporate/ixbrl/IT_2475_20260625_163817970_WEB.html,,,,,,,,,,,,,,
RUCHIRA,RUCHIRA PAPERS LIMITED,Regulation 7 (2),,2026-06-25,,,,,,,,,https://nsearchives.nseindia.com/corporate/ixbrl/IT_2475_20260625_163817970_WEB.html,,,,,,,,,,,,,,
RUCHIRA,RUCHIRA PAPERS LIMITED,Regulation 7 (2),,2026-06-25,,,,,,,,,https://nsearchives.nseindia.com/corporate/ixbrl/IT_2475_20260625_163817970_WEB.html,,,,,,,,,,,,,,
RUCHIRA,RUCHIRA PAPERS LIMITED,Regulation 7 (2),,2026-06-25,,,,,,,,,https://nsearchives.nseindia.com/corporate/ixbrl/IT_2475_20260625_163817970_WEB.html,,,,,,,,,,,,,,
RUCHIRA,RUCHIRA PAPERS LIMITED,Regulation 7 (2),,2026-06-25,,,,,,,,,https://nsearchives.nseindia.com/corporate/ixbrl/IT_2475_20260625_163817970_WEB.html,,,,,,,,,,,,,,
RUCHIRA,RUCHIRA PAPERS LIMITED,Regulation 7 (2),,2026-06-25,,,,,,,,,https://nsearchives.nseindia.com/corporate/ixbrl/IT_2475_20260625_163817970_WEB.html,,,,,,,,,,,,,,
JINDALSAW,Jindal Saw Limited,Regulation 7 (2),,2026-06-25,,,,,,,,,https://nsearchives.nseindia.com/corporate/ixbrl/IT_743_20260625_145358467_WEB.html,,,,,,,,,,,,,,
PARSVNATH,PARSVNATH DEVELOPERS LIMITED,Regulation 7 (2),,2026-06-25,,,,,,,,,https://nsearchives.nseindia.com/corporate/ixbrl/IT_2467_20260625_150332475_WEB.html,,,,,,,,,,,,,,
ARIS,ARISINFRA SOLUTIONS LIMITED,Regulation 7 (2),,2026-06-25,,,,,,,,,https://nsearchives.nseindia.com/corporate/ixbrl/IT_24258_20260625_164001795_WEB.html,,,,,,,,,,,,,,
ARIS,ARISINFRA SOLUTIONS LIMITED,Regulation 7 (2),,2026-06-25,,,,,,,,,https://nsearchives.nseindia.com/corporate/ixbrl/IT_24258_20260625_164001795_WEB.html,,,,,,,,,,,,,,
ARIS,ARISINFRA SOLUTIONS LIMITED,Regulation 7 (2),,2026-06-25,,,,,,,,,https://nsearchives.nseindia.com/corporate/ixbrl/IT_24258_20260625_164001795_WEB.html,,,,,,,,,,,,,,
NIITLTD,NIIT Limited,Regulation 7 (2),,2026-06-25,,,,,,,,,https://nsearchives.nseindia.com/corporate/ixbrl/IT_2209_20260625_153259178_WEB.html,,,,,,,,,,,,,,
SOUTHWEST,SOUTH WEST PINNACLE EXPLORATION LIMITED,Regulation 7 (2),,2026-06-25,,,,,,,,,https://nsearchives.nseindia.com/corporate/ixbrl/IT_15798_20260625_145353347_WEB.html,,,,,,,,,,,,,,
SOUTHWEST,SOUTH WEST PINNACLE EXPLORATION LIMITED,Regulation 7 (2),,2026-06-25,,,,,,,,,https://nsearchives.nseindia.com/corporate/ixbrl/IT_15798_20260625_145353347_WEB.html,,,,,,,,,,,,,,
SOUTHWEST,SOUTH WEST PINNACLE EXPLORATION LIMITED,Regulation 7 (2),,2026-06-25,,,,,,,,,https://nsearchives.nseindia.com/corporate/ixbrl/IT_15798_20260625_145353347_WEB.html,,,,,,,,,,,,,,
SOUTHWEST,SOUTH WEST PINNACLE EXPLORATION LIMITED,Regulation 7 (2),,2026-06-25,,,,,,,,,https://nsearchives.nseindia.com/corporate/ixbrl/IT_15798_20260625_145353347_WEB.html,,,,,,,,,,,,,,
DIVISLAB,Divi's Laboratories Limited,Regulation 7 (2),,2026-06-25,,,,,,,,,https://nsearchives.nseindia.com/corporate/ixbrl/IT_2132_20260625_111111150_WEB.html,,,,,,,,,,,,,,
DIVISLAB,Divi's Laboratories Limited,Regulation 7 (2),,2026-06-25,,,,,,,,,https://nsearchives.nseindia.com/corporate/ixbrl/IT_2132_20260625_111111150_WEB.html,,,,,,,,,,,,,,
MTARTECH,MTAR TECHNOLOGIES LIMITED,Regulation 7 (2),,2026-06-25,,,,,,,,,https://nsearchives.nseindia.com/corporate/ixbrl/IT_19009_20260625_120457747_WEB.html,,,,,,,,,,,,,,
CRAFTSMAN,CRAFTSMAN AUTOMATION LIMITED,Regulation 7 (2),,2026-06-25,,,,,,,,,https://nsearchives.nseindia.com/corporate/ixbrl/IT_19266_20260625_110410761_WEB.html,,,,,,,,,,,,,,
GRPLTD,GRP LIMITED,Regulation 7 (2),,2026-06-24,,,,,,,,,https://nsearchives.nseindia.com/corporate/ixbrl/IT_11464_20260625_122443385_WEB.html,,,,,,,,,,,,,,
MAGNUM,MAGNUM VENTURES LIMITED,Regulation 7 (2),,2026-06-25,,,,,,,,,https://nsearchives.nseindia.com/corporate/ixbrl/IT_2655_20260625_152348866_WEB.html,,,,,,,,,,,,,,
AURUM,Aurum PropTech Limited,Regulation 7 (2),,2026-06-25,,,,,,,,,https://nsearchives.nseindia.com/corporate/ixbrl/IT_12987_20260625_104232056_WEB.html,,,,,,,,,,,,,,
CRAFTSMAN,CRAFTSMAN AUTOMATION LIMITED,Regulation 7 (2),,2026-06-25,,,,,,,,,https://nsearchives.nseindia.com/corporate/ixbrl/IT_19266_20260625_105819094_WEB.html,,,,,,,,,,,,,,
CRAFTSMAN,CRAFTSMAN AUTOMATION LIMITED,Regulation 7 (2),,2026-06-25,,,,,,,,,https://nsearchives.nseindia.com/corporate/ixbrl/IT_19266_20260625_103041304_WEB.html,,,,,,,,,,,,,,
GRPLTD,GRP LIMITED,Regulation 7 (2),,2026-06-24,,,,,,,,,https://nsearchives.nseindia.com/corporate/ixbrl/IT_11464_20260625_124055470_WEB.html,,,,,,,,,,,,,,
KIRLPNU,KIRLOSKAR PNEUMATIC COMPANY LIMITED,Regulation 7 (2),,2026-06-24,,,,,,,,,https://nsearchives.nseindia.com/corporate/ixbrl/IT_21921_20260624_223832588_WEB.html,,,,,,,,,,,,,,
KIRLPNU,KIRLOSKAR PNEUMATIC COMPANY LIMITED,Regulation 7 (2),,2026-06-24,,,,,,,,,https://nsearchives.nseindia.com/corporate/ixbrl/IT_21921_20260624_223832588_WEB.html,,,,,,,,,,,,,,
KIRLPNU,KIRLOSKAR PNEUMATIC COMPANY LIMITED,Regulation 7 (2),,2026-06-24,,,,,,,,,https://nsearchives.nseindia.com/corporate/ixbrl/IT_21921_20260624_223832588_WEB.html,,,,,,,,,,,,,,
DALBHARAT,Dalmia Bharat Limited,Regulation 7 (2),,2026-06-24,,,,,,,,,https://nsearchives.nseindia.com/corporate/ixbrl/IT_17144_20260624_185520661_WEB.html,,,,,,,,,,,,,,
UMAEXPORTS,Uma Exports Limited,Regulation 7 (2),,2026-06-24,,,,,,,,,https://nsearchives.nseindia.com/corporate/ixbrl/IT_20022_20260624_203415738_WEB.html,,,,,,,,,,,,,,
TIGERLOGS,Tiger Logistics (India) Limited,Regulation 7 (2),,2026-06-23,,,,,,,,,https://nsearchives.nseindia.com/corporate/ixbrl/IT_26474_20260624_183822530_WEB.html,,,,,,,,,,,,,,
UMAEXPORTS,Uma Exports Limited,Regulation 7 (2),,2026-06-24,,,,,,,,,https://nsearchives.nseindia.com/corporate/ixbrl/IT_20022_20260624_201051744_WEB.html,,,,,,,,,,,,,,
ARVINDFASN,ARVIND FASHIONS LIMITED,Regulation 7 (2),,2026-06-24,,,,,,,,,https://nsearchives.nseindia.com/corporate/ixbrl/IT_17278_20260624_183335210_WEB.html,,,,,,,,,,,,,,
ARVINDFASN,ARVIND FASHIONS LIMITED,Regulation 7 (2),,2026-06-24,,,,,,,,,https://nsearchives.nseindia.com/corporate/ixbrl/IT_17278_20260624_183335210_WEB.html,,,,,,,,,,,,,,
CRAFTSMAN,CRAFTSMAN AUTOMATION LIMITED,Regulation 7 (2),,2026-06-25,,,,,,,,,https://nsearchives.nseindia.com/corporate/ixbrl/IT_19266_20260625_103014848_WEB.html,,,,,,,,,,,,,,
SALASAR,SALASAR TECHNO ENGINEERING LIMITED,Regulation 7 (2),,2026-06-24,,,,,,,,,https://nsearchives.nseindia.com/corporate/ixbrl/IT_15362_20260624_191458503_WEB.html,,,,,,,,,,,,,,
SALASAR,SALASAR TECHNO ENGINEERING LIMITED,Regulation 7 (2),,2026-06-24,,,,,,,,,https://nsearchives.nseindia.com/corporate/ixbrl/IT_15362_20260624_191458503_WEB.html,,,,,,,,,,,,,,
SALASAR,SALASAR TECHNO ENGINEERING LIMITED,Regulation 7 (2),,2026-06-24,,,,,,,,,https://nsearchives.nseindia.com/corporate/ixbrl/IT_15362_20260624_191458503_WEB.html,,,,,,,,,,,,,,
KABRAEXTRU,KABRA EXTRUSION TECHNIK LIMITED,Regulation 7 (2),,2026-06-24,,,,,,,,,https://nsearchives.nseindia.com/corporate/ixbrl/IT_690_20260624_182734906_WEB.html,,,,,,,,,,,,,,
KABRAEXTRU,KABRA EXTRUSION TECHNIK LIMITED,Regulation 7 (2),,2026-06-24,,,,,,,,,https://nsearchives.nseindia.com/corporate/ixbrl/IT_690_20260624_182734906_WEB.html,,,,,,,,,,,,,,
KABRAEXTRU,KABRA EXTRUSION TECHNIK LIMITED,Regulation 7 (2),,2026-06-24,,,,,,,,,https://nsearchives.nseindia.com/corporate/ixbrl/IT_690_20260624_182734906_WEB.html,,,,,,,,,,,,,,
NAM-INDIA,Nippon Life India Asset Management Limited,Regulation 7 (2),,2026-06-24,,,,,,,,,https://nsearchives.nseindia.com/corporate/ixbrl/IT_15552_20260624_182808699_WEB.html,,,,,,,,,,,,,,
NAM-INDIA,Nippon Life India Asset Management Limited,Regulation 7 (2),,2026-06-24,,,,,,,,,https://nsearchives.nseindia.com/corporate/ixbrl/IT_15552_20260624_182808699_WEB.html,,,,,,,,,,,,,,
NAM-INDIA,Nippon Life India Asset Management Limited,Regulation 7 (2),,2026-06-24,,,,,,,,,https://nsearchives.nseindia.com/corporate/ixbrl/IT_15552_20260624_182808699_WEB.html,,,,,,,,,,,,,,
NAM-INDIA,Nippon Life India Asset Management Limited,Regulation 7 (2),,2026-06-24,,,,,,,,,https://nsearchives.nseindia.com/corporate/ixbrl/IT_15552_20260624_182808699_WEB.html,,,,,,,,,,,,,,
NAM-INDIA,Nippon Life India Asset Management Limited,Regulation 7 (2),,2026-06-24,,,,,,,,,https://nsearchives.nseindia.com/corporate/ixbrl/IT_15552_20260624_182808699_WEB.html,,,,,,,,,,,,,,
NAM-INDIA,Nippon Life India Asset Management Limited,Regulation 7 (2),,2026-06-24,,,,,,,,,https://nsearchives.nseindia.com/corporate/ixbrl/IT_15552_20260624_182808699_WEB.html,,,,,,,,,,,,,,
NAM-INDIA,Nippon Life India Asset Management Limited,Regulation 7 (2),,2026-06-24,,,,,,,,,https://nsearchives.nseindia.com/corporate/ixbrl/IT_15552_20260624_182808699_WEB.html,,,,,,,,,,,,,,
NAM-INDIA,Nippon Life India Asset Management Limited,Regulation 7 (2),,2026-06-24,,,,,,,,,https://nsearchives.nseindia.com/corporate/ixbrl/IT_15552_20260624_182808699_WEB.html,,,,,,,,,,,,,,
NAM-INDIA,Nippon Life India Asset Management Limited,Regulation 7 (2),,2026-06-24,,,,,,,,,https://nsearchives.nseindia.com/corporate/ixbrl/IT_15552_20260624_182808699_WEB.html,,,,,,,,,,,,,,
NAM-INDIA,Nippon Life India Asset Management Limited,Regulation 7 (2),,2026-06-24,,,,,,,,,https://nsearchives.nseindia.com/corporate/ixbrl/IT_15552_20260624_182808699_WEB.html,,,,,,,,,,,,,,
NAM-INDIA,Nippon Life India Asset Management Limited,Regulation 7 (2),,2026-06-24,,,,,,,,,https://nsearchives.nseindia.com/corporate/ixbrl/IT_15552_20260624_182808699_WEB.html,,,,,,,,,,,,,,
NAM-INDIA,Nippon Life India Asset Management Limited,Regulation 7 (2),,2026-06-24,,,,,,,,,https://nsearchives.nseindia.com/corporate/ixbrl/IT_15552_20260624_182808699_WEB.html,,,,,,,,,,,,,,
NAM-INDIA,Nippon Life India Asset Management Limited,Regulation 7 (2),,2026-06-24,,,,,,,,,https://nsearchives.nseindia.com/corporate/ixbrl/IT_15552_20260624_182808699_WEB.html,,,,,,,,,,,,,,
NAM-INDIA,Nippon Life India Asset Management Limited,Regulation 7 (2),,2026-06-24,,,,,,,,,https://nsearchives.nseindia.com/corporate/ixbrl/IT_15552_20260624_182808699_WEB.html,,,,,,,,,,,,,,
NAM-INDIA,Nippon Life India Asset Management Limited,Regulation 7 (2),,2026-06-24,,,,,,,,,https://nsearchives.nseindia.com/corporate/ixbrl/IT_15552_20260624_182808699_WEB.html,,,,,,,,,,,,,,
NAM-INDIA,Nippon Life India Asset Management Limited,Regulation 7 (2),,2026-06-24,,,,,,,,,https://nsearchives.nseindia.com/corporate/ixbrl/IT_15552_20260624_182808699_WEB.html,,,,,,,,,,,,,,
NAM-INDIA,Nippon Life India Asset Management Limited,Regulation 7 (2),,2026-06-24,,,,,,,,,https://nsearchives.nseindia.com/corporate/ixbrl/IT_15552_20260624_182808699_WEB.html,,,,,,,,,,,,,,
NAM-INDIA,Nippon Life India Asset Management Limited,Regulation 7 (2),,2026-06-24,,,,,,,,,https://nsearchives.nseindia.com/corporate/ixbrl/IT_15552_20260624_182808699_WEB.html,,,,,,,,,,,,,,
NAM-INDIA,Nippon Life India Asset Management Limited,Regulation 7 (2),,2026-06-24,,,,,,,,,https://nsearchives.nseindia.com/corporate/ixbrl/IT_15552_20260624_182808699_WEB.html,,,,,,,,,,,,,,
NAM-INDIA,Nippon Life India Asset Management Limited,Regulation 7 (2),,2026-06-24,,,,,,,,,https://nsearchives.nseindia.com/corporate/ixbrl/IT_15552_20260624_182808699_WEB.html,,,,,,,,,,,,,,
WEWORK,WeWork India Management Limited,Regulation 7 (2),,2026-06-24,,,,,,,,,https://nsearchives.nseindia.com/corporate/ixbrl/IT_25353_20260624_182351047_WEB.html,,,,,,,,,,,,,,
WEWORK,WeWork India Management Limited,Regulation 7 (2),,2026-06-24,,,,,,,,,https://nsearchives.nseindia.com/corporate/ixbrl/IT_25353_20260624_182351047_WEB.html,,,,,,,,,,,,,,
VMSTMT,VMS TMT LIMITED,Regulation 7 (2),,2026-06-24,,,,,,,,,https://nsearchives.nseindia.com/corporate/ixbrl/IT_24632_20260624_173702537_WEB.html,,,,,,,,,,,,,,
VMSTMT,VMS TMT LIMITED,Regulation 7 (2),,2026-06-24,,,,,,,,,https://nsearchives.nseindia.com/corporate/ixbrl/IT_24632_20260624_173702537_WEB.html,,,,,,,,,,,,,,
MOTOGENFIN,THE MOTOR & GENERAL FINANCE LIMITED,Regulation 7 (2),,2026-06-24,,,,,,,,,https://nsearchives.nseindia.com/corporate/ixbrl/IT_279_20260624_173445009_WEB.html,,,,,,,,,,,,,,
ECLERX,eClerx Services Ltd,Regulation 7 (2),,2026-06-24,,,,,,,,,https://nsearchives.nseindia.com/corporate/ixbrl/IT_2698_20260624_182345980_WEB.html,,,,,,,,,,,,,,
ECLERX,eClerx Services Ltd,Regulation 7 (2),,2026-06-24,,,,,,,,,https://nsearchives.nseindia.com/corporate/ixbrl/IT_2698_20260624_182345980_WEB.html,,,,,,,,,,,,,,
GOCOLORS,GO FASHION (INDIA) LIMITED,Regulation 7 (2),,2026-06-24,,,,,,,,,https://nsearchives.nseindia.com/corporate/ixbrl/IT_19868_20260624_172950652_WEB.html,,,,,,,,,,,,,,"Date of pledge release was mentioned as 19-06-2026 instead of 20-06-2026, which is now rectified."
KPITTECH,KPIT TECHNOLOGIES LIMITED,Regulation 7 (2),,2026-06-24,,,,,,,,,https://nsearchives.nseindia.com/corporate/ixbrl/IT_17417_20260624_174644688_WEB.html,,,,,,,,,,,,,,
KPITTECH,KPIT TECHNOLOGIES LIMITED,Regulation 7 (2),,2026-06-24,,,,,,,,,https://nsearchives.nseindia.com/corporate/ixbrl/IT_17417_20260624_174644688_WEB.html,,,,,,,,,,,,,,
KPITTECH,KPIT TECHNOLOGIES LIMITED,Regulation 7 (2),,2026-06-24,,,,,,,,,https://nsearchives.nseindia.com/corporate/ixbrl/IT_17417_20260624_174644688_WEB.html,,,,,,,,,,,,,,
KPITTECH,KPIT TECHNOLOGIES LIMITED,Regulation 7 (2),,2026-06-24,,,,,,,,,https://nsearchives.nseindia.com/corporate/ixbrl/IT_17417_20260624_174644688_WEB.html,,,,,,,,,,,,,,
KPITTECH,KPIT TECHNOLOGIES LIMITED,Regulation 7 (2),,2026-06-24,,,,,,,,,https://nsearchives.nseindia.com/corporate/ixbrl/IT_17417_20260624_174644688_WEB.html,,,,,,,,,,,,,,
PRUDENT,PRUDENT CORPORATE ADVISORY SERVICES LIMITED,Regulation 7 (2),,2026-06-24,,,,,,,,,https://nsearchives.nseindia.com/corporate/ixbrl/IT_19865_20260624_172325095_WEB.html,,,,,,,,,,,,,,
RISHABH,RISHABH INSTRUMENTS LIMITED,Regulation 7 (2),,2026-06-24,,,,,,,,,https://nsearchives.nseindia.com/corporate/ixbrl/IT_21507_20260624_172245023_WEB.html,,,,,,,,,,,,,,
BAJFINANCE,BAJAJ FINANCE LIMITED,Regulation 7 (2),,2026-06-24,,,,,,,,,https://nsearchives.nseindia.com/corporate/ixbrl/IT_1257_20260624_173440172_WEB.html,,,,,,,,,,,,,,
TINNARUBR,TINNA RUBBER AND INFRASTRUCTURE LIMITED,Regulation 7 (2),,2026-06-24,,,,,,,,,https://nsearchives.nseindia.com/corporate/ixbrl/IT_25068_20260624_172157717_WEB.html,,,,,,,,,,,,,,
EBGNG,GNG ELECTRONICS LIMITED,Regulation 7 (2),,2026-06-24,,,,,,,,,https://nsearchives.nseindia.com/corporate/ixbrl/IT_25012_20260624_173434862_WEB.html,,,,,,,,,,,,,,
NOVAAGRI,Nova Agritech Limited,Regulation 7 (2),,2026-06-24,,,,,,,,,https://nsearchives.nseindia.com/corporate/ixbrl/IT_21751_20260624_165841279_WEB.html,,,,,,,,,,,,,,
BESTAGRO,BEST AGROLIFE LIMITED,Regulation 7 (2),,2026-06-24,,,,,,,,,https://nsearchives.nseindia.com/corporate/ixbrl/IT_19193_20260624_172250147_WEB.html,,,,,,,,,,,,,,
BESTAGRO,BEST AGROLIFE LIMITED,Regulation 7 (2),,2026-06-24,,,,,,,,,https://nsearchives.nseindia.com/corporate/ixbrl/IT_19193_20260624_172250147_WEB.html,,,,,,,,,,,,,,
BESTAGRO,BEST AGROLIFE LIMITED,Regulation 7 (2),,2026-06-24,,,,,,,,,https://nsearchives.nseindia.com/corporate/ixbrl/IT_19193_20260624_172250147_WEB.html,,,,,,,,,,,,,,
CREST,CREST VENTURES LIMITED,Regulation 7 (3),,2026-06-24,,,,,,,,,https://nsearchives.nseindia.com/corporate/ixbrl/IT_1415_20260624_172600135_WEB.html,,,,,,,,,,,,,,
MTARTECH,MTAR TECHNOLOGIES LIMITED,Regulation 7 (2),,2026-06-24,,,,,,,,,https://nsearchives.nseindia.com/corporate/ixbrl/IT_19009_20260624_163414214_WEB.html,,,,,,,,,,,,,,
AIAENG,AIA Engineering Limited,Regulation 7 (2),,2026-06-24,,,,,,,,,https://nsearchives.nseindia.com/corporate/ixbrl/IT_2339_20260624_151227060_WEB.html,,,,,,,,,,,,,,
PRUDENT,PRUDENT CORPORATE ADVISORY SERVICES LIMITED,Regulation 7 (2),,2026-06-24,,,,,,,,,https://nsearchives.nseindia.com/corporate/ixbrl/IT_19865_20260624_165553057_WEB.html,,,,,,,,,,,,,,
KCP,KCP LIMITED,Regulation 7 (2),,2026-06-24,,,,,,,,,https://nsearchives.nseindia.com/corporate/ixbrl/IT_176_20260624_162242818_WEB.html,,,,,,,,,,,,,,
AIAENG,AIA Engineering Limited,Regulation 7 (3),,2026-06-24,,,,,,,,,https://nsearchives.nseindia.com/corporate/ixbrl/IT_2339_20260624_151127315_WEB.html,,,,,,,,,,,,,,
AIAENG,AIA Engineering Limited,Regulation 7 (3),,2026-06-24,,,,,,,,,https://nsearchives.nseindia.com/corporate/ixbrl/IT_2339_20260624_151127315_WEB.html,,,,,,,,,,,,,,
360ONE,360 ONE WAM LIMITED,Regulation 7 (3),,2026-06-24,,,,,,,,,https://nsearchives.nseindia.com/corporate/ixbrl/IT_17593_20260624_134226701_WEB.html,,,,,,,,,,,,,,
NAUKRI,Info Edge (India) Limited,Regulation 7 (2),,2026-06-24,,,,,,,,,https://nsearchives.nseindia.com/corporate/ixbrl/IT_2460_20260624_162741056_WEB.html,,,,,,,,,,,,,,
NAUKRI,Info Edge (India) Limited,Regulation 7 (2),,2026-06-24,,,,,,,,,https://nsearchives.nseindia.com/corporate/ixbrl/IT_2460_20260624_162741056_WEB.html,,,,,,,,,,,,,,
NAUKRI,Info Edge (India) Limited,Regulation 7 (2),,2026-06-24,,,,,,,,,https://nsearchives.nseindia.com/corporate/ixbrl/IT_2460_20260624_162741056_WEB.html,,,,,,,,,,,,,,
NAUKRI,Info Edge (India) Limited,Regulation 7 (2),,2026-06-24,,,,,,,,,https://nsearchives.nseindia.com/corporate/ixbrl/IT_2460_20260624_162741056_WEB.html,,,,,,,,,,,,,,
NAUKRI,Info Edge (India) Limited,Regulation 7 (2),,2026-06-24,,,,,,,,,https://nsearchives.nseindia.com/corporate/ixbrl/IT_2460_20260624_162741056_WEB.html,,,,,,,,,,,,,,
NAUKRI,Info Edge (India) Limited,Regulation 7 (2),,2026-06-24,,,,,,,,,https://nsearchives.nseindia.com/corporate/ixbrl/IT_2460_20260624_162741056_WEB.html,,,,,,,,,,,,,,
MOTOGENFIN,THE MOTOR & GENERAL FINANCE LIMITED,Regulation 7 (2),,2026-06-24,,,,,,,,,https://nsearchives.nseindia.com/corporate/ixbrl/IT_279_20260624_165918760_WEB.html,,,,,,,,,,,,,,
BOSCH-HCIL,Bosch Home Comfort India Limited,Regulation 7 (2),,2026-06-24,,,,,,,,,https://nsearchives.nseindia.com/corporate/ixbrl/IT_1528_20260624_134038576_WEB.html,,,,,,,,,,,,,,
BOSCH-HCIL,Bosch Home Comfort India Limited,Regulation 7 (2),,2026-06-24,,,,,,,,,https://nsearchives.nseindia.com/corporate/ixbrl/IT_1528_20260624_134038576_WEB.html,,,,,,,,,,,,,,
GICL,Globe International Carriers Limited,Regulation 7 (2),,2026-06-24,,,,,,,,,https://nsearchives.nseindia.com/corporate/ixbrl/IT_14315_20260624_122550439_WEB.html,,,,,,,,,,,,,,
GICL,Globe International Carriers Limited,Regulation 7 (2),,2026-06-24,,,,,,,,,https://nsearchives.nseindia.com/corporate/ixbrl/IT_14315_20260624_122550439_WEB.html,,,,,,,,,,,,,,
GICL,Globe International Carriers Limited,Regulation 7 (2),,2026-06-24,,,,,,,,,https://nsearchives.nseindia.com/corporate/ixbrl/IT_14315_20260624_122550439_WEB.html,,,,,,,,,,,,,,
GICL,Globe International Carriers Limited,Regulation 7 (2),,2026-06-24,,,,,,,,,https://nsearchives.nseindia.com/corporate/ixbrl/IT_14315_20260624_122550439_WEB.html,,,,,,,,,,,,,,
GICL,Globe International Carriers Limited,Regulation 7 (2),,2026-06-24,,,,,,,,,https://nsearchives.nseindia.com/corporate/ixbrl/IT_14315_20260624_122550439_WEB.html,,,,,,,,,,,,,,
ENRIN,SIEMENS ENERGY INDIA LIMITED,Regulation 7 (2),,2026-06-24,,,,,,,,,https://nsearchives.nseindia.com/corporate/ixbrl/IT_25774_20260624_144348048_WEB.html,,,,,,,,,,,,,,
RISHABH,RISHABH INSTRUMENTS LIMITED,Regulation 7 (2),,2026-06-24,,,,,,,,,https://nsearchives.nseindia.com/corporate/ixbrl/IT_21507_20260624_132200827_WEB.html,,,,,,,,,,,,,,Discrepancy in Number of Equity shares and amount thereof.
QUESS,Quess Corp Limited,Regulation 7 (2),,2026-06-24,,,,,,,,,https://nsearchives.nseindia.com/corporate/ixbrl/IT_14019_20260624_113409604_WEB.html,,,,,,,,,,,,,,
QUESS,Quess Corp Limited,Regulation 7 (2),,2026-06-24,,,,,,,,,https://nsearchives.nseindia.com/corporate/ixbrl/IT_14019_20260624_113409604_WEB.html,,,,,,,,,,,,,,
ENRIN,SIEMENS ENERGY INDIA LIMITED,Regulation 7 (2),,2026-06-24,,,,,,,,,https://nsearchives.nseindia.com/corporate/ixbrl/IT_25774_20260624_144236541_WEB.html,,,,,,,,,,,,,,
STEL,STEL HOLDINGS LIMITED,Regulation 7 (2),,2026-06-24,,,,,,,,,https://nsearchives.nseindia.com/corporate/ixbrl/IT_4020_20260624_113404785_WEB.html,,,,,,,,,,,,,,
RISHABH,RISHABH INSTRUMENTS LIMITED,Regulation 7 (2),,2026-06-24,,,,,,,,,https://nsearchives.nseindia.com/corporate/ixbrl/IT_21507_20260624_131840951_WEB.html,,,,,,,,,,,,,,
JINDALSTEL,JINDAL STEEL LIMITED,Regulation 7 (2),,2026-06-24,,,,,,,,,https://nsearchives.nseindia.com/corporate/ixbrl/IT_1816_20260624_113358398_WEB.html,,,,,,,,,,,,,,
UNIECOM,Unicommerce eSolution Limited,Regulation 7 (2),,2026-06-23,,,,,,,,,https://nsearchives.nseindia.com/corporate/ixbrl/IT_23091_20260623_194815090_WEB.html,,,,,,,,,,,,,,
JSWENERGY,JSW Energy Limited,Regulation 7 (2),,2026-06-23,,,,,,,,,https://nsearchives.nseindia.com/corporate/ixbrl/IT_3013_20260623_214420605_WEB.html,,,,,,,,,,,,,,
JSWENERGY,JSW Energy Limited,Regulation 7 (2),,2026-06-23,,,,,,,,,https://nsearchives.nseindia.com/corporate/ixbrl/IT_3013_20260623_214420605_WEB.html,,,,,,,,,,,,,,
JSWENERGY,JSW Energy Limited,Regulation 7 (2),,2026-06-23,,,,,,,,,https://nsearchives.nseindia.com/corporate/ixbrl/IT_3013_20260623_214420605_WEB.html,,,,,,,,,,,,,,
JSWENERGY,JSW Energy Limited,Regulation 7 (2),,2026-06-23,,,,,,,,,https://nsearchives.nseindia.com/corporate/ixbrl/IT_3013_20260623_214420605_WEB.html,,,,,,,,,,,,,,
TIMETECHNO,TIME TECHNOPLAST LIMITED,Regulation 7 (2),,2026-06-23,,,,,,,,,https://nsearchives.nseindia.com/corporate/ixbrl/IT_2609_20260623_194312428_WEB.html,,,,,,,,,,,,,,
TIMETECHNO,TIME TECHNOPLAST LIMITED,Regulation 7 (2),,2026-06-23,,,,,,,,,https://nsearchives.nseindia.com/corporate/ixbrl/IT_2609_20260623_194312428_WEB.html,,,,,,,,,,,,,,
TIMETECHNO,TIME TECHNOPLAST LIMITED,Regulation 7 (2),,2026-06-23,,,,,,,,,https://nsearchives.nseindia.com/corporate/ixbrl/IT_2609_20260623_194312428_WEB.html,,,,,,,,,,,,,,
TIMETECHNO,TIME TECHNOPLAST LIMITED,Regulation 7 (2),,2026-06-23,,,,,,,,,https://nsearchives.nseindia.com/corporate/ixbrl/IT_2609_20260623_194312428_WEB.html,,,,,,,,,,,,,,
RELTD,Ravindra Energy Limited,Regulation 7 (2),,2026-06-23,,,,,,,,,https://nsearchives.nseindia.com/corporate/ixbrl/IT_23918_20260623_222351659_WEB.html,,,,,,,,,,,,,,
SHAILY,Shaily Engineering Plastics Limited,Regulation 7 (2),,2026-06-23,,,,,,,,,https://nsearchives.nseindia.com/corporate/ixbrl/IT_19072_20260623_200804376_WEB.html,,,,,,,,,,,,,,
SHAILY,Shaily Engineering Plastics Limited,Regulation 7 (2),,2026-06-23,,,,,,,,,https://nsearchives.nseindia.com/corporate/ixbrl/IT_19072_20260623_200804376_WEB.html,,,,,,,,,,,,,,
LALPATHLAB,DR. LAL PATHLABS LIMITED,Regulation 7 (2),,2026-06-23,,,,,,,,,https://nsearchives.nseindia.com/corporate/ixbrl/IT_13310_20260623_181402414_WEB.html,,,,,,,,,,,,,,
LALPATHLAB,DR. LAL PATHLABS LIMITED,Regulation 7 (2),,2026-06-23,,,,,,,,,https://nsearchives.nseindia.com/corporate/ixbrl/IT_13310_20260623_181402414_WEB.html,,,,,,,,,,,,,,
LALPATHLAB,DR. LAL PATHLABS LIMITED,Regulation 7 (2),,2026-06-23,,,,,,,,,https://nsearchives.nseindia.com/corporate/ixbrl/IT_13310_20260623_181402414_WEB.html,,,,,,,,,,,,,,
LALPATHLAB,DR. LAL PATHLABS LIMITED,Regulation 7 (2),,2026-06-23,,,,,,,,,https://nsearchives.nseindia.com/corporate/ixbrl/IT_13310_20260623_181402414_WEB.html,,,,,,,,,,,,,,
360ONE,360 ONE WAM LIMITED,Regulation 7 (2),,2026-06-23,,,,,,,,,https://nsearchives.nseindia.com/corporate/ixbrl/IT_17593_20260623_180538448_WEB.html,,,,,,,,,,,,,,
DBOL,Dhampur Bio Organics Limited,Regulation 7 (2),,2026-06-23,,,,,,,,,https://nsearchives.nseindia.com/corporate/ixbrl/IT_20812_20260623_181246459_WEB.html,,,,,,,,,,,,,,
DBOL,Dhampur Bio Organics Limited,Regulation 7 (2),,2026-06-23,,,,,,,,,https://nsearchives.nseindia.com/corporate/ixbrl/IT_20812_20260623_181246459_WEB.html,,,,,,,,,,,,,,
INFY,Infosys Limited,Regulation 7 (2),,2026-06-23,,,,,,,,,https://nsearchives.nseindia.com/corporate/ixbrl/IT_180_20260623_184813020_WEB.html,,,,,,,,,,,,,,
INFY,Infosys Limited,Regulation 7 (2),,2026-06-23,,,,,,,,,https://nsearchives.nseindia.com/corporate/ixbrl/IT_180_20260623_184813020_WEB.html,,,,,,,,,,,,,,
INFY,Infosys Limited,Regulation 7 (2),,2026-06-23,,,,,,,,,https://nsearchives.nseindia.com/corporate/ixbrl/IT_180_20260623_184813020_WEB.html,,,,,,,,,,,,,,
INFY,Infosys Limited,Regulation 7 (2),,2026-06-23,,,,,,,,,https://nsearchives.nseindia.com/corporate/ixbrl/IT_180_20260623_184813020_WEB.html,,,,,,,,,,,,,,
INFY,Infosys Limited,Regulation 7 (2),,2026-06-23,,,,,,,,,https://nsearchives.nseindia.com/corporate/ixbrl/IT_180_20260623_184813020_WEB.html,,,,,,,,,,,,,,
INFY,Infosys Limited,Regulation 7 (2),,2026-06-23,,,,,,,,,https://nsearchives.nseindia.com/corporate/ixbrl/IT_180_20260623_184813020_WEB.html,,,,,,,,,,,,,,
KOTYARK,KOTYARK INDUSTRIES LIMITED,Regulation 7 (2),,2026-06-23,,,,,,,,,https://nsearchives.nseindia.com/corporate/ixbrl/IT_19992_20260623_174229386_WEB.html,,,,,,,,,,,,,,
KOTYARK,KOTYARK INDUSTRIES LIMITED,Regulation 7 (2),,2026-06-23,,,,,,,,,https://nsearchives.nseindia.com/corporate/ixbrl/IT_19992_20260623_174229386_WEB.html,,,,,,,,,,,,,,
AIAENG,AIA Engineering Limited,Regulation 7 (2),,2026-06-23,,,,,,,,,https://nsearchives.nseindia.com/corporate/ixbrl/IT_2339_20260623_164030430_WEB.html,,,,,,,,,,,,,,
AIAENG,AIA Engineering Limited,Regulation 7 (2),,2026-06-23,,,,,,,,,https://nsearchives.nseindia.com/corporate/ixbrl/IT_2339_20260623_164030430_WEB.html,,,,,,,,,,,,,,
ROTO,Roto Pumps Limited,Regulation 7 (2),,2026-06-23,,,,,,,,,https://nsearchives.nseindia.com/corporate/ixbrl/IT_20335_20260623_163320648_WEB.html,,,,,,,,,,,,,,
AURUM,Aurum PropTech Limited,Regulation 7 (2),,2026-06-23,,,,,,,,,https://nsearchives.nseindia.com/corporate/ixbrl/IT_12987_20260623_184118130_WEB.html,,,,,,,,,,,,,,
AURUM,Aurum PropTech Limited,Regulation 7 (2),,2026-06-23,,,,,,,,,https://nsearchives.nseindia.com/corporate/ixbrl/IT_12987_20260623_184118130_WEB.html,,,,,,,,,,,,,,
CERA,Cera Sanitaryware Limited,Regulation 7 (2),,2026-06-23,,,,,,,,,https://nsearchives.nseindia.com/corporate/ixbrl/IT_2673_20260623_173712442_WEB.html,,,,,,,,,,,,,,
NINSYS,Nintec Systems Limited,Regulation 7 (2),,2026-06-23,,,,,,,,,https://nsearchives.nseindia.com/corporate/ixbrl/IT_21310_20260623_193135071_WEB.html,,,,,,,,,,,,,,
NINSYS,Nintec Systems Limited,Regulation 7 (2),,2026-06-23,,,,,,,,,https://nsearchives.nseindia.com/corporate/ixbrl/IT_21310_20260623_193135071_WEB.html,,,,,,,,,,,,,,
NINSYS,Nintec Systems Limited,Regulation 7 (2),,2026-06-23,,,,,,,,,https://nsearchives.nseindia.com/corporate/ixbrl/IT_21310_20260623_193135071_WEB.html,,,,,,,,,,,,,,
NINSYS,Nintec Systems Limited,Regulation 7 (2),,2026-06-23,,,,,,,,,https://nsearchives.nseindia.com/corporate/ixbrl/IT_21310_20260623_193135071_WEB.html,,,,,,,,,,,,,,
NINSYS,Nintec Systems Limited,Regulation 7 (2),,2026-06-23,,,,,,,,,https://nsearchives.nseindia.com/corporate/ixbrl/IT_21310_20260623_193135071_WEB.html,,,,,,,,,,,,,,
RUBICON,RUBICON RESEARCH LIMITED,Regulation 7 (2),,2026-06-23,,,,,,,,,https://nsearchives.nseindia.com/corporate/ixbrl/IT_24193_20260623_173401473_WEB.html,,,,,,,,,,,,,,
PARADEEP,PARADEEP PHOSPHATES LIMITED,Regulation 7 (2),,2026-06-23,,,,,,,,,https://nsearchives.nseindia.com/corporate/ixbrl/IT_19922_20260623_162430288_WEB.html,,,,,,,,,,,,,,
PARADEEP,PARADEEP PHOSPHATES LIMITED,Regulation 7 (2),,2026-06-23,,,,,,,,,https://nsearchives.nseindia.com/corporate/ixbrl/IT_19922_20260623_162430288_WEB.html,,,,,,,,,,,,,,
DRREDDY,DR. REDDY'S LABORATORIES LTD.,Regulation 7 (2),,2026-06-23,,,,,,,,,https://nsearchives.nseindia.com/corporate/ixbrl/IT_251_20260623_120710858_WEB.html,,,,,,,,,,,,,,
COFFEEDAY,Coffee Day Enterprises Limited,Regulation 7 (2),,2026-06-23,,,,,,,,,https://nsearchives.nseindia.com/corporate/ixbrl/IT_13209_20260623_105040674_WEB.html,,,,,,,,,,,,,,Corrected transaction value as per market value.
PARADEEP,PARADEEP PHOSPHATES LIMITED,Regulation 7 (2),,2026-06-23,,,,,,,,,https://nsearchives.nseindia.com/corporate/ixbrl/IT_19922_20260623_162106528_WEB.html,,,,,,,,,,,,,,
PARADEEP,PARADEEP PHOSPHATES LIMITED,Regulation 7 (2),,2026-06-23,,,,,,,,,https://nsearchives.nseindia.com/corporate/ixbrl/IT_19922_20260623_162106528_WEB.html,,,,,,,,,,,,,,
STARCEMENT,STAR CEMENT LIMITED,Regulation 7 (2),,2026-06-23,,,,,,,,,https://nsearchives.nseindia.com/corporate/ixbrl/IT_15239_20260623_162309161_WEB.html,,,,,,,,,,,,,,
STARCEMENT,STAR CEMENT LIMITED,Regulation 7 (2),,2026-06-23,,,,,,,,,https://nsearchives.nseindia.com/corporate/ixbrl/IT_15239_20260623_162309161_WEB.html,,,,,,,,,,,,,,
CONFIPET,CONFIDENCE PETROLEUM INDIA LIMITED,Regulation 7 (2),,2026-06-23,,,,,,,,,https://nsearchives.nseindia.com/corporate/ixbrl/IT_17510_20260623_133731133_WEB.html,,,,,,,,,,,,,,
CONFIPET,CONFIDENCE PETROLEUM INDIA LIMITED,Regulation 7 (2),,2026-06-23,,,,,,,,,https://nsearchives.nseindia.com/corporate/ixbrl/IT_17510_20260623_133606508_WEB.html,,,,,,,,,,,,,,
AURUM,Aurum PropTech Limited,Regulation 7 (2),,2026-06-23,,,,,,,,,https://nsearchives.nseindia.com/corporate/ixbrl/IT_12987_20260623_104742804_WEB.html,,,,,,,,,,,,,,
COFFEEDAY,Coffee Day Enterprises Limited,Regulation 7 (2),,2026-06-23,,,,,,,,,https://nsearchives.nseindia.com/corporate/ixbrl/IT_13209_20260623_104932862_WEB.html,,,,,,,,,,,,,,Corrected transaction value as per market value.
360ONE,360 ONE WAM LIMITED,Regulation 7 (2),,2026-06-22,,,,,,,,,https://nsearchives.nseindia.com/corporate/ixbrl/IT_17593_20260622_224808312_WEB.html,,,,,,,,,,,,,,
KIRLPNU,KIRLOSKAR PNEUMATIC COMPANY LIMITED,Regulation 7 (2),,2026-06-22,,,,,,,,,https://nsearchives.nseindia.com/corporate/ixbrl/IT_21921_20260622_190408450_WEB.html,,,,,,,,,,,,,,
KIRLPNU,KIRLOSKAR PNEUMATIC COMPANY LIMITED,Regulation 7 (2),,2026-06-22,,,,,,,,,https://nsearchives.nseindia.com/corporate/ixbrl/IT_21921_20260622_190408450_WEB.html,,,,,,,,,,,,,,
KIRLPNU,KIRLOSKAR PNEUMATIC COMPANY LIMITED,Regulation 7 (2),,2026-06-22,,,,,,,,,https://nsearchives.nseindia.com/corporate/ixbrl/IT_21921_20260622_190408450_WEB.html,,,,,,,,,,,,,,
KIRLPNU,KIRLOSKAR PNEUMATIC COMPANY LIMITED,Regulation 7 (2),,2026-06-22,,,,,,,,,https://nsearchives.nseindia.com/corporate/ixbrl/IT_21921_20260622_190408450_WEB.html,,,,,,,,,,,,,,
KIRLPNU,KIRLOSKAR PNEUMATIC COMPANY LIMITED,Regulation 7 (2),,2026-06-22,,,,,,,,,https://nsearchives.nseindia.com/corporate/ixbrl/IT_21921_20260622_190408450_WEB.html,,,,,,,,,,,,,,
KIRLPNU,KIRLOSKAR PNEUMATIC COMPANY LIMITED,Regulation 7 (2),,2026-06-22,,,,,,,,,https://nsearchives.nseindia.com/corporate/ixbrl/IT_21921_20260622_190408450_WEB.html,,,,,,,,,,,,,,
KIRLPNU,KIRLOSKAR PNEUMATIC COMPANY LIMITED,Regulation 7 (2),,2026-06-22,,,,,,,,,https://nsearchives.nseindia.com/corporate/ixbrl/IT_21921_20260622_190408450_WEB.html,,,,,,,,,,,,,,
KIRLPNU,KIRLOSKAR PNEUMATIC COMPANY LIMITED,Regulation 7 (2),,2026-06-22,,,,,,,,,https://nsearchives.nseindia.com/corporate/ixbrl/IT_21921_20260622_190408450_WEB.html,,,,,,,,,,,,,,
KIRLPNU,KIRLOSKAR PNEUMATIC COMPANY LIMITED,Regulation 7 (2),,2026-06-22,,,,,,,,,https://nsearchives.nseindia.com/corporate/ixbrl/IT_21921_20260622_190408450_WEB.html,,,,,,,,,,,,,,
ECLERX,eClerx Services Ltd,Regulation 7 (2),,2026-06-22,,,,,,,,,https://nsearchives.nseindia.com/corporate/ixbrl/IT_2698_20260622_191412453_WEB.html,,,,,,,,,,,,,,
ECLERX,eClerx Services Ltd,Regulation 7 (2),,2026-06-22,,,,,,,,,https://nsearchives.nseindia.com/corporate/ixbrl/IT_2698_20260622_191412453_WEB.html,,,,,,,,,,,,,,
ECLERX,eClerx Services Ltd,Regulation 7 (2),,2026-06-22,,,,,,,,,https://nsearchives.nseindia.com/corporate/ixbrl/IT_2698_20260622_191412453_WEB.html,,,,,,,,,,,,,,
ECLERX,eClerx Services Ltd,Regulation 7 (2),,2026-06-22,,,,,,,,,https://nsearchives.nseindia.com/corporate/ixbrl/IT_2698_20260622_191412453_WEB.html,,,,,,,,,,,,,,
ECLERX,eClerx Services Ltd,Regulation 7 (2),,2026-06-22,,,,,,,,,https://nsearchives.nseindia.com/corporate/ixbrl/IT_2698_20260622_191412453_WEB.html,,,,,,,,,,,,,,
ECLERX,eClerx Services Ltd,Regulation 7 (2),,2026-06-22,,,,,,,,,https://nsearchives.nseindia.com/corporate/ixbrl/IT_2698_20260622_191412453_WEB.html,,,,,,,,,,,,,,
KCP,KCP LIMITED,Regulation 7 (2),,2026-06-23,,,,,,,,,https://nsearchives.nseindia.com/corporate/ixbrl/IT_176_20260623_092952659_WEB.html,,,,,,,,,,,,,,
UNIECOM,Unicommerce eSolution Limited,Regulation 7 (2),,2026-06-22,,,,,,,,,https://nsearchives.nseindia.com/corporate/ixbrl/IT_23091_20260622_203344498_WEB.html,,,,,,,,,,,,,,
UNIECOM,Unicommerce eSolution Limited,Regulation 7 (2),,2026-06-22,,,,,,,,,https://nsearchives.nseindia.com/corporate/ixbrl/IT_23091_20260622_203344498_WEB.html,,,,,,,,,,,,,,
TATACONSUM,Tata Consumer Products Limited,Regulation 7 (2),,2026-06-22,,,,,,,,,https://nsearchives.nseindia.com/corporate/ixbrl/IT_1098_20260622_190309735_WEB.html,,,,,,,,,,,,,,
TATACONSUM,Tata Consumer Products Limited,Regulation 7 (2),,2026-06-22,,,,,,,,,https://nsearchives.nseindia.com/corporate/ixbrl/IT_1098_20260622_190309735_WEB.html,,,,,,,,,,,,,,
TATACONSUM,Tata Consumer Products Limited,Regulation 7 (2),,2026-06-22,,,,,,,,,https://nsearchives.nseindia.com/corporate/ixbrl/IT_1098_20260622_190309735_WEB.html,,,,,,,,,,,,,,
TATACONSUM,Tata Consumer Products Limited,Regulation 7 (2),,2026-06-22,,,,,,,,,https://nsearchives.nseindia.com/corporate/ixbrl/IT_1098_20260622_190309735_WEB.html,,,,,,,,,,,,,,
MSPL,MSP STEEL & POWER LIMITED,Regulation 7 (2),,2026-06-22,,,,,,,,,https://nsearchives.nseindia.com/corporate/ixbrl/IT_2306_20260622_173326406_WEB.html,,,,,,,,,,,,,,
MSPL,MSP STEEL & POWER LIMITED,Regulation 7 (2),,2026-06-22,,,,,,,,,https://nsearchives.nseindia.com/corporate/ixbrl/IT_2306_20260622_173326406_WEB.html,,,,,,,,,,,,,,
MSPL,MSP STEEL & POWER LIMITED,Regulation 7 (2),,2026-06-22,,,,,,,,,https://nsearchives.nseindia.com/corporate/ixbrl/IT_2306_20260622_173326406_WEB.html,,,,,,,,,,,,,,
MSPL,MSP STEEL & POWER LIMITED,Regulation 7 (2),,2026-06-22,,,,,,,,,https://nsearchives.nseindia.com/corporate/ixbrl/IT_2306_20260622_173326406_WEB.html,,,,,,,,,,,,,,
MSPL,MSP STEEL & POWER LIMITED,Regulation 7 (2),,2026-06-22,,,,,,,,,https://nsearchives.nseindia.com/corporate/ixbrl/IT_2306_20260622_173326406_WEB.html,,,,,,,,,,,,,,
MSPL,MSP STEEL & POWER LIMITED,Regulation 7 (2),,2026-06-22,,,,,,,,,https://nsearchives.nseindia.com/corporate/ixbrl/IT_2306_20260622_173326406_WEB.html,,,,,,,,,,,,,,
MSPL,MSP STEEL & POWER LIMITED,Regulation 7 (2),,2026-06-22,,,,,,,,,https://nsearchives.nseindia.com/corporate/ixbrl/IT_2306_20260622_173326406_WEB.html,,,,,,,,,,,,,,
EVEREADY,EVEREADY INDUSTRIES INDIA LIMITED,Regulation 7 (3),,2026-06-22,,,,,,,,,https://nsearchives.nseindia.com/corporate/ixbrl/IT_2275_20260622_184029056_WEB.html,,,,,,,,,,,,,,
GOCOLORS,GO FASHION (INDIA) LIMITED,Regulation 7 (2),,2026-06-22,,,,,,,,,https://nsearchives.nseindia.com/corporate/ixbrl/IT_19868_20260622_175114641_WEB.html,,,,,,,,,,,,,,
QUESS,Quess Corp Limited,Regulation 7 (2),,2026-06-22,,,,,,,,,https://nsearchives.nseindia.com/corporate/ixbrl/IT_14019_20260622_185352487_WEB.html,,,,,,,,,,,,,,
QUESS,Quess Corp Limited,Regulation 7 (2),,2026-06-22,,,,,,,,,https://nsearchives.nseindia.com/corporate/ixbrl/IT_14019_20260622_185352487_WEB.html,,,,,,,,,,,,,,
QUESS,Quess Corp Limited,Regulation 7 (2),,2026-06-22,,,,,,,,,https://nsearchives.nseindia.com/corporate/ixbrl/IT_14019_20260622_185352487_WEB.html,,,,,,,,,,,,,,
QUESS,Quess Corp Limited,Regulation 7 (2),,2026-06-22,,,,,,,,,https://nsearchives.nseindia.com/corporate/ixbrl/IT_14019_20260622_185352487_WEB.html,,,,,,,,,,,,,,
TATACONSUM,Tata Consumer Products Limited,Regulation 7 (2),,2026-06-22,,,,,,,,,https://nsearchives.nseindia.com/corporate/ixbrl/IT_1098_20260622_190337187_WEB.html,,,,,,,,,,,,,,
TATACONSUM,Tata Consumer Products Limited,Regulation 7 (2),,2026-06-22,,,,,,,,,https://nsearchives.nseindia.com/corporate/ixbrl/IT_1098_20260622_190337187_WEB.html,,,,,,,,,,,,,,
TATACONSUM,Tata Consumer Products Limited,Regulation 7 (2),,2026-06-22,,,,,,,,,https://nsearchives.nseindia.com/corporate/ixbrl/IT_1098_20260622_190337187_WEB.html,,,,,,,,,,,,,,
TATACONSUM,Tata Consumer Products Limited,Regulation 7 (2),,2026-06-22,,,,,,,,,https://nsearchives.nseindia.com/corporate/ixbrl/IT_1098_20260622_190337187_WEB.html,,,,,,,,,,,,,,
TITAN,TITAN COMPANY LIMITED,Regulation 7 (3),,2026-06-22,,,,,,,,,https://nsearchives.nseindia.com/corporate/ixbrl/IT_233_20260622_165347233_WEB.html,,,,,,,,,,,,,,
MSPL,MSP STEEL & POWER LIMITED,Regulation 7 (2),,2026-06-22,,,,,,,,,https://nsearchives.nseindia.com/corporate/ixbrl/IT_2306_20260622_173123687_WEB.html,,,,,,,,,,,,,,
MSPL,MSP STEEL & POWER LIMITED,Regulation 7 (2),,2026-06-22,,,,,,,,,https://nsearchives.nseindia.com/corporate/ixbrl/IT_2306_20260622_173123687_WEB.html,,,,,,,,,,,,,,
MSPL,MSP STEEL & POWER LIMITED,Regulation 7 (2),,2026-06-22,,,,,,,,,https://nsearchives.nseindia.com/corporate/ixbrl/IT_2306_20260622_173123687_WEB.html,,,,,,,,,,,,,,
MSPL,MSP STEEL & POWER LIMITED,Regulation 7 (2),,2026-06-22,,,,,,,,,https://nsearchives.nseindia.com/corporate/ixbrl/IT_2306_20260622_173123687_WEB.html,,,,,,,,,,,,,,
MSPL,MSP STEEL & POWER LIMITED,Regulation 7 (2),,2026-06-22,,,,,,,,,https://nsearchives.nseindia.com/corporate/ixbrl/IT_2306_20260622_173123687_WEB.html,,,,,,,,,,,,,,
MSPL,MSP STEEL & POWER LIMITED,Regulation 7 (2),,2026-06-22,,,,,,,,,https://nsearchives.nseindia.com/corporate/ixbrl/IT_2306_20260622_173123687_WEB.html,,,,,,,,,,,,,,
MSPL,MSP STEEL & POWER LIMITED,Regulation 7 (2),,2026-06-22,,,,,,,,,https://nsearchives.nseindia.com/corporate/ixbrl/IT_2306_20260622_173123687_WEB.html,,,,,,,,,,,,,,
SAFARI,SAFARI INDUSTRIES (INDIA) LIMITED,Regulation 7 (2),,2026-06-22,,,,,,,,,https://nsearchives.nseindia.com/corporate/ixbrl/IT_17590_20260622_172920583_WEB.html,,,,,,,,,,,,,,
SAFARI,SAFARI INDUSTRIES (INDIA) LIMITED,Regulation 7 (2),,2026-06-22,,,,,,,,,https://nsearchives.nseindia.com/corporate/ixbrl/IT_17590_20260622_172920583_WEB.html,,,,,,,,,,,,,,
INOXINDIA,INOX INDIA LIMITED,Regulation 7 (2),,2026-06-22,,,,,,,,,https://nsearchives.nseindia.com/corporate/ixbrl/IT_22456_20260622_161908657_WEB.html,,,,,,,,,,,,,,
GANESHCP,GANESH CONSUMER PRODUCTS LIMITED,Regulation 7 (2),,2026-06-22,,,,,,,,,https://nsearchives.nseindia.com/corporate/ixbrl/IT_25074_20260622_154914774_WEB.html,,,,,,,,,,,,,,
BAJFINANCE,BAJAJ FINANCE LIMITED,Regulation 7 (2),,2026-06-22,,,,,,,,,https://nsearchives.nseindia.com/corporate/ixbrl/IT_1257_20260622_165158672_WEB.html,,,,,,,,,,,,,,
NCC,NCC LIMITED,Regulation 7 (2),,2026-06-22,,,,,,,,,https://nsearchives.nseindia.com/corporate/ixbrl/IT_917_20260622_151044722_WEB.html,,,,,,,,,,,,,,
INOXINDIA,INOX INDIA LIMITED,Regulation 7 (2),,2026-06-22,,,,,,,,,https://nsearchives.nseindia.com/corporate/ixbrl/IT_22456_20260622_161829907_WEB.html,,,,,,,,,,,,,,
PARSVNATH,PARSVNATH DEVELOPERS LIMITED,Regulation 7 (2),,2026-06-22,,,,,,,,,https://nsearchives.nseindia.com/corporate/ixbrl/IT_2467_20260622_143335775_WEB.html,,,,,,,,,,,,,,
PARSVNATH,PARSVNATH DEVELOPERS LIMITED,Regulation 7 (2),,2026-06-22,,,,,,,,,https://nsearchives.nseindia.com/corporate/ixbrl/IT_2467_20260622_143335775_WEB.html,,,,,,,,,,,,,,
MOTOGENFIN,THE MOTOR & GENERAL FINANCE LIMITED,Regulation 7 (2),,2026-06-22,,,,,,,,,https://nsearchives.nseindia.com/corporate/ixbrl/IT_279_20260622_164814441_WEB.html,,,,,,,,,,,,,,
VASCONEQ,VASCON ENGINEERS LIMITED,Regulation 7 (2),,2026-06-22,,,,,,,,,https://nsearchives.nseindia.com/corporate/ixbrl/IT_3064_20260622_150628504_WEB.html,,,,,,,,,,,,,,
FIBERWEB,Fiberweb (India) Limited,Regulation 7 (2),,2026-06-22,,,,,,,,,https://nsearchives.nseindia.com/corporate/ixbrl/IT_19088_20260622_142531509_WEB.html,,,,,,,,,,,,,,
FIBERWEB,Fiberweb (India) Limited,Regulation 7 (2),,2026-06-22,,,,,,,,,https://nsearchives.nseindia.com/corporate/ixbrl/IT_19088_20260622_142531509_WEB.html,,,,,,,,,,,,,,
FIBERWEB,Fiberweb (India) Limited,Regulation 7 (2),,2026-06-22,,,,,,,,,https://nsearchives.nseindia.com/corporate/ixbrl/IT_19088_20260622_142226782_WEB.html,,,,,,,,,,,,,,
FIBERWEB,Fiberweb (India) Limited,Regulation 7 (2),,2026-06-22,,,,,,,,,https://nsearchives.nseindia.com/corporate/ixbrl/IT_19088_20260622_142226782_WEB.html,,,,,,,,,,,,,,
AMANTA,Amanta Healthcare Limited,Regulation 7 (2),,2026-06-22,,,,,,,,,https://nsearchives.nseindia.com/corporate/ixbrl/IT_24620_20260622_140314871_WEB.html,,,,,,,,,,,,,,
AURUM,Aurum PropTech Limited,Regulation 7 (2),,2026-06-22,,,,,,,,,https://nsearchives.nseindia.com/corporate/ixbrl/IT_12987_20260622_105804505_WEB.html,,,,,,,,,,,,,,
NAUKRI,Info Edge (India) Limited,Regulation 7 (2),,2026-06-22,,,,,,,,,https://nsearchives.nseindia.com/corporate/ixbrl/IT_2460_20260622_121832319_WEB.html,,,,,,,,,,,,,,
NAUKRI,Info Edge (India) Limited,Regulation 7 (2),,2026-06-22,,,,,,,,,https://nsearchives.nseindia.com/corporate/ixbrl/IT_2460_20260622_121832319_WEB.html,,,,,,,,,,,,,,
NAUKRI,Info Edge (India) Limited,Regulation 7 (2),,2026-06-22,,,,,,,,,https://nsearchives.nseindia.com/corporate/ixbrl/IT_2460_20260622_121832319_WEB.html,,,,,,,,,,,,,,
JINDALSTEL,JINDAL STEEL LIMITED,Regulation 7 (2),,2026-06-21,,,,,,,,,https://nsearchives.nseindia.com/corporate/ixbrl/IT_1816_20260621_221710512_WEB.html,,,,,,,,,,,,,,
JINDALSTEL,JINDAL STEEL LIMITED,Regulation 7 (2),,2026-06-21,,,,,,,,,https://nsearchives.nseindia.com/corporate/ixbrl/IT_1816_20260621_221710512_WEB.html,,,,,,,,,,,,,,
AXISCADES,AXISCADES Technologies Limited,Regulation 7 (2),,2026-06-22,,,,,,,,,https://nsearchives.nseindia.com/corporate/ixbrl/IT_1939_20260622_124016584_WEB.html,,,,,,,,,,,,,,
WEWORK,WeWork India Management Limited,Regulation 7 (2),,2026-06-19,,,,,,,,,https://nsearchives.nseindia.com/corporate/ixbrl/IT_25353_20260622_101035204_WEB.html,,,,,,,,,,,,,,
WEWORK,WeWork India Management Limited,Regulation 7 (2),,2026-06-19,,,,,,,,,https://nsearchives.nseindia.com/corporate/ixbrl/IT_25353_20260622_101035204_WEB.html,,,,,,,,,,,,,,
WEWORK,WeWork India Management Limited,Regulation 7 (2),,2026-06-19,,,,,,,,,https://nsearchives.nseindia.com/corporate/ixbrl/IT_25353_20260622_101035204_WEB.html,,,,,,,,,,,,,,
KMEW,Knowledge Marine & Engineering Works Limited,Regulation 7 (2),,2026-06-21,,,,,,,,,https://nsearchives.nseindia.com/corporate/ixbrl/IT_24147_20260621_214934448_WEB.html,,,,,,,,,,,,,,
KMEW,Knowledge Marine & Engineering Works Limited,Regulation 7 (2),,2026-06-21,,,,,,,,,https://nsearchives.nseindia.com/corporate/ixbrl/IT_24147_20260621_214934448_WEB.html,,,,,,,,,,,,,,
GRAVITA,GRAVITA INDIA LIMITED,Regulation 7 (2),,2026-06-20,,,,,,,,,https://nsearchives.nseindia.com/corporate/ixbrl/IT_3733_20260620_181926465_WEB.html,,,,,,,,,,,,,,
JARO,JARO INSTITUTE OF TECHNOLOGY MANAGEMENT AND RESEARCH LIMITED,Regulation 7 (2),,2026-06-20,,,,,,,,,https://nsearchives.nseindia.com/corporate/ixbrl/IT_24645_20260620_175720437_WEB.html,,,,,,,,,,,,,,
REMSONSIND,REMSONS INDUSTRIES LIMITED,Regulation 7 (2),,2026-06-22,,,,,,,,,https://nsearchives.nseindia.com/corporate/ixbrl/IT_1286_20260622_164231141_WEB.html,,,,,,,,,,,,,,
REMSONSIND,REMSONS INDUSTRIES LIMITED,Regulation 7 (2),,2026-06-22,,,,,,,,,https://nsearchives.nseindia.com/corporate/ixbrl/IT_1286_20260622_164231141_WEB.html,,,,,,,,,,,,,,
REMSONSIND,REMSONS INDUSTRIES LIMITED,Regulation 7 (2),,2026-06-22,,,,,,,,,https://nsearchives.nseindia.com/corporate/ixbrl/IT_1286_20260622_164231141_WEB.html,,,,,,,,,,,,,,
REMSONSIND,REMSONS INDUSTRIES LIMITED,Regulation 7 (2),,2026-06-22,,,,,,,,,https://nsearchives.nseindia.com/corporate/ixbrl/IT_1286_20260622_164231141_WEB.html,,,,,,,,,,,,,,
VIVIANA,VIVIANA POWER TECH LIMITED,Regulation 7 (2),,2026-06-20,,,,,,,,,https://nsearchives.nseindia.com/corporate/ixbrl/IT_20783_20260620_160822581_WEB.html,,,,,,,,,,,,,,
VIVIANA,VIVIANA POWER TECH LIMITED,Regulation 7 (2),,2026-06-20,,,,,,,,,https://nsearchives.nseindia.com/corporate/ixbrl/IT_20783_20260620_160822581_WEB.html,,,,,,,,,,,,,,
GRMOVER,GRM OVERSEAS LIMITED,Regulation 7 (2),,2026-06-20,,,,,,,,,https://nsearchives.nseindia.com/corporate/ixbrl/IT_20861_20260620_185302006_WEB.html,,,,,,,,,,,,,,
UMAEXPORTS,Uma Exports Limited,Regulation 7 (2),,2026-06-20,,,,,,,,,https://nsearchives.nseindia.com/corporate/ixbrl/IT_20022_20260620_173348388_WEB.html,,,,,,,,,,,,,,
AIAENG,AIA Engineering Limited,Regulation 7 (3),,2026-06-20,,,,,,,,,https://nsearchives.nseindia.com/corporate/ixbrl/IT_2339_20260620_151130576_WEB.html,,,,,,,,,,,,,,
KIRLOSENG,Kirloskar Oil Engines Limited,Regulation 7 (2),,2026-06-20,,,,,,,,,https://nsearchives.nseindia.com/corporate/ixbrl/IT_3845_20260620_151816282_WEB.html,,,,,,,,,,,,,,
MTARTECH,MTAR TECHNOLOGIES LIMITED,Regulation 7 (2),,2026-06-20,,,,,,,,,https://nsearchives.nseindia.com/corporate/ixbrl/IT_19009_20260620_155316535_WEB.html,,,,,,,,,,,,,,
CCAVENUE,AvenuesAI Limited,Regulation 7 (2),,2026-06-20,,,,,,,,,https://nsearchives.nseindia.com/corporate/ixbrl/IT_13663_20260620_150454439_WEB.html,,,,,,,,,,,,,,
USHAMART,USHA MARTIN LIMITED,Regulation 7 (2),,2026-06-20,,,,,,,,,https://nsearchives.nseindia.com/corporate/ixbrl/IT_1938_20260620_163718500_WEB.html,,,,,,,,,,,,,,
MSPL,MSP STEEL & POWER LIMITED,Regulation 7 (2),,2026-06-20,,,,,,,,,https://nsearchives.nseindia.com/corporate/ixbrl/IT_2306_20260620_144824342_WEB.html,,,,,,,,,,,,,,
ZYDUSLIFE,ZYDUS LIFESCIENCES LIMITED,Regulation 7 (2),,2026-06-20,,,,,,,,,https://nsearchives.nseindia.com/corporate/ixbrl/IT_1852_20260620_144727382_WEB.html,,,,,,,,,,,,,,
ZYDUSLIFE,ZYDUS LIFESCIENCES LIMITED,Regulation 7 (2),,2026-06-20,,,,,,,,,https://nsearchives.nseindia.com/corporate/ixbrl/IT_1852_20260620_144727382_WEB.html,,,,,,,,,,,,,,
ZYDUSLIFE,ZYDUS LIFESCIENCES LIMITED,Regulation 7 (2),,2026-06-20,,,,,,,,,https://nsearchives.nseindia.com/corporate/ixbrl/IT_1852_20260620_144727382_WEB.html,,,,,,,,,,,,,,
ZYDUSLIFE,ZYDUS LIFESCIENCES LIMITED,Regulation 7 (2),,2026-06-20,,,,,,,,,https://nsearchives.nseindia.com/corporate/ixbrl/IT_1852_20260620_144727382_WEB.html,,,,,,,,,,,,,,
ZYDUSLIFE,ZYDUS LIFESCIENCES LIMITED,Regulation 7 (2),,2026-06-20,,,,,,,,,https://nsearchives.nseindia.com/corporate/ixbrl/IT_1852_20260620_144727382_WEB.html,,,,,,,,,,,,,,
ZYDUSLIFE,ZYDUS LIFESCIENCES LIMITED,Regulation 7 (2),,2026-06-20,,,,,,,,,https://nsearchives.nseindia.com/corporate/ixbrl/IT_1852_20260620_144727382_WEB.html,,,,,,,,,,,,,,
ZYDUSLIFE,ZYDUS LIFESCIENCES LIMITED,Regulation 7 (2),,2026-06-20,,,,,,,,,https://nsearchives.nseindia.com/corporate/ixbrl/IT_1852_20260620_144727382_WEB.html,,,,,,,,,,,,,,
ZYDUSLIFE,ZYDUS LIFESCIENCES LIMITED,Regulation 7 (2),,2026-06-20,,,,,,,,,https://nsearchives.nseindia.com/corporate/ixbrl/IT_1852_20260620_144727382_WEB.html,,,,,,,,,,,,,,
ZYDUSLIFE,ZYDUS LIFESCIENCES LIMITED,Regulation 7 (2),,2026-06-20,,,,,,,,,https://nsearchives.nseindia.com/corporate/ixbrl/IT_1852_20260620_144727382_WEB.html,,,,,,,,,,,,,,
ZYDUSLIFE,ZYDUS LIFESCIENCES LIMITED,Regulation 7 (2),,2026-06-20,,,,,,,,,https://nsearchives.nseindia.com/corporate/ixbrl/IT_1852_20260620_144727382_WEB.html,,,,,,,,,,,,,,
ZYDUSLIFE,ZYDUS LIFESCIENCES LIMITED,Regulation 7 (2),,2026-06-20,,,,,,,,,https://nsearchives.nseindia.com/corporate/ixbrl/IT_1852_20260620_144727382_WEB.html,,,,,,,,,,,,,,
ZYDUSLIFE,ZYDUS LIFESCIENCES LIMITED,Regulation 7 (2),,2026-06-20,,,,,,,,,https://nsearchives.nseindia.com/corporate/ixbrl/IT_1852_20260620_144727382_WEB.html,,,,,,,,,,,,,,
ZYDUSLIFE,ZYDUS LIFESCIENCES LIMITED,Regulation 7 (2),,2026-06-20,,,,,,,,,https://nsearchives.nseindia.com/corporate/ixbrl/IT_1852_20260620_144727382_WEB.html,,,,,,,,,,,,,,
ZYDUSLIFE,ZYDUS LIFESCIENCES LIMITED,Regulation 7 (2),,2026-06-20,,,,,,,,,https://nsearchives.nseindia.com/corporate/ixbrl/IT_1852_20260620_144727382_WEB.html,,,,,,,,,,,,,,
ZYDUSLIFE,ZYDUS LIFESCIENCES LIMITED,Regulation 7 (2),,2026-06-20,,,,,,,,,https://nsearchives.nseindia.com/corporate/ixbrl/IT_1852_20260620_144727382_WEB.html,,,,,,,,,,,,,,
ZYDUSLIFE,ZYDUS LIFESCIENCES LIMITED,Regulation 7 (2),,2026-06-20,,,,,,,,,https://nsearchives.nseindia.com/corporate/ixbrl/IT_1852_20260620_144938588_WEB.html,,,,,,,,,,,,,,
ZYDUSLIFE,ZYDUS LIFESCIENCES LIMITED,Regulation 7 (2),,2026-06-20,,,,,,,,,https://nsearchives.nseindia.com/corporate/ixbrl/IT_1852_20260620_144938588_WEB.html,,,,,,,,,,,,,,
ZYDUSLIFE,ZYDUS LIFESCIENCES LIMITED,Regulation 7 (2),,2026-06-20,,,,,,,,,https://nsearchives.nseindia.com/corporate/ixbrl/IT_1852_20260620_144938588_WEB.html,,,,,,,,,,,,,,
ZYDUSLIFE,ZYDUS LIFESCIENCES LIMITED,Regulation 7 (2),,2026-06-20,,,,,,,,,https://nsearchives.nseindia.com/corporate/ixbrl/IT_1852_20260620_144938588_WEB.html,,,,,,,,,,,,,,
ZYDUSLIFE,ZYDUS LIFESCIENCES LIMITED,Regulation 7 (2),,2026-06-20,,,,,,,,,https://nsearchives.nseindia.com/corporate/ixbrl/IT_1852_20260620_144938588_WEB.html,,,,,,,,,,,,,,
ZYDUSLIFE,ZYDUS LIFESCIENCES LIMITED,Regulation 7 (2),,2026-06-20,,,,,,,,,https://nsearchives.nseindia.com/corporate/ixbrl/IT_1852_20260620_144938588_WEB.html,,,,,,,,,,,,,,
ZYDUSLIFE,ZYDUS LIFESCIENCES LIMITED,Regulation 7 (2),,2026-06-20,,,,,,,,,https://nsearchives.nseindia.com/corporate/ixbrl/IT_1852_20260620_144938588_WEB.html,,,,,,,,,,,,,,
ZYDUSLIFE,ZYDUS LIFESCIENCES LIMITED,Regulation 7 (2),,2026-06-20,,,,,,,,,https://nsearchives.nseindia.com/corporate/ixbrl/IT_1852_20260620_144938588_WEB.html,,,,,,,,,,,,,,
ZYDUSLIFE,ZYDUS LIFESCIENCES LIMITED,Regulation 7 (2),,2026-06-20,,,,,,,,,https://nsearchives.nseindia.com/corporate/ixbrl/IT_1852_20260620_144938588_WEB.html,,,,,,,,,,,,,,
ZYDUSLIFE,ZYDUS LIFESCIENCES LIMITED,Regulation 7 (2),,2026-06-20,,,,,,,,,https://nsearchives.nseindia.com/corporate/ixbrl/IT_1852_20260620_144938588_WEB.html,,,,,,,,,,,,,,
ZYDUSLIFE,ZYDUS LIFESCIENCES LIMITED,Regulation 7 (2),,2026-06-20,,,,,,,,,https://nsearchives.nseindia.com/corporate/ixbrl/IT_1852_20260620_144938588_WEB.html,,,,,,,,,,,,,,
ZYDUSLIFE,ZYDUS LIFESCIENCES LIMITED,Regulation 7 (2),,2026-06-20,,,,,,,,,https://nsearchives.nseindia.com/corporate/ixbrl/IT_1852_20260620_144938588_WEB.html,,,,,,,,,,,,,,
ZYDUSLIFE,ZYDUS LIFESCIENCES LIMITED,Regulation 7 (2),,2026-06-20,,,,,,,,,https://nsearchives.nseindia.com/corporate/ixbrl/IT_1852_20260620_144938588_WEB.html,,,,,,,,,,,,,,
ZYDUSLIFE,ZYDUS LIFESCIENCES LIMITED,Regulation 7 (2),,2026-06-20,,,,,,,,,https://nsearchives.nseindia.com/corporate/ixbrl/IT_1852_20260620_144938588_WEB.html,,,,,,,,,,,,,,
ZYDUSLIFE,ZYDUS LIFESCIENCES LIMITED,Regulation 7 (2),,2026-06-20,,,,,,,,,https://nsearchives.nseindia.com/corporate/ixbrl/IT_1852_20260620_144938588_WEB.html,,,,,,,,,,,,,,
ALICON,ALICON CASTALLOY LIMITED,Regulation 7 (2),,2026-06-20,,,,,,,,,https://nsearchives.nseindia.com/corporate/ixbrl/IT_2440_20260620_150804418_WEB.html,,,,,,,,,,,,,,
MAZDA,MAZDA LIMITED,Regulation 7 (2),,2026-06-20,,,,,,,,,https://nsearchives.nseindia.com/corporate/ixbrl/IT_14337_20260620_144829220_WEB.html,,,,,,,,,,,,,,
MAZDA,MAZDA LIMITED,Regulation 7 (2),,2026-06-20,,,,,,,,,https://nsearchives.nseindia.com/corporate/ixbrl/IT_14337_20260620_144829220_WEB.html,,,,,,,,,,,,,,
NINSYS,Nintec Systems Limited,Regulation 7 (2),,2026-06-20,,,,,,,,,https://nsearchives.nseindia.com/corporate/ixbrl/IT_21310_20260620_144819141_WEB.html,,,,,,,,,,,,,,
NINSYS,Nintec Systems Limited,Regulation 7 (2),,2026-06-20,,,,,,,,,https://nsearchives.nseindia.com/corporate/ixbrl/IT_21310_20260620_144819141_WEB.html,,,,,,,,,,,,,,
NINSYS,Nintec Systems Limited,Regulation 7 (2),,2026-06-20,,,,,,,,,https://nsearchives.nseindia.com/corporate/ixbrl/IT_21310_20260620_144819141_WEB.html,,,,,,,,,,,,,,
NINSYS,Nintec Systems Limited,Regulation 7 (2),,2026-06-20,,,,,,,,,https://nsearchives.nseindia.com/corporate/ixbrl/IT_21310_20260620_144819141_WEB.html,,,,,,,,,,,,,,
NINSYS,Nintec Systems Limited,Regulation 7 (2),,2026-06-20,,,,,,,,,https://nsearchives.nseindia.com/corporate/ixbrl/IT_21310_20260620_144819141_WEB.html,,,,,,,,,,,,,,
NINSYS,Nintec Systems Limited,Regulation 7 (2),,2026-06-20,,,,,,,,,https://nsearchives.nseindia.com/corporate/ixbrl/IT_21310_20260620_144819141_WEB.html,,,,,,,,,,,,,,
NINSYS,Nintec Systems Limited,Regulation 7 (2),,2026-06-20,,,,,,,,,https://nsearchives.nseindia.com/corporate/ixbrl/IT_21310_20260620_132858206_WEB.html,,,,,,,,,,,,,,
NINSYS,Nintec Systems Limited,Regulation 7 (2),,2026-06-20,,,,,,,,,https://nsearchives.nseindia.com/corporate/ixbrl/IT_21310_20260620_132858206_WEB.html,,,,,,,,,,,,,,
NINSYS,Nintec Systems Limited,Regulation 7 (2),,2026-06-20,,,,,,,,,https://nsearchives.nseindia.com/corporate/ixbrl/IT_21310_20260620_132858206_WEB.html,,,,,,,,,,,,,,
NINSYS,Nintec Systems Limited,Regulation 7 (2),,2026-06-20,,,,,,,,,https://nsearchives.nseindia.com/corporate/ixbrl/IT_21310_20260620_132858206_WEB.html,,,,,,,,,,,,,,
NINSYS,Nintec Systems Limited,Regulation 7 (2),,2026-06-20,,,,,,,,,https://nsearchives.nseindia.com/corporate/ixbrl/IT_21310_20260620_132858206_WEB.html,,,,,,,,,,,,,,
NINSYS,Nintec Systems Limited,Regulation 7 (2),,2026-06-20,,,,,,,,,https://nsearchives.nseindia.com/corporate/ixbrl/IT_21310_20260620_132858206_WEB.html,,,,,,,,,,,,,,
MSPL,MSP STEEL & POWER LIMITED,Regulation 7 (2),,2026-06-20,,,,,,,,,https://nsearchives.nseindia.com/corporate/ixbrl/IT_2306_20260620_142925421_WEB.html,,,,,,,,,,,,,,
NINSYS,Nintec Systems Limited,Regulation 7 (2),,2026-06-20,,,,,,,,,https://nsearchives.nseindia.com/corporate/ixbrl/IT_21310_20260620_133027293_WEB.html,,,,,,,,,,,,,,
NINSYS,Nintec Systems Limited,Regulation 7 (2),,2026-06-20,,,,,,,,,https://nsearchives.nseindia.com/corporate/ixbrl/IT_21310_20260620_133027293_WEB.html,,,,,,,,,,,,,,
NINSYS,Nintec Systems Limited,Regulation 7 (2),,2026-06-20,,,,,,,,,https://nsearchives.nseindia.com/corporate/ixbrl/IT_21310_20260620_133027293_WEB.html,,,,,,,,,,,,,,
NINSYS,Nintec Systems Limited,Regulation 7 (2),,2026-06-20,,,,,,,,,https://nsearchives.nseindia.com/corporate/ixbrl/IT_21310_20260620_133027293_WEB.html,,,,,,,,,,,,,,
NINSYS,Nintec Systems Limited,Regulation 7 (2),,2026-06-20,,,,,,,,,https://nsearchives.nseindia.com/corporate/ixbrl/IT_21310_20260620_133027293_WEB.html,,,,,,,,,,,,,,
NINSYS,Nintec Systems Limited,Regulation 7 (2),,2026-06-20,,,,,,,,,https://nsearchives.nseindia.com/corporate/ixbrl/IT_21310_20260620_133027293_WEB.html,,,,,,,,,,,,,,
MAZDA,MAZDA LIMITED,Regulation 7 (2),,2026-06-20,,,,,,,,,https://nsearchives.nseindia.com/corporate/ixbrl/IT_14337_20260620_125451119_WEB.html,,,,,,,,,,,,,,
MAZDA,MAZDA LIMITED,Regulation 7 (2),,2026-06-20,,,,,,,,,https://nsearchives.nseindia.com/corporate/ixbrl/IT_14337_20260620_125451119_WEB.html,,,,,,,,,,,,,,
MSPL,MSP STEEL & POWER LIMITED,Regulation 7 (2),,2026-06-20,,,,,,,,,https://nsearchives.nseindia.com/corporate/ixbrl/IT_2306_20260620_142748451_WEB.html,,,,,,,,,,,,,,
MAZDA,MAZDA LIMITED,Regulation 7 (2),,2026-06-20,,,,,,,,,https://nsearchives.nseindia.com/corporate/ixbrl/IT_14337_20260620_124857992_WEB.html,,,,,,,,,,,,,,
MAZDA,MAZDA LIMITED,Regulation 7 (2),,2026-06-20,,,,,,,,,https://nsearchives.nseindia.com/corporate/ixbrl/IT_14337_20260620_124857992_WEB.html,,,,,,,,,,,,,,
MAZDA,MAZDA LIMITED,Regulation 7 (2),,2026-06-20,,,,,,,,,https://nsearchives.nseindia.com/corporate/ixbrl/IT_14337_20260620_124954237_WEB.html,,,,,,,,,,,,,,
MAZDA,MAZDA LIMITED,Regulation 7 (2),,2026-06-20,,,,,,,,,https://nsearchives.nseindia.com/corporate/ixbrl/IT_14337_20260620_124954237_WEB.html,,,,,,,,,,,,,,
360ONE,360 ONE WAM LIMITED,Regulation 7 (2),,2026-06-19,,,,,,,,,https://nsearchives.nseindia.com/corporate/ixbrl/IT_17593_20260619_230325936_WEB.html,,,,,,,,,,,,,,
360ONE,360 ONE WAM LIMITED,Regulation 7 (2),,2026-06-19,,,,,,,,,https://nsearchives.nseindia.com/corporate/ixbrl/IT_17593_20260619_230325936_WEB.html,,,,,,,,,,,,,,
360ONE,360 ONE WAM LIMITED,Regulation 7 (2),,2026-06-19,,,,,,,,,https://nsearchives.nseindia.com/corporate/ixbrl/IT_17593_20260619_230325936_WEB.html,,,,,,,,,,,,,,
360ONE,360 ONE WAM LIMITED,Regulation 7 (2),,2026-06-19,,,,,,,,,https://nsearchives.nseindia.com/corporate/ixbrl/IT_17593_20260619_230325936_WEB.html,,,,,,,,,,,,,,
PLASTIBLEN,PLASTIBLENDS INDIA LIMITED,Regulation 7 (2),,2026-06-19,,,,,,,,,https://nsearchives.nseindia.com/corporate/ixbrl/IT_2485_20260619_221152542_WEB.html,,,,,,,,,,,,,,
PLASTIBLEN,PLASTIBLENDS INDIA LIMITED,Regulation 7 (2),,2026-06-19,,,,,,,,,https://nsearchives.nseindia.com/corporate/ixbrl/IT_2485_20260619_221152542_WEB.html,,,,,,,,,,,,,,
PLASTIBLEN,PLASTIBLENDS INDIA LIMITED,Regulation 7 (2),,2026-06-19,,,,,,,,,https://nsearchives.nseindia.com/corporate/ixbrl/IT_2485_20260619_221152542_WEB.html,,,,,,,,,,,,,,
STEL,STEL HOLDINGS LIMITED,Regulation 7 (2),,2026-06-19,,,,,,,,,https://nsearchives.nseindia.com/corporate/ixbrl/IT_4020_20260619_230912585_WEB.html,,,,,,,,,,,,,,
STEL,STEL HOLDINGS LIMITED,Regulation 7 (2),,2026-06-19,,,,,,,,,https://nsearchives.nseindia.com/corporate/ixbrl/IT_4020_20260619_230912585_WEB.html,,,,,,,,,,,,,,
GAYAPROJ,GAYATRI PROJECTS LIMITED,Regulation 7 (2),,2026-06-19,,,,,,,,,https://nsearchives.nseindia.com/corporate/ixbrl/IT_5145_20260619_193934756_WEB.html,,,,,,,,,,,,,,
GAYAPROJ,GAYATRI PROJECTS LIMITED,Regulation 7 (2),,2026-06-19,,,,,,,,,https://nsearchives.nseindia.com/corporate/ixbrl/IT_5145_20260619_193934756_WEB.html,,,,,,,,,,,,,,
KIRLPNU,KIRLOSKAR PNEUMATIC COMPANY LIMITED,Regulation 7 (2),,2026-06-19,,,,,,,,,https://nsearchives.nseindia.com/corporate/ixbrl/IT_21921_20260619_202258606_WEB.html,,,,,,,,,,,,,,
KIRLPNU,KIRLOSKAR PNEUMATIC COMPANY LIMITED,Regulation 7 (2),,2026-06-19,,,,,,,,,https://nsearchives.nseindia.com/corporate/ixbrl/IT_21921_20260619_202258606_WEB.html,,,,,,,,,,,,,,
KIRLPNU,KIRLOSKAR PNEUMATIC COMPANY LIMITED,Regulation 7 (2),,2026-06-19,,,,,,,,,https://nsearchives.nseindia.com/corporate/ixbrl/IT_21921_20260619_202258606_WEB.html,,,,,,,,,,,,,,
KIRLPNU,KIRLOSKAR PNEUMATIC COMPANY LIMITED,Regulation 7 (2),,2026-06-19,,,,,,,,,https://nsearchives.nseindia.com/corporate/ixbrl/IT_21921_20260619_202258606_WEB.html,,,,,,,,,,,,,,
RELTD,Ravindra Energy Limited,Regulation 7 (2),,2026-06-19,,,,,,,,,https://nsearchives.nseindia.com/corporate/ixbrl/IT_23918_20260619_221137610_WEB.html,,,,,,,,,,,,,,
GAYAPROJ,GAYATRI PROJECTS LIMITED,Regulation 7 (2),,2026-06-19,,,,,,,,,https://nsearchives.nseindia.com/corporate/ixbrl/IT_5145_20260619_193322437_WEB.html,,,,,,,,,,,,,,
GAYAPROJ,GAYATRI PROJECTS LIMITED,Regulation 7 (2),,2026-06-19,,,,,,,,,https://nsearchives.nseindia.com/corporate/ixbrl/IT_5145_20260619_193322437_WEB.html,,,,,,,,,,,,,,
AXISBANK,Axis Bank Limited,Regulation 7 (3),,2026-06-19,,,,,,,,,https://nsearchives.nseindia.com/corporate/ixbrl/IT_1693_20260619_190740647_WEB.html,,,,,,,,,,,,,,
MAPMYINDIA,C.E. Info Systems Limited,Regulation 7 (2),,2026-06-19,,,,,,,,,https://nsearchives.nseindia.com/corporate/ixbrl/IT_19937_20260619_190257498_WEB.html,,,,,,,,,,,,,,
RELTD,Ravindra Energy Limited,Regulation 7 (2),,2026-06-19,,,,,,,,,https://nsearchives.nseindia.com/corporate/ixbrl/IT_23918_20260619_222912005_WEB.html,,,,,,,,,,,,,,
MAPMYINDIA,C.E. Info Systems Limited,Regulation 7 (2),,2026-06-19,,,,,,,,,https://nsearchives.nseindia.com/corporate/ixbrl/IT_19937_20260619_190322532_WEB.html,,,,,,,,,,,,,,
APLLTD,Alembic Pharmaceuticals Limited,Regulation 7 (2),,2026-06-19,,,,,,,,,https://nsearchives.nseindia.com/corporate/ixbrl/IT_5232_20260619_190952608_WEB.html,,,,,,,,,,,,,,
KABRAEXTRU,KABRA EXTRUSION TECHNIK LIMITED,Regulation 7 (2),,2026-06-19,,,,,,,,,https://nsearchives.nseindia.com/corporate/ixbrl/IT_690_20260619_180736802_WEB.html,,,,,,,,,,,,,,
KABRAEXTRU,KABRA EXTRUSION TECHNIK LIMITED,Regulation 7 (2),,2026-06-19,,,,,,,,,https://nsearchives.nseindia.com/corporate/ixbrl/IT_690_20260619_180736802_WEB.html,,,,,,,,,,,,,,
KABRAEXTRU,KABRA EXTRUSION TECHNIK LIMITED,Regulation 7 (2),,2026-06-19,,,,,,,,,https://nsearchives.nseindia.com/corporate/ixbrl/IT_690_20260619_180736802_WEB.html,,,,,,,,,,,,,,
EVEREADY,EVEREADY INDUSTRIES INDIA LIMITED,Regulation 7 (3),,2026-06-19,,,,,,,,,https://nsearchives.nseindia.com/corporate/ixbrl/IT_2275_20260619_181126986_WEB.html,,,,,,,,,,,,,,
DOMS,DOMS INDUSTRIES LIMITED,Regulation 7 (2),,2026-06-19,,,,,,,,,https://nsearchives.nseindia.com/corporate/ixbrl/IT_22419_20260619_184415280_WEB.html,,,,,,,,,,,,,,
GICRE,GENERAL INSURANCE CORPORATION OF INDIA,Regulation 7 (2),,2026-06-19,,,,,,,,,https://nsearchives.nseindia.com/corporate/ixbrl/IT_15548_20260619_182504114_WEB.html,,,,,,,,,,,,,,
LALPATHLAB,DR. LAL PATHLABS LIMITED,Regulation 7 (2),,2026-06-19,,,,,,,,,https://nsearchives.nseindia.com/corporate/ixbrl/IT_13310_20260619_180341754_WEB.html,,,,,,,,,,,,,,
LALPATHLAB,DR. LAL PATHLABS LIMITED,Regulation 7 (2),,2026-06-19,,,,,,,,,https://nsearchives.nseindia.com/corporate/ixbrl/IT_13310_20260619_180341754_WEB.html,,,,,,,,,,,,,,
LALPATHLAB,DR. LAL PATHLABS LIMITED,Regulation 7 (2),,2026-06-19,,,,,,,,,https://nsearchives.nseindia.com/corporate/ixbrl/IT_13310_20260619_180341754_WEB.html,,,,,,,,,,,,,,
LALPATHLAB,DR. LAL PATHLABS LIMITED,Regulation 7 (2),,2026-06-19,,,,,,,,,https://nsearchives.nseindia.com/corporate/ixbrl/IT_13310_20260619_180341754_WEB.html,,,,,,,,,,,,,,
LALPATHLAB,DR. LAL PATHLABS LIMITED,Regulation 7 (2),,2026-06-19,,,,,,,,,https://nsearchives.nseindia.com/corporate/ixbrl/IT_13310_20260619_180341754_WEB.html,,,,,,,,,,,,,,
LALPATHLAB,DR. LAL PATHLABS LIMITED,Regulation 7 (2),,2026-06-19,,,,,,,,,https://nsearchives.nseindia.com/corporate/ixbrl/IT_13310_20260619_180341754_WEB.html,,,,,,,,,,,,,,
LALPATHLAB,DR. LAL PATHLABS LIMITED,Regulation 7 (2),,2026-06-19,,,,,,,,,https://nsearchives.nseindia.com/corporate/ixbrl/IT_13310_20260619_180341754_WEB.html,,,,,,,,,,,,,,
CENTUM,CENTUM ELECTRONICS LIMITED,Regulation 7 (2),,2026-06-19,,,,,,,,,https://nsearchives.nseindia.com/corporate/ixbrl/IT_2659_20260619_174518177_WEB.html,,,,,,,,,,,,,,
TTL,T T LIMITED,Regulation 7 (2),,2026-06-19,,,,,,,,,https://nsearchives.nseindia.com/corporate/ixbrl/IT_2534_20260619_175432581_WEB.html,,,,,,,,,,,,,,
DLINKINDIA,D-Link (India) Limited,Regulation 7 (3),,2026-06-19,,,,,,,,,https://nsearchives.nseindia.com/corporate/ixbrl/IT_3008_20260619_173202972_WEB.html,,,,,,,,,,,,,,
DOMS,DOMS INDUSTRIES LIMITED,Regulation 7 (2),,2026-06-19,,,,,,,,,https://nsearchives.nseindia.com/corporate/ixbrl/IT_22419_20260619_183914526_WEB.html,,,,,,,,,,,,,,
MOTOGENFIN,THE MOTOR & GENERAL FINANCE LIMITED,Regulation 7 (2),,2026-06-19,,,,,,,,,https://nsearchives.nseindia.com/corporate/ixbrl/IT_279_20260619_155552507_WEB.html,,,,,,,,,,,,,,
GRAVITA,GRAVITA INDIA LIMITED,Regulation 7 (2),,2026-06-19,,,,,,,,,https://nsearchives.nseindia.com/corporate/ixbrl/IT_3733_20260619_180152764_WEB.html,,,,,,,,,,,,,,
HGS,HINDUJA GLOBAL SOLUTIONS LIMITED,Regulation 7 (2),,2026-06-19,,,,,,,,,https://nsearchives.nseindia.com/corporate/ixbrl/IT_2614_20260619_165546190_WEB.html,,,,,,,,,,,,,,
HGS,HINDUJA GLOBAL SOLUTIONS LIMITED,Regulation 7 (2),,2026-06-19,,,,,,,,,https://nsearchives.nseindia.com/corporate/ixbrl/IT_2614_20260619_165546190_WEB.html,,,,,,,,,,,,,,
HGS,HINDUJA GLOBAL SOLUTIONS LIMITED,Regulation 7 (2),,2026-06-19,,,,,,,,,https://nsearchives.nseindia.com/corporate/ixbrl/IT_2614_20260619_165546190_WEB.html,,,,,,,,,,,,,,
HGS,HINDUJA GLOBAL SOLUTIONS LIMITED,Regulation 7 (2),,2026-06-19,,,,,,,,,https://nsearchives.nseindia.com/corporate/ixbrl/IT_2614_20260619_165612750_WEB.html,,,,,,,,,,,,,,
HGS,HINDUJA GLOBAL SOLUTIONS LIMITED,Regulation 7 (2),,2026-06-19,,,,,,,,,https://nsearchives.nseindia.com/corporate/ixbrl/IT_2614_20260619_165612750_WEB.html,,,,,,,,,,,,,,
HGS,HINDUJA GLOBAL SOLUTIONS LIMITED,Regulation 7 (2),,2026-06-19,,,,,,,,,https://nsearchives.nseindia.com/corporate/ixbrl/IT_2614_20260619_165612750_WEB.html,,,,,,,,,,,,,,
PGHH,Procter & Gamble Hygiene and Health Care Limited,Regulation 7 (2),,2026-06-19,,,,,,,,,https://nsearchives.nseindia.com/corporate/ixbrl/IT_1062_20260619_150429716_WEB.html,,,,,,,,,,,,,,
PGHH,Procter & Gamble Hygiene and Health Care Limited,Regulation 7 (2),,2026-06-19,,,,,,,,,https://nsearchives.nseindia.com/corporate/ixbrl/IT_1062_20260619_150429716_WEB.html,,,,,,,,,,,,,,
JMA,JULLUNDUR MOTOR AGENCY (DELHI) LIMITED,Regulation 7 (2),,2026-06-19,,,,,,,,,https://nsearchives.nseindia.com/corporate/ixbrl/IT_11641_20260619_145822074_WEB.html,,,,,,,,,,,,,,
WESTLIFE,WESTLIFE FOODWORLD LIMITED,Regulation 7 (3),,2026-06-19,,,,,,,,,https://nsearchives.nseindia.com/corporate/ixbrl/IT_17571_20260619_150903637_WEB.html,,,,,,,,,,,,,,
WESTLIFE,WESTLIFE FOODWORLD LIMITED,Regulation 7 (3),,2026-06-19,,,,,,,,,https://nsearchives.nseindia.com/corporate/ixbrl/IT_17571_20260619_150903637_WEB.html,,,,,,,,,,,,,,
SPAL,S. P. APPARELS LIMITED,Regulation 7 (2),,2026-06-19,,,,,,,,,https://nsearchives.nseindia.com/corporate/ixbrl/IT_14100_20260619_135112291_WEB.html,,,,,,,,,,,,,,
NAVA,NAVA LIMITED,Regulation 7 (2),,2026-06-19,,,,,,,,,https://nsearchives.nseindia.com/corporate/ixbrl/IT_1264_20260619_152036671_WEB.html,,,,,,,,,,,,,,
NAVA,NAVA LIMITED,Regulation 7 (2),,2026-06-19,,,,,,,,,https://nsearchives.nseindia.com/corporate/ixbrl/IT_1264_20260619_152036671_WEB.html,,,,,,,,,,,,,,
NAVA,NAVA LIMITED,Regulation 7 (2),,2026-06-19,,,,,,,,,https://nsearchives.nseindia.com/corporate/ixbrl/IT_1264_20260619_152036671_WEB.html,,,,,,,,,,,,,,
NAVA,NAVA LIMITED,Regulation 7 (2),,2026-06-19,,,,,,,,,https://nsearchives.nseindia.com/corporate/ixbrl/IT_1264_20260619_152036671_WEB.html,,,,,,,,,,,,,,
NAVA,NAVA LIMITED,Regulation 7 (2),,2026-06-19,,,,,,,,,https://nsearchives.nseindia.com/corporate/ixbrl/IT_1264_20260619_152036671_WEB.html,,,,,,,,,,,,,,
NAVA,NAVA LIMITED,Regulation 7 (2),,2026-06-19,,,,,,,,,https://nsearchives.nseindia.com/corporate/ixbrl/IT_1264_20260619_152036671_WEB.html,,,,,,,,,,,,,,
NAVA,NAVA LIMITED,Regulation 7 (2),,2026-06-19,,,,,,,,,https://nsearchives.nseindia.com/corporate/ixbrl/IT_1264_20260619_152036671_WEB.html,,,,,,,,,,,,,,
NAVA,NAVA LIMITED,Regulation 7 (2),,2026-06-19,,,,,,,,,https://nsearchives.nseindia.com/corporate/ixbrl/IT_1264_20260619_152036671_WEB.html,,,,,,,,,,,,,,
NAVA,NAVA LIMITED,Regulation 7 (2),,2026-06-19,,,,,,,,,https://nsearchives.nseindia.com/corporate/ixbrl/IT_1264_20260619_152036671_WEB.html,,,,,,,,,,,,,,
NAVA,NAVA LIMITED,Regulation 7 (2),,2026-06-19,,,,,,,,,https://nsearchives.nseindia.com/corporate/ixbrl/IT_1264_20260619_152036671_WEB.html,,,,,,,,,,,,,,
NAVA,NAVA LIMITED,Regulation 7 (2),,2026-06-19,,,,,,,,,https://nsearchives.nseindia.com/corporate/ixbrl/IT_1264_20260619_152036671_WEB.html,,,,,,,,,,,,,,
NAVA,NAVA LIMITED,Regulation 7 (2),,2026-06-19,,,,,,,,,https://nsearchives.nseindia.com/corporate/ixbrl/IT_1264_20260619_152036671_WEB.html,,,,,,,,,,,,,,
NAVA,NAVA LIMITED,Regulation 7 (2),,2026-06-19,,,,,,,,,https://nsearchives.nseindia.com/corporate/ixbrl/IT_1264_20260619_152036671_WEB.html,,,,,,,,,,,,,,
SPAL,S. P. APPARELS LIMITED,Regulation 7 (2),,2026-06-19,,,,,,,,,https://nsearchives.nseindia.com/corporate/ixbrl/IT_14100_20260619_134902510_WEB.html,,,,,,,,,,,,,,
VISAKAIND,Visaka Industries Limited,Regulation 7 (2),,2026-06-19,,,,,,,,,https://nsearchives.nseindia.com/corporate/ixbrl/IT_1388_20260619_135416577_WEB.html,,,,,,,,,,,,,,
HAPPYFORGE,HAPPY FORGINGS LIMITED,Regulation 7 (2),,2026-06-19,,,,,,,,,https://nsearchives.nseindia.com/corporate/ixbrl/IT_22370_20260619_144637846_WEB.html,,,,,,,,,,,,,,
HAPPYFORGE,HAPPY FORGINGS LIMITED,Regulation 7 (2),,2026-06-19,,,,,,,,,https://nsearchives.nseindia.com/corporate/ixbrl/IT_22370_20260619_144637846_WEB.html,,,,,,,,,,,,,,
HAPPYFORGE,HAPPY FORGINGS LIMITED,Regulation 7 (2),,2026-06-19,,,,,,,,,https://nsearchives.nseindia.com/corporate/ixbrl/IT_22370_20260619_144637846_WEB.html,,,,,,,,,,,,,,
HAPPYFORGE,HAPPY FORGINGS LIMITED,Regulation 7 (2),,2026-06-19,,,,,,,,,https://nsearchives.nseindia.com/corporate/ixbrl/IT_22370_20260619_144637846_WEB.html,,,,,,,,,,,,,,
QUESS,Quess Corp Limited,Regulation 7 (2),,2026-06-19,,,,,,,,,https://nsearchives.nseindia.com/corporate/ixbrl/IT_14019_20260619_144019530_WEB.html,,,,,,,,,,,,,,
QUESS,Quess Corp Limited,Regulation 7 (2),,2026-06-19,,,,,,,,,https://nsearchives.nseindia.com/corporate/ixbrl/IT_14019_20260619_144019530_WEB.html,,,,,,,,,,,,,,
STYLAMIND,STYLAM INDUSTRIES LIMITED,Regulation 7 (2),,2026-06-19,,,,,,,,,https://nsearchives.nseindia.com/corporate/ixbrl/IT_19048_20260619_130425809_WEB.html,,,,,,,,,,,,,,
STYLAMIND,STYLAM INDUSTRIES LIMITED,Regulation 7 (2),,2026-06-19,,,,,,,,,https://nsearchives.nseindia.com/corporate/ixbrl/IT_19048_20260619_130425809_WEB.html,,,,,,,,,,,,,,
STYLAMIND,STYLAM INDUSTRIES LIMITED,Regulation 7 (2),,2026-06-19,,,,,,,,,https://nsearchives.nseindia.com/corporate/ixbrl/IT_19048_20260619_130425809_WEB.html,,,,,,,,,,,,,,
STYLAMIND,STYLAM INDUSTRIES LIMITED,Regulation 7 (2),,2026-06-19,,,,,,,,,https://nsearchives.nseindia.com/corporate/ixbrl/IT_19048_20260619_125956708_WEB.html,,,,,,,,,,,,,,
ARVINDFASN,ARVIND FASHIONS LIMITED,Regulation 7 (2),,2026-06-19,,,,,,,,,https://nsearchives.nseindia.com/corporate/ixbrl/IT_17278_20260619_125714583_WEB.html,,,,,,,,,,,,,,
SHYAMMETL,SHYAM METALICS AND ENERGY LIMITED,Regulation 7 (2),,2026-06-19,,,,,,,,,https://nsearchives.nseindia.com/corporate/ixbrl/IT_19311_20260619_133424886_WEB.html,,,,,,,,,,,,,,
SHYAMMETL,SHYAM METALICS AND ENERGY LIMITED,Regulation 7 (2),,2026-06-19,,,,,,,,,https://nsearchives.nseindia.com/corporate/ixbrl/IT_19311_20260619_133424886_WEB.html,,,,,,,,,,,,,,
SHYAMMETL,SHYAM METALICS AND ENERGY LIMITED,Regulation 7 (2),,2026-06-19,,,,,,,,,https://nsearchives.nseindia.com/corporate/ixbrl/IT_19311_20260619_133424886_WEB.html,,,,,,,,,,,,,,
SHYAMMETL,SHYAM METALICS AND ENERGY LIMITED,Regulation 7 (2),,2026-06-19,,,,,,,,,https://nsearchives.nseindia.com/corporate/ixbrl/IT_19311_20260619_133424886_WEB.html,,,,,,,,,,,,,,
SHYAMMETL,SHYAM METALICS AND ENERGY LIMITED,Regulation 7 (2),,2026-06-19,,,,,,,,,https://nsearchives.nseindia.com/corporate/ixbrl/IT_19311_20260619_133424886_WEB.html,,,,,,,,,,,,,,
SHYAMMETL,SHYAM METALICS AND ENERGY LIMITED,Regulation 7 (2),,2026-06-19,,,,,,,,,https://nsearchives.nseindia.com/corporate/ixbrl/IT_19311_20260619_133424886_WEB.html,,,,,,,,,,,,,,
SHYAMMETL,SHYAM METALICS AND ENERGY LIMITED,Regulation 7 (2),,2026-06-19,,,,,,,,,https://nsearchives.nseindia.com/corporate/ixbrl/IT_19311_20260619_133424886_WEB.html,,,,,,,,,,,,,,
SHYAMMETL,SHYAM METALICS AND ENERGY LIMITED,Regulation 7 (2),,2026-06-19,,,,,,,,,https://nsearchives.nseindia.com/corporate/ixbrl/IT_19311_20260619_133424886_WEB.html,,,,,,,,,,,,,,
SHYAMMETL,SHYAM METALICS AND ENERGY LIMITED,Regulation 7 (2),,2026-06-19,,,,,,,,,https://nsearchives.nseindia.com/corporate/ixbrl/IT_19311_20260619_133424886_WEB.html,,,,,,,,,,,,,,
BERGEPAINT,BERGER PAINTS (I) LIMITED,Regulation 7 (2),,2026-06-19,,,,,,,,,https://nsearchives.nseindia.com/corporate/ixbrl/IT_488_20260619_130430895_WEB.html,,,,,,,,,,,,,,
AURUM,Aurum PropTech Limited,Regulation 7 (2),,2026-06-19,,,,,,,,,https://nsearchives.nseindia.com/corporate/ixbrl/IT_12987_20260619_104117399_WEB.html,,,,,,,,,,,,,,
CTE,Cambridge Technology Enterprises Limited,Regulation 7 (2),,2026-03-27,,,,,,,,,https://nsearchives.nseindia.com/corporate/ixbrl/IT_2522_20260619_124307651_WEB.html,,,,,,,,,,,,,,Correction of transaction value in the XBRL in accordance to the mail received from BSE.
CTE,Cambridge Technology Enterprises Limited,Regulation 7 (2),,2026-03-27,,,,,,,,,https://nsearchives.nseindia.com/corporate/ixbrl/IT_2522_20260619_124307651_WEB.html,,,,,,,,,,,,,,Correction of transaction value in the XBRL in accordance to the mail received from BSE.
RISHABH,RISHABH INSTRUMENTS LIMITED,Regulation 7 (2),,2026-06-19,,,,,,,,,https://nsearchives.nseindia.com/corporate/ixbrl/IT_21507_20260619_111332306_WEB.html,,,,,,,,,,,,,,
ECLERX,eClerx Services Ltd,Regulation 7 (2),,2026-06-19,,,,,,,,,https://nsearchives.nseindia.com/corporate/ixbrl/IT_2698_20260619_120447272_WEB.html,,,,,,,,,,,,,,
ECLERX,eClerx Services Ltd,Regulation 7 (2),,2026-06-19,,,,,,,,,https://nsearchives.nseindia.com/corporate/ixbrl/IT_2698_20260619_120447272_WEB.html,,,,,,,,,,,,,,
ECLERX,eClerx Services Ltd,Regulation 7 (2),,2026-06-19,,,,,,,,,https://nsearchives.nseindia.com/corporate/ixbrl/IT_2698_20260619_120447272_WEB.html,,,,,,,,,,,,,,
CENTUM,CENTUM ELECTRONICS LIMITED,Regulation 7 (2),,2026-06-18,,,,,,,,,https://nsearchives.nseindia.com/corporate/ixbrl/IT_2659_20260618_225522606_WEB.html,,,,,,,,,,,,,,
CENTUM,CENTUM ELECTRONICS LIMITED,Regulation 7 (2),,2026-06-18,,,,,,,,,https://nsearchives.nseindia.com/corporate/ixbrl/IT_2659_20260618_225522606_WEB.html,,,,,,,,,,,,,,
RISHABH,RISHABH INSTRUMENTS LIMITED,Regulation 7 (2),,2026-06-19,,,,,,,,,https://nsearchives.nseindia.com/corporate/ixbrl/IT_21507_20260619_110852855_WEB.html,,,,,,,,,,,,,,
THYROCARE,Thyrocare Technologies Limited,Regulation 7 (2),,2026-06-18,,,,,,,,,https://nsearchives.nseindia.com/corporate/ixbrl/IT_13770_20260618_193220123_WEB.html,,,,,,,,,,,,,,
INDIQUBE,Indiqube Spaces Limited,Regulation 7 (2),,2026-06-18,,,,,,,,,https://nsearchives.nseindia.com/corporate/ixbrl/IT_25080_20260618_205216567_WEB.html,,,,,,,,,,,,,,
SENCO,SENCO GOLD LIMITED,Regulation 7 (2),,2026-06-18,,,,,,,,,https://nsearchives.nseindia.com/corporate/ixbrl/IT_20714_20260618_190419224_WEB.html,,,,,,,,,,,,,,
AEROENTER,AEROFLEX ENTERPRISES LIMITED,Regulation 7 (2),,2026-06-18,,,,,,,,,https://nsearchives.nseindia.com/corporate/ixbrl/IT_21141_20260618_205336745_WEB.html,,,,,,,,,,,,,,
PENIND,PENNAR INDUSTRIES LIMITED,Regulation 7 (2),,2026-06-18,,,,,,,,,https://nsearchives.nseindia.com/corporate/ixbrl/IT_3769_20260618_221857518_WEB.html,,,,,,,,,,,,,,
SURAJEST,Suraj Estate Developers Limited,Regulation 7 (2),,2026-06-18,,,,,,,,,https://nsearchives.nseindia.com/corporate/ixbrl/IT_20525_20260618_192026657_WEB.html,,,,,,,,,,,,,,
360ONE,360 ONE WAM LIMITED,Regulation 7 (2),,2026-06-18,,,,,,,,,https://nsearchives.nseindia.com/corporate/ixbrl/IT_17593_20260618_183658623_WEB.html,,,,,,,,,,,,,,
360ONE,360 ONE WAM LIMITED,Regulation 7 (2),,2026-06-18,,,,,,,,,https://nsearchives.nseindia.com/corporate/ixbrl/IT_17593_20260618_183658623_WEB.html,,,,,,,,,,,,,,
360ONE,360 ONE WAM LIMITED,Regulation 7 (2),,2026-06-18,,,,,,,,,https://nsearchives.nseindia.com/corporate/ixbrl/IT_17593_20260618_183658623_WEB.html,,,,,,,,,,,,,,
360ONE,360 ONE WAM LIMITED,Regulation 7 (2),,2026-06-18,,,,,,,,,https://nsearchives.nseindia.com/corporate/ixbrl/IT_17593_20260618_183658623_WEB.html,,,,,,,,,,,,,,
360ONE,360 ONE WAM LIMITED,Regulation 7 (2),,2026-06-18,,,,,,,,,https://nsearchives.nseindia.com/corporate/ixbrl/IT_17593_20260618_183658623_WEB.html,,,,,,,,,,,,,,
360ONE,360 ONE WAM LIMITED,Regulation 7 (2),,2026-06-18,,,,,,,,,https://nsearchives.nseindia.com/corporate/ixbrl/IT_17593_20260618_183658623_WEB.html,,,,,,,,,,,,,,
360ONE,360 ONE WAM LIMITED,Regulation 7 (2),,2026-06-18,,,,,,,,,https://nsearchives.nseindia.com/corporate/ixbrl/IT_17593_20260618_183658623_WEB.html,,,,,,,,,,,,,,
UMAEXPORTS,Uma Exports Limited,Regulation 7 (2),,2026-06-18,,,,,,,,,https://nsearchives.nseindia.com/corporate/ixbrl/IT_20022_20260618_183658356_WEB.html,,,,,,,,,,,,,,
UMAEXPORTS,Uma Exports Limited,Regulation 7 (2),,2026-06-18,,,,,,,,,https://nsearchives.nseindia.com/corporate/ixbrl/IT_20022_20260618_183436706_WEB.html,,,,,,,,,,,,,,
PNGSREVA,PNGS REVA DIAMOND JEWELLERY LIMITED,Regulation 7 (2),,2026-06-18,,,,,,,,,https://nsearchives.nseindia.com/corporate/ixbrl/IT_26347_20260618_180612524_WEB.html,,,,,,,,,,,,,,
EVEREADY,EVEREADY INDUSTRIES INDIA LIMITED,Regulation 7 (3),,2026-06-18,,,,,,,,,https://nsearchives.nseindia.com/corporate/ixbrl/IT_2275_20260618_182000048_WEB.html,,,,,,,,,,,,,,
MSPL,MSP STEEL & POWER LIMITED,Regulation 7 (2),,2026-06-18,,,,,,,,,https://nsearchives.nseindia.com/corporate/ixbrl/IT_2306_20260618_171827641_WEB.html,,,,,,,,,,,,,,
MSPL,MSP STEEL & POWER LIMITED,Regulation 7 (2),,2026-06-18,,,,,,,,,https://nsearchives.nseindia.com/corporate/ixbrl/IT_2306_20260618_171827641_WEB.html,,,,,,,,,,,,,,
MSPL,MSP STEEL & POWER LIMITED,Regulation 7 (2),,2026-06-18,,,,,,,,,https://nsearchives.nseindia.com/corporate/ixbrl/IT_2306_20260618_171827641_WEB.html,,,,,,,,,,,,,,
GOKUL,GOKUL REFOILS AND SOLVENT LIMITED,Regulation 7 (2),,2026-06-18,,,,,,,,,https://nsearchives.nseindia.com/corporate/ixbrl/IT_2754_20260618_174458839_WEB.html,,,,,,,,,,,,,,
GOKUL,GOKUL REFOILS AND SOLVENT LIMITED,Regulation 7 (2),,2026-06-18,,,,,,,,,https://nsearchives.nseindia.com/corporate/ixbrl/IT_2754_20260618_174458839_WEB.html,,,,,,,,,,,,,,
KOTYARK,KOTYARK INDUSTRIES LIMITED,Regulation 7 (2),,2026-06-18,,,,,,,,,https://nsearchives.nseindia.com/corporate/ixbrl/IT_19992_20260618_175024377_WEB.html,,,,,,,,,,,,,,
KOTYARK,KOTYARK INDUSTRIES LIMITED,Regulation 7 (2),,2026-06-18,,,,,,,,,https://nsearchives.nseindia.com/corporate/ixbrl/IT_19992_20260618_175024377_WEB.html,,,,,,,,,,,,,,
JSWSTEEL,JSW STEEL LIMITED,Regulation 7 (2),,2026-06-18,,,,,,,,,https://nsearchives.nseindia.com/corporate/ixbrl/IT_2266_20260618_172400556_WEB.html,,,,,,,,,,,,,,
JSWSTEEL,JSW STEEL LIMITED,Regulation 7 (2),,2026-06-18,,,,,,,,,https://nsearchives.nseindia.com/corporate/ixbrl/IT_2266_20260618_172400556_WEB.html,,,,,,,,,,,,,,
JSWSTEEL,JSW STEEL LIMITED,Regulation 7 (2),,2026-06-18,,,,,,,,,https://nsearchives.nseindia.com/corporate/ixbrl/IT_2266_20260618_172400556_WEB.html,,,,,,,,,,,,,,
JSWSTEEL,JSW STEEL LIMITED,Regulation 7 (2),,2026-06-18,,,,,,,,,https://nsearchives.nseindia.com/corporate/ixbrl/IT_2266_20260618_172400556_WEB.html,,,,,,,,,,,,,,
JSWSTEEL,JSW STEEL LIMITED,Regulation 7 (2),,2026-06-18,,,,,,,,,https://nsearchives.nseindia.com/corporate/ixbrl/IT_2266_20260618_172400556_WEB.html,,,,,,,,,,,,,,
JSWSTEEL,JSW STEEL LIMITED,Regulation 7 (2),,2026-06-18,,,,,,,,,https://nsearchives.nseindia.com/corporate/ixbrl/IT_2266_20260618_172400556_WEB.html,,,,,,,,,,,,,,
JSWSTEEL,JSW STEEL LIMITED,Regulation 7 (2),,2026-06-18,,,,,,,,,https://nsearchives.nseindia.com/corporate/ixbrl/IT_2266_20260618_172400556_WEB.html,,,,,,,,,,,,,,
MOTOGENFIN,THE MOTOR & GENERAL FINANCE LIMITED,Regulation 7 (2),,2026-06-18,,,,,,,,,https://nsearchives.nseindia.com/corporate/ixbrl/IT_279_20260618_170422280_WEB.html,,,,,,,,,,,,,,
RELTD,Ravindra Energy Limited,Regulation 7 (2),,2026-06-18,,,,,,,,,https://nsearchives.nseindia.com/corporate/ixbrl/IT_23918_20260618_165303288_WEB.html,,,,,,,,,,,,,,
MSPL,MSP STEEL & POWER LIMITED,Regulation 7 (2),,2026-06-18,,,,,,,,,https://nsearchives.nseindia.com/corporate/ixbrl/IT_2306_20260618_171756029_WEB.html,,,,,,,,,,,,,,
MSPL,MSP STEEL & POWER LIMITED,Regulation 7 (2),,2026-06-18,,,,,,,,,https://nsearchives.nseindia.com/corporate/ixbrl/IT_2306_20260618_171756029_WEB.html,,,,,,,,,,,,,,
MSPL,MSP STEEL & POWER LIMITED,Regulation 7 (2),,2026-06-18,,,,,,,,,https://nsearchives.nseindia.com/corporate/ixbrl/IT_2306_20260618_171756029_WEB.html,,,,,,,,,,,,,,
KPITTECH,KPIT TECHNOLOGIES LIMITED,Regulation 7 (2),,2026-06-18,,,,,,,,,https://nsearchives.nseindia.com/corporate/ixbrl/IT_17417_20260618_164334814_WEB.html,,,,,,,,,,,,,,
FSL,Firstsource Solutions Limited,Regulation 7 (2),,2026-06-18,,,,,,,,,https://nsearchives.nseindia.com/corporate/ixbrl/IT_2535_20260618_165718529_WEB.html,,,,,,,,,,,,,,
FSL,Firstsource Solutions Limited,Regulation 7 (2),,2026-06-18,,,,,,,,,https://nsearchives.nseindia.com/corporate/ixbrl/IT_2535_20260618_165718529_WEB.html,,,,,,,,,,,,,,
ADVAIT,ADVAIT ENERGY TRANSITIONS LIMITED,Regulation 7 (2),,2026-06-18,,,,,,,,,https://nsearchives.nseindia.com/corporate/ixbrl/IT_26866_20260618_164244793_WEB.html,,,,,,,,,,,,,,
ADVAIT,ADVAIT ENERGY TRANSITIONS LIMITED,Regulation 7 (2),,2026-06-18,,,,,,,,,https://nsearchives.nseindia.com/corporate/ixbrl/IT_26866_20260618_164244793_WEB.html,,,,,,,,,,,,,,
KPITTECH,KPIT TECHNOLOGIES LIMITED,Regulation 7 (2),,2026-06-18,,,,,,,,,https://nsearchives.nseindia.com/corporate/ixbrl/IT_17417_20260618_164858973_WEB.html,,,,,,,,,,,,,,
ECLERX,eClerx Services Ltd,Regulation 7 (2),,2026-06-18,,,,,,,,,https://nsearchives.nseindia.com/corporate/ixbrl/IT_2698_20260618_164100666_WEB.html,,,,,,,,,,,,,,
SAKAR,Sakar Healthcare Limited,Regulation 7 (3),,2026-06-18,,,,,,,,,https://nsearchives.nseindia.com/corporate/ixbrl/IT_14283_20260618_164301677_WEB.html,,,,,,,,,,,,,,
ROSSELLIND,ROSSELL INDIA LIMITED,Regulation 7 (2),,2026-06-18,,,,,,,,,https://nsearchives.nseindia.com/corporate/ixbrl/IT_6150_20260618_164440589_WEB.html,,,,,,,,,,,,,,
KPITTECH,KPIT TECHNOLOGIES LIMITED,Regulation 7 (2),,2026-06-18,,,,,,,,,https://nsearchives.nseindia.com/corporate/ixbrl/IT_17417_20260618_164132606_WEB.html,,,,,,,,,,,,,,
RELTD,Ravindra Energy Limited,Regulation 7 (2),,2026-06-18,,,,,,,,,https://nsearchives.nseindia.com/corporate/ixbrl/IT_23918_20260618_163425451_WEB.html,,,,,,,,,,,,,,
ZYDUSWELL,Zydus Wellness Limited,Regulation 7 (2),,2026-06-18,,,,,,,,,https://nsearchives.nseindia.com/corporate/ixbrl/IT_2952_20260618_153555710_WEB.html,,,,,,,,,,,,,,
RAMCOIND,RAMCO INDUSTRIES LIMITED,Regulation 7 (2),,2026-06-11,,,,,,,,,https://nsearchives.nseindia.com/corporate/ixbrl/IT_1560_20260618_162030686_WEB.html,,,,,,,,,,,,,,
LINC,LINC LIMITED,Regulation 7 (2),,2026-06-18,,,,,,,,,https://nsearchives.nseindia.com/corporate/ixbrl/IT_11602_20260618_155335065_WEB.html,,,,,,,,,,,,,,
LINC,LINC LIMITED,Regulation 7 (2),,2026-06-18,,,,,,,,,https://nsearchives.nseindia.com/corporate/ixbrl/IT_11602_20260618_155335065_WEB.html,,,,,,,,,,,,,,
MTARTECH,MTAR TECHNOLOGIES LIMITED,Regulation 7 (2),,2026-06-18,,,,,,,,,https://nsearchives.nseindia.com/corporate/ixbrl/IT_19009_20260618_155530668_WEB.html,,,,,,,,,,,,,,
ARSSBL,Anand Rathi Share and Stock Brokers Limited,Regulation 7 (2),,2026-06-18,,,,,,,,,https://nsearchives.nseindia.com/corporate/ixbrl/IT_25015_20260618_151113771_WEB.html,,,,,,,,,,,,,,
NGLFINE,NGL FINE-CHEM LIMITED,Regulation 7 (2),,2026-06-18,,,,,,,,,https://nsearchives.nseindia.com/corporate/ixbrl/IT_20676_20260618_125648569_WEB.html,,,,,,,,,,,,,,
ICRA,ICRA Limited,Regulation 7 (2),,2026-06-18,,,,,,,,,https://nsearchives.nseindia.com/corporate/ixbrl/IT_2575_20260618_130534589_WEB.html,,,,,,,,,,,,,,
AMANTA,Amanta Healthcare Limited,Regulation 7 (2),,2026-06-18,,,,,,,,,https://nsearchives.nseindia.com/corporate/ixbrl/IT_24620_20260618_140420647_WEB.html,,,,,,,,,,,,,,
ARSSBL,Anand Rathi Share and Stock Brokers Limited,Regulation 7 (2),,2026-06-18,,,,,,,,,https://nsearchives.nseindia.com/corporate/ixbrl/IT_25015_20260618_150624573_WEB.html,,,,,,,,,,,,,,
APLLTD,Alembic Pharmaceuticals Limited,Regulation 7 (2),,2026-06-18,,,,,,,,,https://nsearchives.nseindia.com/corporate/ixbrl/IT_5232_20260618_121640491_WEB.html,,,,,,,,,,,,,,
SHREYANIND,SHREYANS INDUSTRIES LIMITED,Regulation 7 (2),,2026-06-18,,,,,,,,,https://nsearchives.nseindia.com/corporate/ixbrl/IT_399_20260618_121912980_WEB.html,,,,,,,,,,,,,,
ZENSARTECH,ZENSAR TECHNOLOGIES LIMITED,Regulation 7 (2),,2026-06-18,,,,,,,,,https://nsearchives.nseindia.com/corporate/ixbrl/IT_476_20260618_110630589_WEB.html,,,,,,,,,,,,,,
STEL,STEL HOLDINGS LIMITED,Regulation 7 (2),,2026-06-18,,,,,,,,,https://nsearchives.nseindia.com/corporate/ixbrl/IT_4020_20260618_111516908_WEB.html,,,,,,,,,,,,,,
GANDHAR,GANDHAR OIL REFINERY (INDIA) LIMITED,Regulation 7 (2),,2026-06-17,,,,,,,,,https://nsearchives.nseindia.com/corporate/ixbrl/IT_21453_20260618_104913026_WEB.html,,,,,,,,,,,,,,
PREMIERPOL,PREMIER POLYFILM LIMITED,Regulation 7 (2),,2026-06-18,,,,,,,,,https://nsearchives.nseindia.com/corporate/ixbrl/IT_91_20260618_103918503_WEB.html,,,,,,,,,,,,,,
THYROCARE,Thyrocare Technologies Limited,Regulation 7 (2),,2026-06-15,,,,,,,,,https://nsearchives.nseindia.com/corporate/ixbrl/IT_13770_20260618_105906607_WEB.html,,,,,,,,,,,,,,
THYROCARE,Thyrocare Technologies Limited,Regulation 7 (2),,2026-06-15,,,,,,,,,https://nsearchives.nseindia.com/corporate/ixbrl/IT_13770_20260618_105906607_WEB.html,,,,,,,,,,,,,,
SHANKARA,SHANKARA BUILDING PRODUCTS LIMITED,Regulation 7 (2),,2026-06-17,,,,,,,,,https://nsearchives.nseindia.com/corporate/ixbrl/IT_14812_20260617_210700586_WEB.html,,,,,,,,,,,,,,
SHANKARA,SHANKARA BUILDING PRODUCTS LIMITED,Regulation 7 (2),,2026-06-17,,,,,,,,,https://nsearchives.nseindia.com/corporate/ixbrl/IT_14812_20260617_210736544_WEB.html,,,,,,,,,,,,,,
UNIECOM,Unicommerce eSolution Limited,Regulation 7 (2),,2026-06-17,,,,,,,,,https://nsearchives.nseindia.com/corporate/ixbrl/IT_23091_20260617_210514652_WEB.html,,,,,,,,,,,,,,
UNIECOM,Unicommerce eSolution Limited,Regulation 7 (2),,2026-06-17,,,,,,,,,https://nsearchives.nseindia.com/corporate/ixbrl/IT_23091_20260617_210514652_WEB.html,,,,,,,,,,,,,,
UNIECOM,Unicommerce eSolution Limited,Regulation 7 (2),,2026-06-17,,,,,,,,,https://nsearchives.nseindia.com/corporate/ixbrl/IT_23091_20260617_210514652_WEB.html,,,,,,,,,,,,,,
ANMOL,ANMOL INDIA LIMITED,Regulation 7 (2),,2026-06-17,,,,,,,,,https://nsearchives.nseindia.com/corporate/ixbrl/IT_19518_20260617_190406534_WEB.html,,,,,,,,,,,,,,
ANMOL,ANMOL INDIA LIMITED,Regulation 7 (2),,2026-06-17,,,,,,,,,https://nsearchives.nseindia.com/corporate/ixbrl/IT_19518_20260617_190406534_WEB.html,,,,,,,,,,,,,,
RUBICON,RUBICON RESEARCH LIMITED,Regulation 7 (2),,2026-06-17,,,,,,,,,https://nsearchives.nseindia.com/corporate/ixbrl/IT_24193_20260617_210008519_WEB.html,,,,,,,,,,,,,,
RUBICON,RUBICON RESEARCH LIMITED,Regulation 7 (2),,2026-06-17,,,,,,,,,https://nsearchives.nseindia.com/corporate/ixbrl/IT_24193_20260617_210008519_WEB.html,,,,,,,,,,,,,,
RUBICON,RUBICON RESEARCH LIMITED,Regulation 7 (2),,2026-06-17,,,,,,,,,https://nsearchives.nseindia.com/corporate/ixbrl/IT_24193_20260617_210008519_WEB.html,,,,,,,,,,,,,,
RUBICON,RUBICON RESEARCH LIMITED,Regulation 7 (2),,2026-06-17,,,,,,,,,https://nsearchives.nseindia.com/corporate/ixbrl/IT_24193_20260617_210008519_WEB.html,,,,,,,,,,,,,,
RUBICON,RUBICON RESEARCH LIMITED,Regulation 7 (2),,2026-06-17,,,,,,,,,https://nsearchives.nseindia.com/corporate/ixbrl/IT_24193_20260617_210008519_WEB.html,,,,,,,,,,,,,,
RUBICON,RUBICON RESEARCH LIMITED,Regulation 7 (2),,2026-06-17,,,,,,,,,https://nsearchives.nseindia.com/corporate/ixbrl/IT_24193_20260617_210008519_WEB.html,,,,,,,,,,,,,,
RUBICON,RUBICON RESEARCH LIMITED,Regulation 7 (2),,2026-06-17,,,,,,,,,https://nsearchives.nseindia.com/corporate/ixbrl/IT_24193_20260617_210008519_WEB.html,,,,,,,,,,,,,,
RUBICON,RUBICON RESEARCH LIMITED,Regulation 7 (2),,2026-06-17,,,,,,,,,https://nsearchives.nseindia.com/corporate/ixbrl/IT_24193_20260617_210008519_WEB.html,,,,,,,,,,,,,,
INFY,Infosys Limited,Regulation 7 (2),,2026-06-17,,,,,,,,,https://nsearchives.nseindia.com/corporate/ixbrl/IT_180_20260617_203754656_WEB.html,,,,,,,,,,,,,,
SASKEN,Sasken Technologies Limited,Regulation 7 (2),,2026-06-17,,,,,,,,,https://nsearchives.nseindia.com/corporate/ixbrl/IT_2320_20260617_185448756_WEB.html,,,,,,,,,,,,,,
SASKEN,Sasken Technologies Limited,Regulation 7 (2),,2026-06-17,,,,,,,,,https://nsearchives.nseindia.com/corporate/ixbrl/IT_2320_20260617_185448756_WEB.html,,,,,,,,,,,,,,
SASKEN,Sasken Technologies Limited,Regulation 7 (2),,2026-06-17,,,,,,,,,https://nsearchives.nseindia.com/corporate/ixbrl/IT_2320_20260617_185448756_WEB.html,,,,,,,,,,,,,,
WCIL,WESTERN CARRIERS (INDIA) LIMITED,Regulation 7 (2),,2026-06-17,,,,,,,,,https://nsearchives.nseindia.com/corporate/ixbrl/IT_22116_20260617_182612844_WEB.html,,,,,,,,,,,,,,
DPSCLTD,DPSC LIMITED,Regulation 7 (2),,2026-06-18,,,,,,,,,https://nsearchives.nseindia.com/corporate/ixbrl/IT_2743_20260618_124722966_WEB.html,,,,,,,,,,,,,,
GOKUL,GOKUL REFOILS AND SOLVENT LIMITED,Regulation 7 (2),,2026-06-17,,,,,,,,,https://nsearchives.nseindia.com/corporate/ixbrl/IT_2754_20260617_173135777_WEB.html,,,,,,,,,,,,,,
GOKUL,GOKUL REFOILS AND SOLVENT LIMITED,Regulation 7 (2),,2026-06-17,,,,,,,,,https://nsearchives.nseindia.com/corporate/ixbrl/IT_2754_20260617_173135777_WEB.html,,,,,,,,,,,,,,
RSL,RAJPUTANA STAINLESS LIMITED,Regulation 7 (2),,2026-06-17,,,,,,,,,https://nsearchives.nseindia.com/corporate/ixbrl/IT_25166_20260617_175043548_WEB.html,,,,,,,,,,,,,,
NGLFINE,NGL FINE-CHEM LIMITED,Regulation 7 (2),,2026-06-17,,,,,,,,,https://nsearchives.nseindia.com/corporate/ixbrl/IT_20676_20260617_170335498_WEB.html,,,,,,,,,,,,,,
QUESS,Quess Corp Limited,Regulation 7 (2),,2026-06-17,,,,,,,,,https://nsearchives.nseindia.com/corporate/ixbrl/IT_14019_20260617_182222834_WEB.html,,,,,,,,,,,,,,
QUESS,Quess Corp Limited,Regulation 7 (2),,2026-06-17,,,,,,,,,https://nsearchives.nseindia.com/corporate/ixbrl/IT_14019_20260617_182222834_WEB.html,,,,,,,,,,,,,,
AMANTA,Amanta Healthcare Limited,Regulation 7 (2),,2026-06-17,,,,,,,,,https://nsearchives.nseindia.com/corporate/ixbrl/IT_24620_20260617_161823294_WEB.html,,,,,,,,,,,,,,
SOTL,Savita Oil Technologies Limited,Regulation 7 (2),,2026-06-17,,,,,,,,,https://nsearchives.nseindia.com/corporate/ixbrl/IT_526_20260617_172526919_WEB.html,,,,,,,,,,,,,,
SOTL,Savita Oil Technologies Limited,Regulation 7 (2),,2026-06-17,,,,,,,,,https://nsearchives.nseindia.com/corporate/ixbrl/IT_526_20260617_172526919_WEB.html,,,,,,,,,,,,,,
EVEREADY,EVEREADY INDUSTRIES INDIA LIMITED,Regulation 7 (2),,2026-06-17,,,,,,,,,https://nsearchives.nseindia.com/corporate/ixbrl/IT_2275_20260617_175941370_WEB.html,,,,,,,,,,,,,,
NCC,NCC LIMITED,Regulation 7 (2),,2026-06-17,,,,,,,,,https://nsearchives.nseindia.com/corporate/ixbrl/IT_917_20260617_151500302_WEB.html,,,,,,,,,,,,,,
MOTOGENFIN,THE MOTOR & GENERAL FINANCE LIMITED,Regulation 7 (2),,2026-06-17,,,,,,,,,https://nsearchives.nseindia.com/corporate/ixbrl/IT_279_20260617_154646606_WEB.html,,,,,,,,,,,,,,
GHCL,GHCL Limited,Regulation 7 (2),,2026-06-17,,,,,,,,,https://nsearchives.nseindia.com/corporate/ixbrl/IT_1006_20260617_170313725_WEB.html,,,,,,,,,,,,,,
SHAILY,Shaily Engineering Plastics Limited,Regulation 7 (2),,2026-06-17,,,,,,,,,https://nsearchives.nseindia.com/corporate/ixbrl/IT_19072_20260617_155158688_WEB.html,,,,,,,,,,,,,,
SHAILY,Shaily Engineering Plastics Limited,Regulation 7 (2),,2026-06-17,,,,,,,,,https://nsearchives.nseindia.com/corporate/ixbrl/IT_19072_20260617_155158688_WEB.html,,,,,,,,,,,,,,
SHAILY,Shaily Engineering Plastics Limited,Regulation 7 (2),,2026-06-17,,,,,,,,,https://nsearchives.nseindia.com/corporate/ixbrl/IT_19072_20260617_155158688_WEB.html,,,,,,,,,,,,,,
SHAILY,Shaily Engineering Plastics Limited,Regulation 7 (2),,2026-06-17,,,,,,,,,https://nsearchives.nseindia.com/corporate/ixbrl/IT_19072_20260617_155158688_WEB.html,,,,,,,,,,,,,,
VASCONEQ,VASCON ENGINEERS LIMITED,Regulation 7 (2),,2026-06-17,,,,,,,,,https://nsearchives.nseindia.com/corporate/ixbrl/IT_3064_20260617_145000050_WEB.html,,,,,,,,,,,,,,
SILVERTUC,SILVER TOUCH TECHNOLOGIES LIMITED,Regulation 7 (2),,2026-06-17,,,,,,,,,https://nsearchives.nseindia.com/corporate/ixbrl/IT_15598_20260617_131446913_WEB.html,,,,,,,,,,,,,,
ZYDUSWELL,Zydus Wellness Limited,Regulation 7 (2),,2026-06-17,,,,,,,,,https://nsearchives.nseindia.com/corporate/ixbrl/IT_2952_20260617_140757068_WEB.html,,,,,,,,,,,,,,
SILVERTUC,SILVER TOUCH TECHNOLOGIES LIMITED,Regulation 7 (2),,2026-06-17,,,,,,,,,https://nsearchives.nseindia.com/corporate/ixbrl/IT_15598_20260617_131806198_WEB.html,,,,,,,,,,,,,,
SHAKTIPUMP,SHAKTI PUMPS (INDIA) LIMITED,Regulation 7 (2),,2026-06-17,,,,,,,,,https://nsearchives.nseindia.com/corporate/ixbrl/IT_5329_20260617_121054609_WEB.html,,,,,,,,,,,,,,
VISAKAIND,Visaka Industries Limited,Regulation 7 (2),,2026-06-17,,,,,,,,,https://nsearchives.nseindia.com/corporate/ixbrl/IT_1388_20260617_125026635_WEB.html,,,,,,,,,,,,,,
SHAKTIPUMP,SHAKTI PUMPS (INDIA) LIMITED,Regulation 7 (2),,2026-06-17,,,,,,,,,https://nsearchives.nseindia.com/corporate/ixbrl/IT_5329_20260617_122353623_WEB.html,,,,,,,,,,,,,,
INOXINDIA,INOX INDIA LIMITED,Regulation 7 (2),,2026-06-17,,,,,,,,,https://nsearchives.nseindia.com/corporate/ixbrl/IT_22456_20260617_110854554_WEB.html,,,,,,,,,,,,,,
MBEL,M & B Engineering Limited,Regulation 7 (2),,2026-06-17,,,,,,,,,https://nsearchives.nseindia.com/corporate/ixbrl/IT_24557_20260617_085547709_WEB.html,,,,,,,,,,,,,,
MBEL,M & B Engineering Limited,Regulation 7 (2),,2026-06-17,,,,,,,,,https://nsearchives.nseindia.com/corporate/ixbrl/IT_24557_20260617_085547709_WEB.html,,,,,,,,,,,,,,
INOXINDIA,INOX INDIA LIMITED,Regulation 7 (2),,2026-06-17,,,,,,,,,https://nsearchives.nseindia.com/corporate/ixbrl/IT_22456_20260617_110926942_WEB.html,,,,,,,,,,,,,,
PREMIERPOL,PREMIER POLYFILM LIMITED,Regulation 7 (2),,2026-06-17,,,,,,,,,https://nsearchives.nseindia.com/corporate/ixbrl/IT_91_20260617_102854114_WEB.html,,,,,,,,,,,,,,
VPRPL,VISHNU PRAKASH R PUNGLIA LIMITED,Regulation 7 (2),,2026-06-16,,,,,,,,,https://nsearchives.nseindia.com/corporate/ixbrl/IT_21894_20260616_203129267_WEB.html,,,,,,,,,,,,,,
VPRPL,VISHNU PRAKASH R PUNGLIA LIMITED,Regulation 7 (2),,2026-06-16,,,,,,,,,https://nsearchives.nseindia.com/corporate/ixbrl/IT_21894_20260616_203129267_WEB.html,,,,,,,,,,,,,,
KCP,KCP LIMITED,Regulation 7 (2),,2026-06-17,,,,,,,,,https://nsearchives.nseindia.com/corporate/ixbrl/IT_176_20260617_102143627_WEB.html,,,,,,,,,,,,,,
ALKYLAMINE,ALKYL AMINES CHEMICALS LIMITED,Regulation 7 (2),,2026-06-16,,,,,,,,,https://nsearchives.nseindia.com/corporate/ixbrl/IT_1527_20260616_194120622_WEB.html,,,,,,,,,,,,,,
ALKYLAMINE,ALKYL AMINES CHEMICALS LIMITED,Regulation 7 (2),,2026-06-16,,,,,,,,,https://nsearchives.nseindia.com/corporate/ixbrl/IT_1527_20260616_194120622_WEB.html,,,,,,,,,,,,,,
AEROENTER,AEROFLEX ENTERPRISES LIMITED,Regulation 7 (2),,2026-06-16,,,,,,,,,https://nsearchives.nseindia.com/corporate/ixbrl/IT_21141_20260616_191239194_WEB.html,,,,,,,,,,,,,,
VPRPL,VISHNU PRAKASH R PUNGLIA LIMITED,Regulation 7 (2),,2026-06-16,,,,,,,,,https://nsearchives.nseindia.com/corporate/ixbrl/IT_21894_20260616_203125365_WEB.html,,,,,,,,,,,,,,
VPRPL,VISHNU PRAKASH R PUNGLIA LIMITED,Regulation 7 (2),,2026-06-16,,,,,,,,,https://nsearchives.nseindia.com/corporate/ixbrl/IT_21894_20260616_203125365_WEB.html,,,,,,,,,,,,,,
MBEL,M & B Engineering Limited,Regulation 7 (2),,2026-06-17,,,,,,,,,https://nsearchives.nseindia.com/corporate/ixbrl/IT_24557_20260617_090124455_WEB.html,,,,,,,,,,,,,,"Inadvertently , the category of one of the acquirer was selected as Promoter and Director. The category is Promoter Group."
MBEL,M & B Engineering Limited,Regulation 7 (2),,2026-06-17,,,,,,,,,https://nsearchives.nseindia.com/corporate/ixbrl/IT_24557_20260617_090124455_WEB.html,,,,,,,,,,,,,,"Inadvertently , the category of one of the acquirer was selected as Promoter and Director. The category is Promoter Group."
KEI,KEI INDUSTRIES LIMITED,Regulation 7 (2),,2026-06-16,,,,,,,,,https://nsearchives.nseindia.com/corporate/ixbrl/IT_2379_20260616_183758535_WEB.html,,,,,,,,,,,,,,
ALKYLAMINE,ALKYL AMINES CHEMICALS LIMITED,Regulation 7 (2),,2026-06-16,,,,,,,,,https://nsearchives.nseindia.com/corporate/ixbrl/IT_1527_20260616_192920661_WEB.html,,,,,,,,,,,,,,
ALKYLAMINE,ALKYL AMINES CHEMICALS LIMITED,Regulation 7 (2),,2026-06-16,,,,,,,,,https://nsearchives.nseindia.com/corporate/ixbrl/IT_1527_20260616_192920661_WEB.html,,,,,,,,,,,,,,
GOKUL,GOKUL REFOILS AND SOLVENT LIMITED,Regulation 7 (2),,2026-06-16,,,,,,,,,https://nsearchives.nseindia.com/corporate/ixbrl/IT_2754_20260616_182816621_WEB.html,,,,,,,,,,,,,,
GOKUL,GOKUL REFOILS AND SOLVENT LIMITED,Regulation 7 (2),,2026-06-16,,,,,,,,,https://nsearchives.nseindia.com/corporate/ixbrl/IT_2754_20260616_182816621_WEB.html,,,,,,,,,,,,,,
HCLTECH,HCL Technologies Limited,Regulation 7 (2),,2026-06-16,,,,,,,,,https://nsearchives.nseindia.com/corporate/ixbrl/IT_1828_20260616_183738581_WEB.html,,,,,,,,,,,,,,
PETRONET,PETRONET LNG LIMITED,Regulation 7 (2),,2026-06-16,,,,,,,,,https://nsearchives.nseindia.com/corporate/ixbrl/IT_2178_20260616_185920659_WEB.html,,,,,,,,,,,,,,
PETRONET,PETRONET LNG LIMITED,Regulation 7 (2),,2026-06-16,,,,,,,,,https://nsearchives.nseindia.com/corporate/ixbrl/IT_2178_20260616_185920659_WEB.html,,,,,,,,,,,,,,
PETRONET,PETRONET LNG LIMITED,Regulation 7 (2),,2026-06-16,,,,,,,,,https://nsearchives.nseindia.com/corporate/ixbrl/IT_2178_20260616_185920659_WEB.html,,,,,,,,,,,,,,
PETRONET,PETRONET LNG LIMITED,Regulation 7 (2),,2026-06-16,,,,,,,,,https://nsearchives.nseindia.com/corporate/ixbrl/IT_2178_20260616_185920659_WEB.html,,,,,,,,,,,,,,
PETRONET,PETRONET LNG LIMITED,Regulation 7 (2),,2026-06-16,,,,,,,,,https://nsearchives.nseindia.com/corporate/ixbrl/IT_2178_20260616_185920659_WEB.html,,,,,,,,,,,,,,
PETRONET,PETRONET LNG LIMITED,Regulation 7 (2),,2026-06-16,,,,,,,,,https://nsearchives.nseindia.com/corporate/ixbrl/IT_2178_20260616_185920659_WEB.html,,,,,,,,,,,,,,
PETRONET,PETRONET LNG LIMITED,Regulation 7 (2),,2026-06-16,,,,,,,,,https://nsearchives.nseindia.com/corporate/ixbrl/IT_2178_20260616_185920659_WEB.html,,,,,,,,,,,,,,
PETRONET,PETRONET LNG LIMITED,Regulation 7 (2),,2026-06-16,,,,,,,,,https://nsearchives.nseindia.com/corporate/ixbrl/IT_2178_20260616_185920659_WEB.html,,,,,,,,,,,,,,
PETRONET,PETRONET LNG LIMITED,Regulation 7 (2),,2026-06-16,,,,,,,,,https://nsearchives.nseindia.com/corporate/ixbrl/IT_2178_20260616_185920659_WEB.html,,,,,,,,,,,,,,
PETRONET,PETRONET LNG LIMITED,Regulation 7 (2),,2026-06-16,,,,,,,,,https://nsearchives.nseindia.com/corporate/ixbrl/IT_2178_20260616_185920659_WEB.html,,,,,,,,,,,,,,
PETRONET,PETRONET LNG LIMITED,Regulation 7 (2),,2026-06-16,,,,,,,,,https://nsearchives.nseindia.com/corporate/ixbrl/IT_2178_20260616_185920659_WEB.html,,,,,,,,,,,,,,
PETRONET,PETRONET LNG LIMITED,Regulation 7 (2),,2026-06-16,,,,,,,,,https://nsearchives.nseindia.com/corporate/ixbrl/IT_2178_20260616_185920659_WEB.html,,,,,,,,,,,,,,
PETRONET,PETRONET LNG LIMITED,Regulation 7 (2),,2026-06-16,,,,,,,,,https://nsearchives.nseindia.com/corporate/ixbrl/IT_2178_20260616_185920659_WEB.html,,,,,,,,,,,,,,
PETRONET,PETRONET LNG LIMITED,Regulation 7 (2),,2026-06-16,,,,,,,,,https://nsearchives.nseindia.com/corporate/ixbrl/IT_2178_20260616_185920659_WEB.html,,,,,,,,,,,,,,
PETRONET,PETRONET LNG LIMITED,Regulation 7 (2),,2026-06-16,,,,,,,,,https://nsearchives.nseindia.com/corporate/ixbrl/IT_2178_20260616_185920659_WEB.html,,,,,,,,,,,,,,
PETRONET,PETRONET LNG LIMITED,Regulation 7 (2),,2026-06-16,,,,,,,,,https://nsearchives.nseindia.com/corporate/ixbrl/IT_2178_20260616_185920659_WEB.html,,,,,,,,,,,,,,
PETRONET,PETRONET LNG LIMITED,Regulation 7 (2),,2026-06-16,,,,,,,,,https://nsearchives.nseindia.com/corporate/ixbrl/IT_2178_20260616_185920659_WEB.html,,,,,,,,,,,,,,
PETRONET,PETRONET LNG LIMITED,Regulation 7 (2),,2026-06-16,,,,,,,,,https://nsearchives.nseindia.com/corporate/ixbrl/IT_2178_20260616_185920659_WEB.html,,,,,,,,,,,,,,
PETRONET,PETRONET LNG LIMITED,Regulation 7 (2),,2026-06-16,,,,,,,,,https://nsearchives.nseindia.com/corporate/ixbrl/IT_2178_20260616_185920659_WEB.html,,,,,,,,,,,,,,
PETRONET,PETRONET LNG LIMITED,Regulation 7 (2),,2026-06-16,,,,,,,,,https://nsearchives.nseindia.com/corporate/ixbrl/IT_2178_20260616_185920659_WEB.html,,,,,,,,,,,,,,
PETRONET,PETRONET LNG LIMITED,Regulation 7 (2),,2026-06-16,,,,,,,,,https://nsearchives.nseindia.com/corporate/ixbrl/IT_2178_20260616_185920659_WEB.html,,,,,,,,,,,,,,
PETRONET,PETRONET LNG LIMITED,Regulation 7 (2),,2026-06-16,,,,,,,,,https://nsearchives.nseindia.com/corporate/ixbrl/IT_2178_20260616_185920659_WEB.html,,,,,,,,,,,,,,
PETRONET,PETRONET LNG LIMITED,Regulation 7 (2),,2026-06-16,,,,,,,,,https://nsearchives.nseindia.com/corporate/ixbrl/IT_2178_20260616_185920659_WEB.html,,,,,,,,,,,,,,
PETRONET,PETRONET LNG LIMITED,Regulation 7 (2),,2026-06-16,,,,,,,,,https://nsearchives.nseindia.com/corporate/ixbrl/IT_2178_20260616_185920659_WEB.html,,,,,,,,,,,,,,
PETRONET,PETRONET LNG LIMITED,Regulation 7 (2),,2026-06-16,,,,,,,,,https://nsearchives.nseindia.com/corporate/ixbrl/IT_2178_20260616_185920659_WEB.html,,,,,,,,,,,,,,
PETRONET,PETRONET LNG LIMITED,Regulation 7 (2),,2026-06-16,,,,,,,,,https://nsearchives.nseindia.com/corporate/ixbrl/IT_2178_20260616_185920659_WEB.html,,,,,,,,,,,,,,
PETRONET,PETRONET LNG LIMITED,Regulation 7 (2),,2026-06-16,,,,,,,,,https://nsearchives.nseindia.com/corporate/ixbrl/IT_2178_20260616_185920659_WEB.html,,,,,,,,,,,,,,
PETRONET,PETRONET LNG LIMITED,Regulation 7 (2),,2026-06-16,,,,,,,,,https://nsearchives.nseindia.com/corporate/ixbrl/IT_2178_20260616_185920659_WEB.html,,,,,,,,,,,,,,
PETRONET,PETRONET LNG LIMITED,Regulation 7 (2),,2026-06-16,,,,,,,,,https://nsearchives.nseindia.com/corporate/ixbrl/IT_2178_20260616_185920659_WEB.html,,,,,,,,,,,,,,
PETRONET,PETRONET LNG LIMITED,Regulation 7 (2),,2026-06-16,,,,,,,,,https://nsearchives.nseindia.com/corporate/ixbrl/IT_2178_20260616_190420308_WEB.html,,,,,,,,,,,,,,
PETRONET,PETRONET LNG LIMITED,Regulation 7 (2),,2026-06-16,,,,,,,,,https://nsearchives.nseindia.com/corporate/ixbrl/IT_2178_20260616_190420308_WEB.html,,,,,,,,,,,,,,
PETRONET,PETRONET LNG LIMITED,Regulation 7 (2),,2026-06-16,,,,,,,,,https://nsearchives.nseindia.com/corporate/ixbrl/IT_2178_20260616_190420308_WEB.html,,,,,,,,,,,,,,
PETRONET,PETRONET LNG LIMITED,Regulation 7 (2),,2026-06-16,,,,,,,,,https://nsearchives.nseindia.com/corporate/ixbrl/IT_2178_20260616_190420308_WEB.html,,,,,,,,,,,,,,
PETRONET,PETRONET LNG LIMITED,Regulation 7 (2),,2026-06-16,,,,,,,,,https://nsearchives.nseindia.com/corporate/ixbrl/IT_2178_20260616_190420308_WEB.html,,,,,,,,,,,,,,
PETRONET,PETRONET LNG LIMITED,Regulation 7 (2),,2026-06-16,,,,,,,,,https://nsearchives.nseindia.com/corporate/ixbrl/IT_2178_20260616_190420308_WEB.html,,,,,,,,,,,,,,
PETRONET,PETRONET LNG LIMITED,Regulation 7 (2),,2026-06-16,,,,,,,,,https://nsearchives.nseindia.com/corporate/ixbrl/IT_2178_20260616_190420308_WEB.html,,,,,,,,,,,,,,
PETRONET,PETRONET LNG LIMITED,Regulation 7 (2),,2026-06-16,,,,,,,,,https://nsearchives.nseindia.com/corporate/ixbrl/IT_2178_20260616_190420308_WEB.html,,,,,,,,,,,,,,
PETRONET,PETRONET LNG LIMITED,Regulation 7 (2),,2026-06-16,,,,,,,,,https://nsearchives.nseindia.com/corporate/ixbrl/IT_2178_20260616_190420308_WEB.html,,,,,,,,,,,,,,
PETRONET,PETRONET LNG LIMITED,Regulation 7 (2),,2026-06-16,,,,,,,,,https://nsearchives.nseindia.com/corporate/ixbrl/IT_2178_20260616_190420308_WEB.html,,,,,,,,,,,,,,
PETRONET,PETRONET LNG LIMITED,Regulation 7 (2),,2026-06-16,,,,,,,,,https://nsearchives.nseindia.com/corporate/ixbrl/IT_2178_20260616_190420308_WEB.html,,,,,,,,,,,,,,
PETRONET,PETRONET LNG LIMITED,Regulation 7 (2),,2026-06-16,,,,,,,,,https://nsearchives.nseindia.com/corporate/ixbrl/IT_2178_20260616_190420308_WEB.html,,,,,,,,,,,,,,
PETRONET,PETRONET LNG LIMITED,Regulation 7 (2),,2026-06-16,,,,,,,,,https://nsearchives.nseindia.com/corporate/ixbrl/IT_2178_20260616_190420308_WEB.html,,,,,,,,,,,,,,
PETRONET,PETRONET LNG LIMITED,Regulation 7 (2),,2026-06-16,,,,,,,,,https://nsearchives.nseindia.com/corporate/ixbrl/IT_2178_20260616_190420308_WEB.html,,,,,,,,,,,,,,
PETRONET,PETRONET LNG LIMITED,Regulation 7 (2),,2026-06-16,,,,,,,,,https://nsearchives.nseindia.com/corporate/ixbrl/IT_2178_20260616_190420308_WEB.html,,,,,,,,,,,,,,
PETRONET,PETRONET LNG LIMITED,Regulation 7 (2),,2026-06-16,,,,,,,,,https://nsearchives.nseindia.com/corporate/ixbrl/IT_2178_20260616_190420308_WEB.html,,,,,,,,,,,,,,
PETRONET,PETRONET LNG LIMITED,Regulation 7 (2),,2026-06-16,,,,,,,,,https://nsearchives.nseindia.com/corporate/ixbrl/IT_2178_20260616_190420308_WEB.html,,,,,,,,,,,,,,
PETRONET,PETRONET LNG LIMITED,Regulation 7 (2),,2026-06-16,,,,,,,,,https://nsearchives.nseindia.com/corporate/ixbrl/IT_2178_20260616_190420308_WEB.html,,,,,,,,,,,,,,
PETRONET,PETRONET LNG LIMITED,Regulation 7 (2),,2026-06-16,,,,,,,,,https://nsearchives.nseindia.com/corporate/ixbrl/IT_2178_20260616_190420308_WEB.html,,,,,,,,,,,,,,
PETRONET,PETRONET LNG LIMITED,Regulation 7 (2),,2026-06-16,,,,,,,,,https://nsearchives.nseindia.com/corporate/ixbrl/IT_2178_20260616_190420308_WEB.html,,,,,,,,,,,,,,
PETRONET,PETRONET LNG LIMITED,Regulation 7 (2),,2026-06-16,,,,,,,,,https://nsearchives.nseindia.com/corporate/ixbrl/IT_2178_20260616_190420308_WEB.html,,,,,,,,,,,,,,
PETRONET,PETRONET LNG LIMITED,Regulation 7 (2),,2026-06-16,,,,,,,,,https://nsearchives.nseindia.com/corporate/ixbrl/IT_2178_20260616_190420308_WEB.html,,,,,,,,,,,,,,
PETRONET,PETRONET LNG LIMITED,Regulation 7 (2),,2026-06-16,,,,,,,,,https://nsearchives.nseindia.com/corporate/ixbrl/IT_2178_20260616_190420308_WEB.html,,,,,,,,,,,,,,
PETRONET,PETRONET LNG LIMITED,Regulation 7 (2),,2026-06-16,,,,,,,,,https://nsearchives.nseindia.com/corporate/ixbrl/IT_2178_20260616_190420308_WEB.html,,,,,,,,,,,,,,
PETRONET,PETRONET LNG LIMITED,Regulation 7 (2),,2026-06-16,,,,,,,,,https://nsearchives.nseindia.com/corporate/ixbrl/IT_2178_20260616_190420308_WEB.html,,,,,,,,,,,,,,
PETRONET,PETRONET LNG LIMITED,Regulation 7 (2),,2026-06-16,,,,,,,,,https://nsearchives.nseindia.com/corporate/ixbrl/IT_2178_20260616_190420308_WEB.html,,,,,,,,,,,,,,
PETRONET,PETRONET LNG LIMITED,Regulation 7 (2),,2026-06-16,,,,,,,,,https://nsearchives.nseindia.com/corporate/ixbrl/IT_2178_20260616_190420308_WEB.html,,,,,,,,,,,,,,
PETRONET,PETRONET LNG LIMITED,Regulation 7 (2),,2026-06-16,,,,,,,,,https://nsearchives.nseindia.com/corporate/ixbrl/IT_2178_20260616_190420308_WEB.html,,,,,,,,,,,,,,
PETRONET,PETRONET LNG LIMITED,Regulation 7 (2),,2026-06-16,,,,,,,,,https://nsearchives.nseindia.com/corporate/ixbrl/IT_2178_20260616_190420308_WEB.html,,,,,,,,,,,,,,
ADVAIT,ADVAIT ENERGY TRANSITIONS LIMITED,Regulation 7 (2),,2026-06-16,,,,,,,,,https://nsearchives.nseindia.com/corporate/ixbrl/IT_26866_20260616_183304313_WEB.html,,,,,,,,,,,,,,
ADVAIT,ADVAIT ENERGY TRANSITIONS LIMITED,Regulation 7 (2),,2026-06-16,,,,,,,,,https://nsearchives.nseindia.com/corporate/ixbrl/IT_26866_20260616_183304313_WEB.html,,,,,,,,,,,,,,
TIGERLOGS,Tiger Logistics (India) Limited,Regulation 7 (2),,2026-06-16,,,,,,,,,https://nsearchives.nseindia.com/corporate/ixbrl/IT_26474_20260616_181040558_WEB.html,,,,,,,,,,,,,,
GLOBECIVIL,GLOBE CIVIL PROJECTS LIMITED,Regulation 7 (2),,2026-06-16,,,,,,,,,https://nsearchives.nseindia.com/corporate/ixbrl/IT_24624_20260616_180352515_WEB.html,,,,,,,,,,,,,,
WEWORK,WeWork India Management Limited,Regulation 7 (2),,2026-06-16,,,,,,,,,https://nsearchives.nseindia.com/corporate/ixbrl/IT_25353_20260616_180928492_WEB.html,,,,,,,,,,,,,,
QUESS,Quess Corp Limited,Regulation 7 (2),,2026-06-16,,,,,,,,,https://nsearchives.nseindia.com/corporate/ixbrl/IT_14019_20260616_180347384_WEB.html,,,,,,,,,,,,,,
QUESS,Quess Corp Limited,Regulation 7 (2),,2026-06-16,,,,,,,,,https://nsearchives.nseindia.com/corporate/ixbrl/IT_14019_20260616_180347384_WEB.html,,,,,,,,,,,,,,
QUESS,Quess Corp Limited,Regulation 7 (2),,2026-06-16,,,,,,,,,https://nsearchives.nseindia.com/corporate/ixbrl/IT_14019_20260616_180347384_WEB.html,,,,,,,,,,,,,,
QUESS,Quess Corp Limited,Regulation 7 (2),,2026-06-16,,,,,,,,,https://nsearchives.nseindia.com/corporate/ixbrl/IT_14019_20260616_180347384_WEB.html,,,,,,,,,,,,,,
SURAJEST,Suraj Estate Developers Limited,Regulation 7 (2),,2026-06-16,,,,,,,,,https://nsearchives.nseindia.com/corporate/ixbrl/IT_20525_20260616_180324650_WEB.html,,,,,,,,,,,,,,
NGLFINE,NGL FINE-CHEM LIMITED,Regulation 7 (2),,2026-06-16,,,,,,,,,https://nsearchives.nseindia.com/corporate/ixbrl/IT_20676_20260616_172524517_WEB.html,,,,,,,,,,,,,,
360ONE,360 ONE WAM LIMITED,Regulation 7 (2),,2026-06-16,,,,,,,,,https://nsearchives.nseindia.com/corporate/ixbrl/IT_17593_20260616_170752252_WEB.html,,,,,,,,,,,,,,
360ONE,360 ONE WAM LIMITED,Regulation 7 (2),,2026-06-16,,,,,,,,,https://nsearchives.nseindia.com/corporate/ixbrl/IT_17593_20260616_170752252_WEB.html,,,,,,,,,,,,,,
360ONE,360 ONE WAM LIMITED,Regulation 7 (2),,2026-06-16,,,,,,,,,https://nsearchives.nseindia.com/corporate/ixbrl/IT_17593_20260616_170752252_WEB.html,,,,,,,,,,,,,,
360ONE,360 ONE WAM LIMITED,Regulation 7 (2),,2026-06-16,,,,,,,,,https://nsearchives.nseindia.com/corporate/ixbrl/IT_17593_20260616_170752252_WEB.html,,,,,,,,,,,,,,
KPITTECH,KPIT TECHNOLOGIES LIMITED,Regulation 7 (2),,2026-06-16,,,,,,,,,https://nsearchives.nseindia.com/corporate/ixbrl/IT_17417_20260616_170410856_WEB.html,,,,,,,,,,,,,,
KPITTECH,KPIT TECHNOLOGIES LIMITED,Regulation 7 (2),,2026-06-16,,,,,,,,,https://nsearchives.nseindia.com/corporate/ixbrl/IT_17417_20260616_170410856_WEB.html,,,,,,,,,,,,,,
FUSION,FUSION FINANCE LIMITED,Regulation 7 (2),,2026-06-16,,,,,,,,,https://nsearchives.nseindia.com/corporate/ixbrl/IT_19884_20260616_170431044_WEB.html,,,,,,,,,,,,,,
MOTOGENFIN,THE MOTOR & GENERAL FINANCE LIMITED,Regulation 7 (2),,2026-06-16,,,,,,,,,https://nsearchives.nseindia.com/corporate/ixbrl/IT_279_20260616_170436158_WEB.html,,,,,,,,,,,,,,
MOTOGENFIN,THE MOTOR & GENERAL FINANCE LIMITED,Regulation 7 (2),,2026-06-16,,,,,,,,,https://nsearchives.nseindia.com/corporate/ixbrl/IT_279_20260616_165300075_WEB.html,,,,,,,,,,,,,,
KOTYARK,KOTYARK INDUSTRIES LIMITED,Regulation 7 (2),,2026-06-16,,,,,,,,,https://nsearchives.nseindia.com/corporate/ixbrl/IT_19992_20260616_165300143_WEB.html,,,,,,,,,,,,,,
WIPRO,WIPRO LIMITED,Regulation 7 (2),,2026-06-16,,,,,,,,,https://nsearchives.nseindia.com/corporate/ixbrl/IT_624_20260616_170440922_WEB.html,,,,,,,,,,,,,,
FIBERWEB,Fiberweb (India) Limited,Regulation 7 (2),,2026-06-16,,,,,,,,,https://nsearchives.nseindia.com/corporate/ixbrl/IT_19088_20260616_151142967_WEB.html,,,,,,,,,,,,,,
FMNL,Future Market Networks Limited,Regulation 7 (2),,2026-06-16,,,,,,,,,https://nsearchives.nseindia.com/corporate/ixbrl/IT_3870_20260616_144820680_WEB.html,,,,,,,,,,,,,,
FIBERWEB,Fiberweb (India) Limited,Regulation 7 (2),,2026-06-16,,,,,,,,,https://nsearchives.nseindia.com/corporate/ixbrl/IT_19088_20260616_150659158_WEB.html,,,,,,,,,,,,,,
WIPRO,WIPRO LIMITED,Regulation 7 (2),,2026-06-16,,,,,,,,,https://nsearchives.nseindia.com/corporate/ixbrl/IT_624_20260616_164603343_WEB.html,,,,,,,,,,,,,,
NAUKRI,Info Edge (India) Limited,Regulation 7 (2),,2026-06-16,,,,,,,,,https://nsearchives.nseindia.com/corporate/ixbrl/IT_2460_20260616_153140119_WEB.html,,,,,,,,,,,,,,
NAUKRI,Info Edge (India) Limited,Regulation 7 (2),,2026-06-16,,,,,,,,,https://nsearchives.nseindia.com/corporate/ixbrl/IT_2460_20260616_153140119_WEB.html,,,,,,,,,,,,,,
NAUKRI,Info Edge (India) Limited,Regulation 7 (2),,2026-06-16,,,,,,,,,https://nsearchives.nseindia.com/corporate/ixbrl/IT_2460_20260616_153140119_WEB.html,,,,,,,,,,,,,,
NAUKRI,Info Edge (India) Limited,Regulation 7 (2),,2026-06-16,,,,,,,,,https://nsearchives.nseindia.com/corporate/ixbrl/IT_2460_20260616_153140119_WEB.html,,,,,,,,,,,,,,
NAUKRI,Info Edge (India) Limited,Regulation 7 (2),,2026-06-16,,,,,,,,,https://nsearchives.nseindia.com/corporate/ixbrl/IT_2460_20260616_153140119_WEB.html,,,,,,,,,,,,,,
KPITTECH,KPIT TECHNOLOGIES LIMITED,Regulation 7 (2),,2026-06-16,,,,,,,,,https://nsearchives.nseindia.com/corporate/ixbrl/IT_17417_20260616_162022414_WEB.html,,,,,,,,,,,,,,
KPITTECH,KPIT TECHNOLOGIES LIMITED,Regulation 7 (2),,2026-06-16,,,,,,,,,https://nsearchives.nseindia.com/corporate/ixbrl/IT_17417_20260616_162022414_WEB.html,,,,,,,,,,,,,,
PARSVNATH,PARSVNATH DEVELOPERS LIMITED,Regulation 7 (2),,2026-06-16,,,,,,,,,https://nsearchives.nseindia.com/corporate/ixbrl/IT_2467_20260616_144441674_WEB.html,,,,,,,,,,,,,,
PARSVNATH,PARSVNATH DEVELOPERS LIMITED,Regulation 7 (2),,2026-06-16,,,,,,,,,https://nsearchives.nseindia.com/corporate/ixbrl/IT_2467_20260616_144441674_WEB.html,,,,,,,,,,,,,,
BERGEPAINT,BERGER PAINTS (I) LIMITED,Regulation 7 (2),,2026-06-16,,,,,,,,,https://nsearchives.nseindia.com/corporate/ixbrl/IT_488_20260616_114032743_WEB.html,,,,,,,,,,,,,,
VISAKAIND,Visaka Industries Limited,Regulation 7 (2),,2026-06-16,,,,,,,,,https://nsearchives.nseindia.com/corporate/ixbrl/IT_1388_20260616_114814658_WEB.html,,,,,,,,,,,,,,
NCC,NCC LIMITED,Regulation 7 (2),,2026-06-16,,,,,,,,,https://nsearchives.nseindia.com/corporate/ixbrl/IT_917_20260616_113508685_WEB.html,,,,,,,,,,,,,,
AURUM,Aurum PropTech Limited,Regulation 7 (2),,2026-06-16,,,,,,,,,https://nsearchives.nseindia.com/corporate/ixbrl/IT_12987_20260616_104415700_WEB.html,,,,,,,,,,,,,,
PANACEABIO,Panaea Biotec Limited,Regulation 7 (2),,2026-06-16,,,,,,,,,https://nsearchives.nseindia.com/corporate/ixbrl/IT_1350_20260616_113524489_WEB.html,,,,,,,,,,,,,,
PANACEABIO,Panaea Biotec Limited,Regulation 7 (2),,2026-06-16,,,,,,,,,https://nsearchives.nseindia.com/corporate/ixbrl/IT_1350_20260616_113524489_WEB.html,,,,,,,,,,,,,,
EVEREADY,EVEREADY INDUSTRIES INDIA LIMITED,Regulation 7 (2),,2026-06-16,,,,,,,,,https://nsearchives.nseindia.com/corporate/ixbrl/IT_2275_20260616_112640817_WEB.html,,,,,,,,,,,,,,
EVEREADY,EVEREADY INDUSTRIES INDIA LIMITED,Regulation 7 (2),,2026-06-16,,,,,,,,,https://nsearchives.nseindia.com/corporate/ixbrl/IT_2275_20260616_112640817_WEB.html,,,,,,,,,,,,,,
UNIECOM,Unicommerce eSolution Limited,Regulation 7 (2),,2026-06-15,,,,,,,,,https://nsearchives.nseindia.com/corporate/ixbrl/IT_23091_20260615_200303727_WEB.html,,,,,,,,,,,,,,
UNIECOM,Unicommerce eSolution Limited,Regulation 7 (2),,2026-06-15,,,,,,,,,https://nsearchives.nseindia.com/corporate/ixbrl/IT_23091_20260615_200303727_WEB.html,,,,,,,,,,,,,,
DPSCLTD,DPSC LIMITED,Regulation 7 (2),,2026-06-16,,,,,,,,,https://nsearchives.nseindia.com/corporate/ixbrl/IT_2743_20260616_143326829_WEB.html,,,,,,,,,,,,,,
INDIQUBE,Indiqube Spaces Limited,Regulation 7 (2),,2026-06-15,,,,,,,,,https://nsearchives.nseindia.com/corporate/ixbrl/IT_25080_20260615_214647161_WEB.html,,,,,,,,,,,,,,
ZYDUSWELL,ZYDUS WELLNESS LIMITED,Regulation 7 (2),,2026-06-16,,,,,,,,,https://nsearchives.nseindia.com/corporate/ixbrl/IT_2952_20260616_111812146_WEB.html,,,,,,,,,,,,,,
INDOSTAR,INDOSTAR CAPITAL FINANCE LIMITED,Regulation 7 (2),,2026-06-15,,,,,,,,,https://nsearchives.nseindia.com/corporate/ixbrl/IT_16166_20260615_202150913_WEB.html,,,,,,,,,,,,,,
INDOSTAR,INDOSTAR CAPITAL FINANCE LIMITED,Regulation 7 (2),,2026-06-15,,,,,,,,,https://nsearchives.nseindia.com/corporate/ixbrl/IT_16166_20260615_202150913_WEB.html,,,,,,,,,,,,,,
INDOSTAR,INDOSTAR CAPITAL FINANCE LIMITED,Regulation 7 (2),,2026-06-15,,,,,,,,,https://nsearchives.nseindia.com/corporate/ixbrl/IT_16166_20260615_202150913_WEB.html,,,,,,,,,,,,,,
INDOSTAR,INDOSTAR CAPITAL FINANCE LIMITED,Regulation 7 (2),,2026-06-15,,,,,,,,,https://nsearchives.nseindia.com/corporate/ixbrl/IT_16166_20260615_202150913_WEB.html,,,,,,,,,,,,,,
INDOSTAR,INDOSTAR CAPITAL FINANCE LIMITED,Regulation 7 (2),,2026-06-15,,,,,,,,,https://nsearchives.nseindia.com/corporate/ixbrl/IT_16166_20260615_202150913_WEB.html,,,,,,,,,,,,,,
INDOSTAR,INDOSTAR CAPITAL FINANCE LIMITED,Regulation 7 (2),,2026-06-15,,,,,,,,,https://nsearchives.nseindia.com/corporate/ixbrl/IT_16166_20260615_202150913_WEB.html,,,,,,,,,,,,,,
NAM-INDIA,Nippon Life India Asset Management Limited,Regulation 7 (2),,2026-06-15,,,,,,,,,https://nsearchives.nseindia.com/corporate/ixbrl/IT_15552_20260615_191050557_WEB.html,,,,,,,,,,,,,,
NAM-INDIA,Nippon Life India Asset Management Limited,Regulation 7 (2),,2026-06-15,,,,,,,,,https://nsearchives.nseindia.com/corporate/ixbrl/IT_15552_20260615_191050557_WEB.html,,,,,,,,,,,,,,
NAM-INDIA,Nippon Life India Asset Management Limited,Regulation 7 (2),,2026-06-15,,,,,,,,,https://nsearchives.nseindia.com/corporate/ixbrl/IT_15552_20260615_191050557_WEB.html,,,,,,,,,,,,,,
NAM-INDIA,Nippon Life India Asset Management Limited,Regulation 7 (2),,2026-06-15,,,,,,,,,https://nsearchives.nseindia.com/corporate/ixbrl/IT_15552_20260615_191050557_WEB.html,,,,,,,,,,,,,,
NAM-INDIA,Nippon Life India Asset Management Limited,Regulation 7 (2),,2026-06-15,,,,,,,,,https://nsearchives.nseindia.com/corporate/ixbrl/IT_15552_20260615_191050557_WEB.html,,,,,,,,,,,,,,
NAM-INDIA,Nippon Life India Asset Management Limited,Regulation 7 (2),,2026-06-15,,,,,,,,,https://nsearchives.nseindia.com/corporate/ixbrl/IT_15552_20260615_191050557_WEB.html,,,,,,,,,,,,,,
NAM-INDIA,Nippon Life India Asset Management Limited,Regulation 7 (2),,2026-06-15,,,,,,,,,https://nsearchives.nseindia.com/corporate/ixbrl/IT_15552_20260615_191050557_WEB.html,,,,,,,,,,,,,,
NAM-INDIA,Nippon Life India Asset Management Limited,Regulation 7 (2),,2026-06-15,,,,,,,,,https://nsearchives.nseindia.com/corporate/ixbrl/IT_15552_20260615_191050557_WEB.html,,,,,,,,,,,,,,
NAM-INDIA,Nippon Life India Asset Management Limited,Regulation 7 (2),,2026-06-15,,,,,,,,,https://nsearchives.nseindia.com/corporate/ixbrl/IT_15552_20260615_191050557_WEB.html,,,,,,,,,,,,,,
NAM-INDIA,Nippon Life India Asset Management Limited,Regulation 7 (2),,2026-06-15,,,,,,,,,https://nsearchives.nseindia.com/corporate/ixbrl/IT_15552_20260615_191050557_WEB.html,,,,,,,,,,,,,,
NAM-INDIA,Nippon Life India Asset Management Limited,Regulation 7 (2),,2026-06-15,,,,,,,,,https://nsearchives.nseindia.com/corporate/ixbrl/IT_15552_20260615_191050557_WEB.html,,,,,,,,,,,,,,
NAM-INDIA,Nippon Life India Asset Management Limited,Regulation 7 (2),,2026-06-15,,,,,,,,,https://nsearchives.nseindia.com/corporate/ixbrl/IT_15552_20260615_191050557_WEB.html,,,,,,,,,,,,,,
NAM-INDIA,Nippon Life India Asset Management Limited,Regulation 7 (2),,2026-06-15,,,,,,,,,https://nsearchives.nseindia.com/corporate/ixbrl/IT_15552_20260615_191050557_WEB.html,,,,,,,,,,,,,,
NAM-INDIA,Nippon Life India Asset Management Limited,Regulation 7 (2),,2026-06-15,,,,,,,,,https://nsearchives.nseindia.com/corporate/ixbrl/IT_15552_20260615_191050557_WEB.html,,,,,,,,,,,,,,
NAM-INDIA,Nippon Life India Asset Management Limited,Regulation 7 (2),,2026-06-15,,,,,,,,,https://nsearchives.nseindia.com/corporate/ixbrl/IT_15552_20260615_191050557_WEB.html,,,,,,,,,,,,,,
INDOSTAR,INDOSTAR CAPITAL FINANCE LIMITED,Regulation 7 (2),,2026-06-15,,,,,,,,,https://nsearchives.nseindia.com/corporate/ixbrl/IT_16166_20260615_195944869_WEB.html,,,,,,,,,,,,,,
INDOSTAR,INDOSTAR CAPITAL FINANCE LIMITED,Regulation 7 (2),,2026-06-15,,,,,,,,,https://nsearchives.nseindia.com/corporate/ixbrl/IT_16166_20260615_195944869_WEB.html,,,,,,,,,,,,,,
INDOSTAR,INDOSTAR CAPITAL FINANCE LIMITED,Regulation 7 (2),,2026-06-15,,,,,,,,,https://nsearchives.nseindia.com/corporate/ixbrl/IT_16166_20260615_195944869_WEB.html,,,,,,,,,,,,,,
INDOSTAR,INDOSTAR CAPITAL FINANCE LIMITED,Regulation 7 (2),,2026-06-15,,,,,,,,,https://nsearchives.nseindia.com/corporate/ixbrl/IT_16166_20260615_195944869_WEB.html,,,,,,,,,,,,,,
INDOSTAR,INDOSTAR CAPITAL FINANCE LIMITED,Regulation 7 (2),,2026-06-15,,,,,,,,,https://nsearchives.nseindia.com/corporate/ixbrl/IT_16166_20260615_195944869_WEB.html,,,,,,,,,,,,,,
INDOSTAR,INDOSTAR CAPITAL FINANCE LIMITED,Regulation 7 (2),,2026-06-15,,,,,,,,,https://nsearchives.nseindia.com/corporate/ixbrl/IT_16166_20260615_195944869_WEB.html,,,,,,,,,,,,,,
GOKUL,GOKUL REFOILS AND SOLVENT LIMITED,Regulation 7 (2),,2026-06-15,,,,,,,,,https://nsearchives.nseindia.com/corporate/ixbrl/IT_2754_20260615_182837464_WEB.html,,,,,,,,,,,,,,
GOKUL,GOKUL REFOILS AND SOLVENT LIMITED,Regulation 7 (2),,2026-06-15,,,,,,,,,https://nsearchives.nseindia.com/corporate/ixbrl/IT_2754_20260615_182837464_WEB.html,,,,,,,,,,,,,,
DMART,AVENUE SUPERMARTS LIMITED,Regulation 7 (2),,2026-06-15,,,,,,,,,https://nsearchives.nseindia.com/corporate/ixbrl/IT_14711_20260615_184812497_WEB.html,,,,,,,,,,,,,,
DMART,AVENUE SUPERMARTS LIMITED,Regulation 7 (2),,2026-06-15,,,,,,,,,https://nsearchives.nseindia.com/corporate/ixbrl/IT_14711_20260615_184812497_WEB.html,,,,,,,,,,,,,,
DMART,AVENUE SUPERMARTS LIMITED,Regulation 7 (2),,2026-06-15,,,,,,,,,https://nsearchives.nseindia.com/corporate/ixbrl/IT_14711_20260615_184812497_WEB.html,,,,,,,,,,,,,,
DMART,AVENUE SUPERMARTS LIMITED,Regulation 7 (2),,2026-06-15,,,,,,,,,https://nsearchives.nseindia.com/corporate/ixbrl/IT_14711_20260615_184812497_WEB.html,,,,,,,,,,,,,,
DMART,AVENUE SUPERMARTS LIMITED,Regulation 7 (2),,2026-06-15,,,,,,,,,https://nsearchives.nseindia.com/corporate/ixbrl/IT_14711_20260615_184812497_WEB.html,,,,,,,,,,,,,,
DMART,AVENUE SUPERMARTS LIMITED,Regulation 7 (2),,2026-06-15,,,,,,,,,https://nsearchives.nseindia.com/corporate/ixbrl/IT_14711_20260615_184812497_WEB.html,,,,,,,,,,,,,,
DMART,AVENUE SUPERMARTS LIMITED,Regulation 7 (2),,2026-06-15,,,,,,,,,https://nsearchives.nseindia.com/corporate/ixbrl/IT_14711_20260615_184812497_WEB.html,,,,,,,,,,,,,,
WELSPUNLIV,Welspun Living Limited,Regulation 7 (2),,2026-06-15,,,,,,,,,https://nsearchives.nseindia.com/corporate/ixbrl/IT_2160_20260615_191608731_WEB.html,,,,,,,,,,,,,,
WELSPUNLIV,Welspun Living Limited,Regulation 7 (2),,2026-06-15,,,,,,,,,https://nsearchives.nseindia.com/corporate/ixbrl/IT_2160_20260615_191608731_WEB.html,,,,,,,,,,,,,,
GRMOVER,GRM OVERSEAS LIMITED,Regulation 7 (2),,2026-06-15,,,,,,,,,https://nsearchives.nseindia.com/corporate/ixbrl/IT_20861_20260615_183439947_WEB.html,,,,,,,,,,,,,,
AXISBANK,Axis Bank Limited,Regulation 7 (3),,2026-06-15,,,,,,,,,https://nsearchives.nseindia.com/corporate/ixbrl/IT_1693_20260615_181050115_WEB.html,,,,,,,,,,,,,,
GOLDTECH,AION-TECH SOLUTIONS LIMITED,Regulation 7 (2),,2026-06-15,,,,,,,,,https://nsearchives.nseindia.com/corporate/ixbrl/IT_1976_20260615_165847461_WEB.html,,,,,,,,,,,,,,
MSPL,MSP STEEL & POWER LIMITED,Regulation 7 (2),,2026-06-15,,,,,,,,,https://nsearchives.nseindia.com/corporate/ixbrl/IT_2306_20260615_164920793_WEB.html,,,,,,,,,,,,,,
MSPL,MSP STEEL & POWER LIMITED,Regulation 7 (2),,2026-06-15,,,,,,,,,https://nsearchives.nseindia.com/corporate/ixbrl/IT_2306_20260615_164920793_WEB.html,,,,,,,,,,,,,,
MSPL,MSP STEEL & POWER LIMITED,Regulation 7 (2),,2026-06-15,,,,,,,,,https://nsearchives.nseindia.com/corporate/ixbrl/IT_2306_20260615_164920793_WEB.html,,,,,,,,,,,,,,
MSPL,MSP STEEL & POWER LIMITED,Regulation 7 (2),,2026-06-15,,,,,,,,,https://nsearchives.nseindia.com/corporate/ixbrl/IT_2306_20260615_164920793_WEB.html,,,,,,,,,,,,,,
MSPL,MSP STEEL & POWER LIMITED,Regulation 7 (2),,2026-06-15,,,,,,,,,https://nsearchives.nseindia.com/corporate/ixbrl/IT_2306_20260615_164920793_WEB.html,,,,,,,,,,,,,,
PATINTLOG,Patel Integrated Logistics Limited,Regulation 7 (2),,2026-06-15,,,,,,,,,https://nsearchives.nseindia.com/corporate/ixbrl/IT_2705_20260615_155114391_WEB.html,,,,,,,,,,,,,,
PATINTLOG,Patel Integrated Logistics Limited,Regulation 7 (2),,2026-06-15,,,,,,,,,https://nsearchives.nseindia.com/corporate/ixbrl/IT_2705_20260615_155114391_WEB.html,,,,,,,,,,,,,,
KIRLPNU,KIRLOSKAR PNEUMATIC COMPANY LIMITED,Regulation 7 (2),,2026-06-15,,,,,,,,,https://nsearchives.nseindia.com/corporate/ixbrl/IT_21921_20260615_181537877_WEB.html,,,,,,,,,,,,,,
HGS,HINDUJA GLOBAL SOLUTIONS LIMITED,Regulation 7 (2),,2026-06-15,,,,,,,,,https://nsearchives.nseindia.com/corporate/ixbrl/IT_2614_20260615_163726554_WEB.html,,,,,,,,,,,,,,
HGS,HINDUJA GLOBAL SOLUTIONS LIMITED,Regulation 7 (2),,2026-06-15,,,,,,,,,https://nsearchives.nseindia.com/corporate/ixbrl/IT_2614_20260615_163726554_WEB.html,,,,,,,,,,,,,,
HGS,HINDUJA GLOBAL SOLUTIONS LIMITED,Regulation 7 (2),,2026-06-15,,,,,,,,,https://nsearchives.nseindia.com/corporate/ixbrl/IT_2614_20260615_163726554_WEB.html,,,,,,,,,,,,,,
HGS,HINDUJA GLOBAL SOLUTIONS LIMITED,Regulation 7 (2),,2026-06-15,,,,,,,,,https://nsearchives.nseindia.com/corporate/ixbrl/IT_2614_20260615_163726554_WEB.html,,,,,,,,,,,,,,
EBGNG,GNG ELECTRONICS LIMITED,Regulation 7 (2),,2026-06-15,,,,,,,,,https://nsearchives.nseindia.com/corporate/ixbrl/IT_25012_20260615_144805306_WEB.html,,,,,,,,,,,,,,
DPSCLTD,DPSC LIMITED,Regulation 7 (2),,2026-06-15,,,,,,,,,https://nsearchives.nseindia.com/corporate/ixbrl/IT_2743_20260615_143039015_WEB.html,,,,,,,,,,,,,,
GICL,Globe International Carriers Limited,Regulation 7 (2),,2026-06-15,,,,,,,,,https://nsearchives.nseindia.com/corporate/ixbrl/IT_14315_20260615_142600627_WEB.html,,,,,,,,,,,,,,
GICL,Globe International Carriers Limited,Regulation 7 (2),,2026-06-15,,,,,,,,,https://nsearchives.nseindia.com/corporate/ixbrl/IT_14315_20260615_142600627_WEB.html,,,,,,,,,,,,,,
GICL,Globe International Carriers Limited,Regulation 7 (2),,2026-06-15,,,,,,,,,https://nsearchives.nseindia.com/corporate/ixbrl/IT_14315_20260615_142600627_WEB.html,,,,,,,,,,,,,,
GICL,Globe International Carriers Limited,Regulation 7 (2),,2026-06-15,,,,,,,,,https://nsearchives.nseindia.com/corporate/ixbrl/IT_14315_20260615_142600627_WEB.html,,,,,,,,,,,,,,
PATINTLOG,Patel Integrated Logistics Limited,Regulation 7 (2),,2026-06-15,,,,,,,,,https://nsearchives.nseindia.com/corporate/ixbrl/IT_2705_20260615_153924670_WEB.html,,,,,,,,,,,,,,
PATINTLOG,Patel Integrated Logistics Limited,Regulation 7 (2),,2026-06-15,,,,,,,,,https://nsearchives.nseindia.com/corporate/ixbrl/IT_2705_20260615_153924670_WEB.html,,,,,,,,,,,,,,
VASCONEQ,VASCON ENGINEERS LIMITED,Regulation 7 (2),,2026-06-15,,,,,,,,,https://nsearchives.nseindia.com/corporate/ixbrl/IT_3064_20260615_145902970_WEB.html,,,,,,,,,,,,,,
VASCONEQ,VASCON ENGINEERS LIMITED,Regulation 7 (2),,2026-06-15,,,,,,,,,https://nsearchives.nseindia.com/corporate/ixbrl/IT_3064_20260615_145902970_WEB.html,,,,,,,,,,,,,,
VASCONEQ,VASCON ENGINEERS LIMITED,Regulation 7 (2),,2026-06-15,,,,,,,,,https://nsearchives.nseindia.com/corporate/ixbrl/IT_3064_20260615_145902970_WEB.html,,,,,,,,,,,,,,
THYROCARE,Thyrocare Technologies Limited,Regulation 7 (2),,2026-06-15,,,,,,,,,https://nsearchives.nseindia.com/corporate/ixbrl/IT_13770_20260615_133310278_WEB.html,,,,,,,,,,,,,,
THYROCARE,Thyrocare Technologies Limited,Regulation 7 (2),,2026-06-15,,,,,,,,,https://nsearchives.nseindia.com/corporate/ixbrl/IT_13770_20260615_133310278_WEB.html,,,,,,,,,,,,,,
AFFLE,Affle 3i Limited,Regulation 7 (2),,2026-06-15,,,,,,,,,https://nsearchives.nseindia.com/corporate/ixbrl/IT_17565_20260615_133305015_WEB.html,,,,,,,,,,,,,,
RESPONIND,Responsive Industries Limited,Regulation 7 (2),,2026-06-15,,,,,,,,,https://nsearchives.nseindia.com/corporate/ixbrl/IT_3674_20260615_123312223_WEB.html,,,,,,,,,,,,,,
RESPONIND,Responsive Industries Limited,Regulation 7 (2),,2026-06-15,,,,,,,,,https://nsearchives.nseindia.com/corporate/ixbrl/IT_3674_20260615_123216561_WEB.html,,,,,,,,,,,,,,
NGLFINE,NGL FINE-CHEM LIMITED,Regulation 7 (2),,2026-06-15,,,,,,,,,https://nsearchives.nseindia.com/corporate/ixbrl/IT_20676_20260615_114347429_WEB.html,,,,,,,,,,,,,,
NGLFINE,NGL FINE-CHEM LIMITED,Regulation 7 (2),,2026-06-15,,,,,,,,,https://nsearchives.nseindia.com/corporate/ixbrl/IT_20676_20260615_114347429_WEB.html,,,,,,,,,,,,,,
STEL,STEL HOLDINGS LIMITED,Regulation 7 (2),,2026-06-15,,,,,,,,,https://nsearchives.nseindia.com/corporate/ixbrl/IT_4020_20260615_105422832_WEB.html,,,,,,,,,,,,,,
STEL,STEL HOLDINGS LIMITED,Regulation 7 (2),,2026-06-15,,,,,,,,,https://nsearchives.nseindia.com/corporate/ixbrl/IT_4020_20260615_105422832_WEB.html,,,,,,,,,,,,,,
DBOL,Dhampur Bio Organics Limited,Regulation 7 (2),,2026-06-14,,,,,,,,,https://nsearchives.nseindia.com/corporate/ixbrl/IT_20812_20260614_130142540_WEB.html,,,,,,,,,,,,,,
PAISALO,PAISALO DIGITAL LIMITED,Regulation 7 (2),,2026-06-15,,,,,,,,,https://nsearchives.nseindia.com/corporate/ixbrl/IT_5294_20260615_095004731_WEB.html,,,,,,,,,,,,,,
BAJAJHCARE,BAJAJ HEALTHCARE LIMITED,Regulation 7 (2),,2026-06-15,,,,,,,,,https://nsearchives.nseindia.com/corporate/ixbrl/IT_19739_20260615_132831852_WEB.html,,,,,,,,,,,,,,
SURYAROSNI,SURYA ROSHNI LIMITED,Regulation 7 (2),,2026-06-15,,,,,,,,,https://nsearchives.nseindia.com/corporate/ixbrl/IT_1209_20260615_111422861_WEB.html,,,,,,,,,,,,,,
SURYAROSNI,SURYA ROSHNI LIMITED,Regulation 7 (2),,2026-06-15,,,,,,,,,https://nsearchives.nseindia.com/corporate/ixbrl/IT_1209_20260615_111422861_WEB.html,,,,,,,,,,,,,,
SURYAROSNI,SURYA ROSHNI LIMITED,Regulation 7 (2),,2026-06-15,,,,,,,,,https://nsearchives.nseindia.com/corporate/ixbrl/IT_1209_20260615_111422861_WEB.html,,,,,,,,,,,,,,
SBCL,SHIVALIK BIMETAL CONTROLS LIMITED,Regulation 7 (2),,2026-06-13,,,,,,,,,https://nsearchives.nseindia.com/corporate/ixbrl/IT_20260613_144100670_WEB.html,,,,,,,,,,,,,,
VSTL,VIBHOR STEEL TUBES LIMITED,Regulation 7 (2),,2026-06-13,,,,,,,,,https://nsearchives.nseindia.com/corporate/ixbrl/IT_20260613_154010870_WEB.html,,,,,,,,,,,,,,
SBCL,SHIVALIK BIMETAL CONTROLS LIMITED,Regulation 7 (2),,2026-06-13,,,,,,,,,https://nsearchives.nseindia.com/corporate/ixbrl/IT_20260613_143256854_WEB.html,,,,,,,,,,,,,,
SBCL,SHIVALIK BIMETAL CONTROLS LIMITED,Regulation 7 (2),,2026-06-13,,,,,,,,,https://nsearchives.nseindia.com/corporate/ixbrl/IT_20260613_143223853_WEB.html,,,,,,,,,,,,,,
ALICON,ALICON CASTALLOY LIMITED,Regulation 7 (2),,2026-06-13,,,,,,,,,https://nsearchives.nseindia.com/corporate/ixbrl/IT_20260613_120502622_WEB.html,,,,,,,,,,,,,,
XPROINDIA,XPRO INDIA LIMITED,Regulation 7 (2),,2026-06-13,,,,,,,,,https://nsearchives.nseindia.com/corporate/ixbrl/IT_20260613_120838573_WEB.html,,,,,,,,,,,,,,
JARO,JARO INSTITUTE OF TECHNOLOGY MANAGEMENT AND RESEARCH LIMITED,Regulation 7 (2),,2026-06-13,,,,,,,,,https://nsearchives.nseindia.com/corporate/ixbrl/IT_20260613_125328596_WEB.html,,,,,,,,,,,,,,
PETRONET,PETRONET LNG LIMITED,Regulation 7 (2),,2026-06-12,,,,,,,,,https://nsearchives.nseindia.com/corporate/ixbrl/IT_20260612_201854599_WEB.html,,,,,,,,,,,,,,
PETRONET,PETRONET LNG LIMITED,Regulation 7 (2),,2026-06-12,,,,,,,,,https://nsearchives.nseindia.com/corporate/ixbrl/IT_20260612_201854599_WEB.html,,,,,,,,,,,,,,
PETRONET,PETRONET LNG LIMITED,Regulation 7 (2),,2026-06-12,,,,,,,,,https://nsearchives.nseindia.com/corporate/ixbrl/IT_20260612_201854599_WEB.html,,,,,,,,,,,,,,
PETRONET,PETRONET LNG LIMITED,Regulation 7 (2),,2026-06-12,,,,,,,,,https://nsearchives.nseindia.com/corporate/ixbrl/IT_20260612_201854599_WEB.html,,,,,,,,,,,,,,
PETRONET,PETRONET LNG LIMITED,Regulation 7 (2),,2026-06-12,,,,,,,,,https://nsearchives.nseindia.com/corporate/ixbrl/IT_20260612_201854599_WEB.html,,,,,,,,,,,,,,
PETRONET,PETRONET LNG LIMITED,Regulation 7 (2),,2026-06-12,,,,,,,,,https://nsearchives.nseindia.com/corporate/ixbrl/IT_20260612_201854599_WEB.html,,,,,,,,,,,,,,
PETRONET,PETRONET LNG LIMITED,Regulation 7 (2),,2026-06-12,,,,,,,,,https://nsearchives.nseindia.com/corporate/ixbrl/IT_20260612_201854599_WEB.html,,,,,,,,,,,,,,
PETRONET,PETRONET LNG LIMITED,Regulation 7 (2),,2026-06-12,,,,,,,,,https://nsearchives.nseindia.com/corporate/ixbrl/IT_20260612_201854599_WEB.html,,,,,,,,,,,,,,
PETRONET,PETRONET LNG LIMITED,Regulation 7 (2),,2026-06-12,,,,,,,,,https://nsearchives.nseindia.com/corporate/ixbrl/IT_20260612_201432652_WEB.html,,,,,,,,,,,,,,
PETRONET,PETRONET LNG LIMITED,Regulation 7 (2),,2026-06-12,,,,,,,,,https://nsearchives.nseindia.com/corporate/ixbrl/IT_20260612_201432652_WEB.html,,,,,,,,,,,,,,
PETRONET,PETRONET LNG LIMITED,Regulation 7 (2),,2026-06-12,,,,,,,,,https://nsearchives.nseindia.com/corporate/ixbrl/IT_20260612_201432652_WEB.html,,,,,,,,,,,,,,
PETRONET,PETRONET LNG LIMITED,Regulation 7 (2),,2026-06-12,,,,,,,,,https://nsearchives.nseindia.com/corporate/ixbrl/IT_20260612_201432652_WEB.html,,,,,,,,,,,,,,
PETRONET,PETRONET LNG LIMITED,Regulation 7 (2),,2026-06-12,,,,,,,,,https://nsearchives.nseindia.com/corporate/ixbrl/IT_20260612_201432652_WEB.html,,,,,,,,,,,,,,
PETRONET,PETRONET LNG LIMITED,Regulation 7 (2),,2026-06-12,,,,,,,,,https://nsearchives.nseindia.com/corporate/ixbrl/IT_20260612_201432652_WEB.html,,,,,,,,,,,,,,
PETRONET,PETRONET LNG LIMITED,Regulation 7 (2),,2026-06-12,,,,,,,,,https://nsearchives.nseindia.com/corporate/ixbrl/IT_20260612_201432652_WEB.html,,,,,,,,,,,,,,
PETRONET,PETRONET LNG LIMITED,Regulation 7 (2),,2026-06-12,,,,,,,,,https://nsearchives.nseindia.com/corporate/ixbrl/IT_20260612_201432652_WEB.html,,,,,,,,,,,,,,
VPRPL,VISHNU PRAKASH R PUNGLIA LIMITED,Regulation 7 (2),,2026-06-12,,,,,,,,,https://nsearchives.nseindia.com/corporate/ixbrl/IT_20260612_192432546_WEB.html,,,,,,,,,,,,,,
VPRPL,VISHNU PRAKASH R PUNGLIA LIMITED,Regulation 7 (2),,2026-06-12,,,,,,,,,https://nsearchives.nseindia.com/corporate/ixbrl/IT_20260612_192432546_WEB.html,,,,,,,,,,,,,,
VPRPL,VISHNU PRAKASH R PUNGLIA LIMITED,Regulation 7 (2),,2026-06-12,,,,,,,,,https://nsearchives.nseindia.com/corporate/ixbrl/IT_20260612_192432546_WEB.html,,,,,,,,,,,,,,
VPRPL,VISHNU PRAKASH R PUNGLIA LIMITED,Regulation 7 (2),,2026-06-12,,,,,,,,,https://nsearchives.nseindia.com/corporate/ixbrl/IT_20260612_192432546_WEB.html,,,,,,,,,,,,,,
BOSCHLTD,BOSCH LIMITED,Regulation 7 (2),,2026-06-12,,,,,,,,,https://nsearchives.nseindia.com/corporate/ixbrl/IT_20260612_183812841_WEB.html,,,,,,,,,,,,,,
BOSCHLTD,BOSCH LIMITED,Regulation 7 (2),,2026-06-12,,,,,,,,,https://nsearchives.nseindia.com/corporate/ixbrl/IT_20260612_183812841_WEB.html,,,,,,,,,,,,,,
KPITTECH,KPIT TECHNOLOGIES LIMITED,Regulation 7 (2),,2026-06-12,,,,,,,,,https://nsearchives.nseindia.com/corporate/ixbrl/IT_20260612_191806184_WEB.html,,,,,,,,,,,,,,
GOKUL,GOKUL REFOILS AND SOLVENT LIMITED,Regulation 7 (2),,2026-06-12,,,,,,,,,https://nsearchives.nseindia.com/corporate/ixbrl/IT_20260612_182309128_WEB.html,,,,,,,,,,,,,,
GOKUL,GOKUL REFOILS AND SOLVENT LIMITED,Regulation 7 (2),,2026-06-12,,,,,,,,,https://nsearchives.nseindia.com/corporate/ixbrl/IT_20260612_182309128_WEB.html,,,,,,,,,,,,,,
BOSCHLTD,BOSCH LIMITED,Regulation 7 (2),,2026-06-12,,,,,,,,,https://nsearchives.nseindia.com/corporate/ixbrl/IT_20260612_183346678_WEB.html,,,,,,,,,,,,,,
BOSCHLTD,BOSCH LIMITED,Regulation 7 (2),,2026-06-12,,,,,,,,,https://nsearchives.nseindia.com/corporate/ixbrl/IT_20260612_183346678_WEB.html,,,,,,,,,,,,,,
ECLERX,eClerx Services Ltd,Regulation 7 (2),,2026-06-12,,,,,,,,,https://nsearchives.nseindia.com/corporate/ixbrl/IT_20260612_182414790_WEB.html,,,,,,,,,,,,,,
ECLERX,eClerx Services Ltd,Regulation 7 (2),,2026-06-12,,,,,,,,,https://nsearchives.nseindia.com/corporate/ixbrl/IT_20260612_182414790_WEB.html,,,,,,,,,,,,,,
APLLTD,Alembic Pharmaceuticals Limited,Regulation 7 (2),,2026-06-12,,,,,,,,,https://nsearchives.nseindia.com/corporate/ixbrl/IT_20260612_183716903_WEB.html,,,,,,,,,,,,,,
BOSCHLTD,BOSCH LIMITED,Regulation 7 (2),,2026-06-12,,,,,,,,,https://nsearchives.nseindia.com/corporate/ixbrl/IT_20260612_183611871_WEB.html,,,,,,,,,,,,,,
BOSCHLTD,BOSCH LIMITED,Regulation 7 (2),,2026-06-12,,,,,,,,,https://nsearchives.nseindia.com/corporate/ixbrl/IT_20260612_183611871_WEB.html,,,,,,,,,,,,,,
NRBBEARING,NRB BEARING LIMITED,Regulation 7 (2),,2026-06-12,,,,,,,,,https://nsearchives.nseindia.com/corporate/ixbrl/IT_20260612_182259340_WEB.html,,,,,,,,,,,,,,
NRBBEARING,NRB BEARING LIMITED,Regulation 7 (2),,2026-06-12,,,,,,,,,https://nsearchives.nseindia.com/corporate/ixbrl/IT_20260612_182259340_WEB.html,,,,,,,,,,,,,,
STEL,STEL HOLDINGS LIMITED,Regulation 7 (2),,2026-06-12,,,,,,,,,https://nsearchives.nseindia.com/corporate/ixbrl/IT_20260612_173801264_WEB.html,,,,,,,,,,,,,,
STEL,STEL HOLDINGS LIMITED,Regulation 7 (2),,2026-06-12,,,,,,,,,https://nsearchives.nseindia.com/corporate/ixbrl/IT_20260612_173801264_WEB.html,,,,,,,,,,,,,,
NLCINDIA,NLC India Limited,Regulation 7 (2),,2026-06-12,,,,,,,,,https://nsearchives.nseindia.com/corporate/ixbrl/IT_20260612_181201305_WEB.html,,,,,,,,,,,,,,
NLCINDIA,NLC India Limited,Regulation 7 (2),,2026-06-12,,,,,,,,,https://nsearchives.nseindia.com/corporate/ixbrl/IT_20260612_181201305_WEB.html,,,,,,,,,,,,,,
QUESS,Quess Corp Limited,Regulation 7 (2),,2026-06-12,,,,,,,,,https://nsearchives.nseindia.com/corporate/ixbrl/IT_20260612_174000696_WEB.html,,,,,,,,,,,,,,
QUESS,Quess Corp Limited,Regulation 7 (2),,2026-06-12,,,,,,,,,https://nsearchives.nseindia.com/corporate/ixbrl/IT_20260612_174000696_WEB.html,,,,,,,,,,,,,,
AXISBANK,Axis Bank Limited,Regulation 7 (3),,2026-06-12,,,,,,,,,https://nsearchives.nseindia.com/corporate/ixbrl/IT_20260612_173510511_WEB.html,,,,,,,,,,,,,,
THOMASCOOK,THOMAS COOK  (INDIA)  LIMITED,Regulation 7 (2),,2026-06-12,,,,,,,,,https://nsearchives.nseindia.com/corporate/ixbrl/IT_20260612_173816029_WEB.html,,,,,,,,,,,,,,
THOMASCOOK,THOMAS COOK  (INDIA)  LIMITED,Regulation 7 (2),,2026-06-12,,,,,,,,,https://nsearchives.nseindia.com/corporate/ixbrl/IT_20260612_173816029_WEB.html,,,,,,,,,,,,,,
AXISBANK,Axis Bank Limited,Regulation 7 (3),,2026-06-12,,,,,,,,,https://nsearchives.nseindia.com/corporate/ixbrl/IT_20260612_173417331_WEB.html,,,,,,,,,,,,,,
WIPRO,WIPRO LIMITED,Regulation 7 (2),,2026-06-12,,,,,,,,,https://nsearchives.nseindia.com/corporate/ixbrl/IT_20260612_180304235_WEB.html,,,,,,,,,,,,,,
TATACONSUM,Tata Consumer Products Limited,Regulation 7 (2),,2026-06-12,,,,,,,,,https://nsearchives.nseindia.com/corporate/ixbrl/IT_20260612_173442513_WEB.html,,,,,,,,,,,,,,
TATACONSUM,Tata Consumer Products Limited,Regulation 7 (2),,2026-06-12,,,,,,,,,https://nsearchives.nseindia.com/corporate/ixbrl/IT_20260612_173442513_WEB.html,,,,,,,,,,,,,,
TATACONSUM,Tata Consumer Products Limited,Regulation 7 (2),,2026-06-12,,,,,,,,,https://nsearchives.nseindia.com/corporate/ixbrl/IT_20260612_173442513_WEB.html,,,,,,,,,,,,,,
TATACONSUM,Tata Consumer Products Limited,Regulation 7 (2),,2026-06-12,,,,,,,,,https://nsearchives.nseindia.com/corporate/ixbrl/IT_20260612_173442513_WEB.html,,,,,,,,,,,,,,
TATACONSUM,Tata Consumer Products Limited,Regulation 7 (2),,2026-06-12,,,,,,,,,https://nsearchives.nseindia.com/corporate/ixbrl/IT_20260612_173442513_WEB.html,,,,,,,,,,,,,,
GRMOVER,GRM OVERSEAS LIMITED,Regulation 7 (2),,2026-06-12,,,,,,,,,https://nsearchives.nseindia.com/corporate/ixbrl/IT_20260612_171759467_WEB.html,,,,,,,,,,,,,,
GRMOVER,GRM OVERSEAS LIMITED,Regulation 7 (2),,2026-06-12,,,,,,,,,https://nsearchives.nseindia.com/corporate/ixbrl/IT_20260612_171759467_WEB.html,,,,,,,,,,,,,,
LALPATHLAB,DR. LAL PATHLABS LIMITED,Regulation 7 (2),,2026-06-12,,,,,,,,,https://nsearchives.nseindia.com/corporate/ixbrl/IT_20260612_173136236_WEB.html,,,,,,,,,,,,,,
LALPATHLAB,DR. LAL PATHLABS LIMITED,Regulation 7 (2),,2026-06-12,,,,,,,,,https://nsearchives.nseindia.com/corporate/ixbrl/IT_20260612_173136236_WEB.html,,,,,,,,,,,,,,
LALPATHLAB,DR. LAL PATHLABS LIMITED,Regulation 7 (2),,2026-06-12,,,,,,,,,https://nsearchives.nseindia.com/corporate/ixbrl/IT_20260612_173136236_WEB.html,,,,,,,,,,,,,,
STEL,STEL HOLDINGS LIMITED,Regulation 7 (2),,2026-06-12,,,,,,,,,https://nsearchives.nseindia.com/corporate/ixbrl/IT_20260612_173428796_WEB.html,,,,,,,,,,,,,,
NCC,NCC LIMITED,Regulation 7 (2),,2026-06-12,,,,,,,,,https://nsearchives.nseindia.com/corporate/ixbrl/IT_20260612_170736495_WEB.html,,,,,,,,,,,,,,
NCLIND,NCL INDUSTRIES LIMITED,Regulation 7 (2),,2026-06-12,,,,,,,,,https://nsearchives.nseindia.com/corporate/ixbrl/IT_20260612_161752503_WEB.html,,,,,,,,,,,,,,
NCLIND,NCL INDUSTRIES LIMITED,Regulation 7 (2),,2026-06-12,,,,,,,,,https://nsearchives.nseindia.com/corporate/ixbrl/IT_20260612_161752503_WEB.html,,,,,,,,,,,,,,
CCAVENUE,AvenuesAI Limited,Regulation 7 (2),,2026-06-12,,,,,,,,,https://nsearchives.nseindia.com/corporate/ixbrl/IT_20260612_171156800_WEB.html,,,,,,,,,,,,,,
CCAVENUE,AvenuesAI Limited,Regulation 7 (2),,2026-06-12,,,,,,,,,https://nsearchives.nseindia.com/corporate/ixbrl/IT_20260612_171156800_WEB.html,,,,,,,,,,,,,,
CCAVENUE,AvenuesAI Limited,Regulation 7 (2),,2026-06-12,,,,,,,,,https://nsearchives.nseindia.com/corporate/ixbrl/IT_20260612_171156800_WEB.html,,,,,,,,,,,,,,
HCLTECH,HCL Technologies Limited,Regulation 7 (2),,2026-06-12,,,,,,,,,https://nsearchives.nseindia.com/corporate/ixbrl/IT_20260612_161757703_WEB.html,,,,,,,,,,,,,,
PREMIERPOL,PREMIER POLYFILM LIMITED,Regulation 7 (2),,2026-06-12,,,,,,,,,https://nsearchives.nseindia.com/corporate/ixbrl/IT_20260612_160552594_WEB.html,,,,,,,,,,,,,,
THYROCARE,Thyrocare Technologies Limited,Regulation 7 (2),,2026-05-19,,,,,,,,,https://nsearchives.nseindia.com/corporate/ixbrl/IT_20260612_171208848_WEB.html,,,,,,,,,,,,,,
MOTOGENFIN,THE MOTOR & GENERAL FINANCE LIMITED,Regulation 7 (2),,2026-06-12,,,,,,,,,https://nsearchives.nseindia.com/corporate/ixbrl/IT_20260612_154834988_WEB.html,,,,,,,,,,,,,,
INFY,Infosys Limited,Regulation 7 (2),,2026-06-12,,,,,,,,,https://nsearchives.nseindia.com/corporate/ixbrl/IT_20260612_160312158_WEB.html,,,,,,,,,,,,,,
INFY,Infosys Limited,Regulation 7 (2),,2026-06-12,,,,,,,,,https://nsearchives.nseindia.com/corporate/ixbrl/IT_20260612_160312158_WEB.html,,,,,,,,,,,,,,
AXISBANK,Axis Bank Limited,Regulation 7 (3),,2026-06-12,,,,,,,,,https://nsearchives.nseindia.com/corporate/ixbrl/IT_20260612_170304044_WEB.html,,,,,,,,,,,,,,
XPROINDIA,XPRO INDIA LIMITED,Regulation 7 (2),,2026-06-12,,,,,,,,,https://nsearchives.nseindia.com/corporate/ixbrl/IT_20260612_153645448_WEB.html,,,,,,,,,,,,,,
XPROINDIA,XPRO INDIA LIMITED,Regulation 7 (2),,2026-06-12,,,,,,,,,https://nsearchives.nseindia.com/corporate/ixbrl/IT_20260612_153645448_WEB.html,,,,,,,,,,,,,,
XPROINDIA,XPRO INDIA LIMITED,Regulation 7 (2),,2026-06-12,,,,,,,,,https://nsearchives.nseindia.com/corporate/ixbrl/IT_20260612_153645448_WEB.html,,,,,,,,,,,,,,
XPROINDIA,XPRO INDIA LIMITED,Regulation 7 (2),,2026-06-12,,,,,,,,,https://nsearchives.nseindia.com/corporate/ixbrl/IT_20260612_153645448_WEB.html,,,,,,,,,,,,,,
XPROINDIA,XPRO INDIA LIMITED,Regulation 7 (2),,2026-06-12,,,,,,,,,https://nsearchives.nseindia.com/corporate/ixbrl/IT_20260612_153645448_WEB.html,,,,,,,,,,,,,,
SANGAMIND,SANGAM (INDIA) LIMITED,Regulation 7 (2),,2026-06-12,,,,,,,,,https://nsearchives.nseindia.com/corporate/ixbrl/IT_20260612_151926995_WEB.html,,,,,,,,,,,,,,
AURUM,Aurum PropTech Limited,Regulation 7 (2),,2026-06-12,,,,,,,,,https://nsearchives.nseindia.com/corporate/ixbrl/IT_20260612_135606343_WEB.html,,,,,,,,,,,,,,
AURUM,Aurum PropTech Limited,Regulation 7 (2),,2026-06-12,,,,,,,,,https://nsearchives.nseindia.com/corporate/ixbrl/IT_20260612_135606343_WEB.html,,,,,,,,,,,,,,
SHANKARA,SHANKARA BUILDING PRODUCTS LIMITED,Regulation 7 (2),,2026-06-12,,,,,,,,,https://nsearchives.nseindia.com/corporate/ixbrl/IT_20260612_150719004_WEB.html,,,,,,,,,,,,,,
ALICON,ALICON CASTALLOY LIMITED,Regulation 7 (2),,2026-06-12,,,,,,,,,https://nsearchives.nseindia.com/corporate/ixbrl/IT_20260612_130615365_WEB.html,,,,,,,,,,,,,,
EVEREADY,EVEREADY INDUSTRIES INDIA LIMITED,Regulation 7 (2),,2026-06-12,,,,,,,,,https://nsearchives.nseindia.com/corporate/ixbrl/IT_20260612_111830801_WEB.html,,,,,,,,,,,,,,
EVEREADY,EVEREADY INDUSTRIES INDIA LIMITED,Regulation 7 (2),,2026-06-12,,,,,,,,,https://nsearchives.nseindia.com/corporate/ixbrl/IT_20260612_111830801_WEB.html,,,,,,,,,,,,,,
INDGN,Indegene Limited,Regulation 7 (2),,2026-06-12,,,,,,,,,https://nsearchives.nseindia.com/corporate/ixbrl/IT_20260612_121024303_WEB.html,,,,,,,,,,,,,,
SINCLAIR,SINCLAIRS HOTELS LIMITED,Regulation 7 (2),,2026-06-12,,,,,,,,,https://nsearchives.nseindia.com/corporate/ixbrl/IT_20260612_131309081_WEB.html,,,,,,,,,,,,,,
NAUKRI,Info Edge (India) Limited,Regulation 7 (2),,2026-06-12,,,,,,,,,https://nsearchives.nseindia.com/corporate/ixbrl/IT_20260612_110402715_WEB.html,,,,,,,,,,,,,,
JARO,JARO INSTITUTE OF TECHNOLOGY MANAGEMENT AND RESEARCH LIMITED,Regulation 7 (2),,2026-06-12,,,,,,,,,https://nsearchives.nseindia.com/corporate/ixbrl/IT_20260612_123918989_WEB.html,,,,,,,,,,,,,,
MBEL,M & B Engineering Limited,Regulation 7 (2),,2026-06-12,,,,,,,,,https://nsearchives.nseindia.com/corporate/ixbrl/IT_20260612_085704163_WEB.html,,,,,,,,,,,,,,
MBEL,M & B Engineering Limited,Regulation 7 (2),,2026-06-12,,,,,,,,,https://nsearchives.nseindia.com/corporate/ixbrl/IT_20260612_085704163_WEB.html,,,,,,,,,,,,,,
WELSPUNLIV,Welspun Living Limited,Regulation 7 (2),,2026-06-11,,,,,,,,,https://nsearchives.nseindia.com/corporate/ixbrl/IT_20260611_193034705_WEB.html,,,,,,,,,,,,,,
WELSPUNLIV,Welspun Living Limited,Regulation 7 (2),,2026-06-11,,,,,,,,,https://nsearchives.nseindia.com/corporate/ixbrl/IT_20260611_193034705_WEB.html,,,,,,,,,,,,,,
SASKEN,Sasken Technologies Limited,Regulation 7 (2),,2026-06-11,,,,,,,,,https://nsearchives.nseindia.com/corporate/ixbrl/IT_20260611_215134592_WEB.html,,,,,,,,,,,,,,
SASKEN,Sasken Technologies Limited,Regulation 7 (2),,2026-06-11,,,,,,,,,https://nsearchives.nseindia.com/corporate/ixbrl/IT_20260611_215134592_WEB.html,,,,,,,,,,,,,,
SASKEN,Sasken Technologies Limited,Regulation 7 (2),,2026-06-11,,,,,,,,,https://nsearchives.nseindia.com/corporate/ixbrl/IT_20260611_215134592_WEB.html,,,,,,,,,,,,,,
SASKEN,Sasken Technologies Limited,Regulation 7 (2),,2026-06-11,,,,,,,,,https://nsearchives.nseindia.com/corporate/ixbrl/IT_20260611_215134592_WEB.html,,,,,,,,,,,,,,
SASKEN,Sasken Technologies Limited,Regulation 7 (2),,2026-06-11,,,,,,,,,https://nsearchives.nseindia.com/corporate/ixbrl/IT_20260611_215134592_WEB.html,,,,,,,,,,,,,,
SASKEN,Sasken Technologies Limited,Regulation 7 (2),,2026-06-11,,,,,,,,,https://nsearchives.nseindia.com/corporate/ixbrl/IT_20260611_215134592_WEB.html,,,,,,,,,,,,,,
SASKEN,Sasken Technologies Limited,Regulation 7 (2),,2026-06-11,,,,,,,,,https://nsearchives.nseindia.com/corporate/ixbrl/IT_20260611_215134592_WEB.html,,,,,,,,,,,,,,
AEROENTER,AEROFLEX ENTERPRISES LIMITED,Regulation 7 (2),,2026-06-11,,,,,,,,,https://nsearchives.nseindia.com/corporate/ixbrl/IT_20260611_191659172_WEB.html,,,,,,,,,,,,,,
VSTL,VIBHOR STEEL TUBES LIMITED,Regulation 7 (2),,2026-06-12,,,,,,,,,https://nsearchives.nseindia.com/corporate/ixbrl/IT_20260612_105846244_WEB.html,,,,,,,,,,,,,,
EVEREADY,EVEREADY INDUSTRIES INDIA LIMITED,Regulation 7 (2),,2026-06-12,,,,,,,,,https://nsearchives.nseindia.com/corporate/ixbrl/IT_20260612_112125532_WEB.html,,,,,,,,,,,,,,
EVEREADY,EVEREADY INDUSTRIES INDIA LIMITED,Regulation 7 (2),,2026-06-12,,,,,,,,,https://nsearchives.nseindia.com/corporate/ixbrl/IT_20260612_112125532_WEB.html,,,,,,,,,,,,,,
THOMASCOOK,THOMAS COOK  (INDIA)  LIMITED,Regulation 7 (2),,2026-06-12,,,,,,,,,https://nsearchives.nseindia.com/corporate/ixbrl/IT_20260612_103456089_WEB.html,,,,,,,,,,,,,,
THOMASCOOK,THOMAS COOK  (INDIA)  LIMITED,Regulation 7 (2),,2026-06-12,,,,,,,,,https://nsearchives.nseindia.com/corporate/ixbrl/IT_20260612_103456089_WEB.html,,,,,,,,,,,,,,
DMART,AVENUE SUPERMARTS LIMITED,Regulation 7 (2),,2026-06-11,,,,,,,,,https://nsearchives.nseindia.com/corporate/ixbrl/IT_20260611_184759897_WEB.html,,,,,,,,,,,,,,
DMART,AVENUE SUPERMARTS LIMITED,Regulation 7 (2),,2026-06-11,,,,,,,,,https://nsearchives.nseindia.com/corporate/ixbrl/IT_20260611_184759897_WEB.html,,,,,,,,,,,,,,
DMART,AVENUE SUPERMARTS LIMITED,Regulation 7 (2),,2026-06-11,,,,,,,,,https://nsearchives.nseindia.com/corporate/ixbrl/IT_20260611_184759897_WEB.html,,,,,,,,,,,,,,
DMART,AVENUE SUPERMARTS LIMITED,Regulation 7 (2),,2026-06-11,,,,,,,,,https://nsearchives.nseindia.com/corporate/ixbrl/IT_20260611_184759897_WEB.html,,,,,,,,,,,,,,
DMART,AVENUE SUPERMARTS LIMITED,Regulation 7 (2),,2026-06-11,,,,,,,,,https://nsearchives.nseindia.com/corporate/ixbrl/IT_20260611_184759897_WEB.html,,,,,,,,,,,,,,
DMART,AVENUE SUPERMARTS LIMITED,Regulation 7 (2),,2026-06-11,,,,,,,,,https://nsearchives.nseindia.com/corporate/ixbrl/IT_20260611_184759897_WEB.html,,,,,,,,,,,,,,
DMART,AVENUE SUPERMARTS LIMITED,Regulation 7 (2),,2026-06-11,,,,,,,,,https://nsearchives.nseindia.com/corporate/ixbrl/IT_20260611_184759897_WEB.html,,,,,,,,,,,,,,
DMART,AVENUE SUPERMARTS LIMITED,Regulation 7 (2),,2026-06-11,,,,,,,,,https://nsearchives.nseindia.com/corporate/ixbrl/IT_20260611_184759897_WEB.html,,,,,,,,,,,,,,
GANDHAR,GANDHAR OIL REFINERY (INDIA) LIMITED,Regulation 7 (2),,2026-06-11,,,,,,,,,https://nsearchives.nseindia.com/corporate/ixbrl/IT_20260611_175056670_WEB.html,,,,,,,,,,,,,,
TIGERLOGS,Tiger Logistics (India) Limited,Regulation 7 (2),,2026-06-11,,,,,,,,,https://nsearchives.nseindia.com/corporate/ixbrl/IT_20260611_181426523_WEB.html,,,,,,,,,,,,,,
WIPRO,WIPRO LIMITED,Regulation 7 (2),,2026-06-11,,,,,,,,,https://nsearchives.nseindia.com/corporate/ixbrl/IT_20260611_175046551_WEB.html,,,,,,,,,,,,,,
WIPRO,WIPRO LIMITED,Regulation 7 (2),,2026-06-11,,,,,,,,,https://nsearchives.nseindia.com/corporate/ixbrl/IT_20260611_175046551_WEB.html,,,,,,,,,,,,,,
WIPRO,WIPRO LIMITED,Regulation 7 (2),,2026-06-11,,,,,,,,,https://nsearchives.nseindia.com/corporate/ixbrl/IT_20260611_175046551_WEB.html,,,,,,,,,,,,,,
HATSUN,HATSUN AGRO PRODUCT LIMITED,Regulation 7 (2),,2026-06-11,,,,,,,,,https://nsearchives.nseindia.com/corporate/ixbrl/IT_20260611_174424537_WEB.html,,,,,,,,,,,,,,
RELTD,Ravindra Energy Limited,Regulation 7 (2),,2026-06-11,,,,,,,,,https://nsearchives.nseindia.com/corporate/ixbrl/IT_20260611_190348623_WEB.html,,,,,,,,,,,,,,
HATSUN,HATSUN AGRO PRODUCT LIMITED,Regulation 7 (2),,2026-06-11,,,,,,,,,https://nsearchives.nseindia.com/corporate/ixbrl/IT_20260611_174410713_WEB.html,,,,,,,,,,,,,,
WIPRO,WIPRO LIMITED,Regulation 7 (3),,2026-06-11,,,,,,,,,https://nsearchives.nseindia.com/corporate/ixbrl/IT_20260611_175106774_WEB.html,,,,,,,,,,,,,,
WIPRO,WIPRO LIMITED,Regulation 7 (3),,2026-06-11,,,,,,,,,https://nsearchives.nseindia.com/corporate/ixbrl/IT_20260611_175106774_WEB.html,,,,,,,,,,,,,,
HATSUN,HATSUN AGRO PRODUCT LIMITED,Regulation 7 (2),,2026-06-11,,,,,,,,,https://nsearchives.nseindia.com/corporate/ixbrl/IT_20260611_174232551_WEB.html,,,,,,,,,,,,,,
SIYSIL,SIYARAM SILK MILLS LIMITED,Regulation 7 (2),,2026-06-10,,,,,,,,,https://nsearchives.nseindia.com/corporate/ixbrl/IT_20260611_172826771_WEB.html,,,,,,,,,,,,,,
SIYSIL,SIYARAM SILK MILLS LIMITED,Regulation 7 (2),,2026-06-10,,,,,,,,,https://nsearchives.nseindia.com/corporate/ixbrl/IT_20260611_172826771_WEB.html,,,,,,,,,,,,,,
SIYSIL,SIYARAM SILK MILLS LIMITED,Regulation 7 (2),,2026-06-10,,,,,,,,,https://nsearchives.nseindia.com/corporate/ixbrl/IT_20260611_172826771_WEB.html,,,,,,,,,,,,,,
SIYSIL,SIYARAM SILK MILLS LIMITED,Regulation 7 (2),,2026-06-10,,,,,,,,,https://nsearchives.nseindia.com/corporate/ixbrl/IT_20260611_172826771_WEB.html,,,,,,,,,,,,,,
SIYSIL,SIYARAM SILK MILLS LIMITED,Regulation 7 (2),,2026-06-10,,,,,,,,,https://nsearchives.nseindia.com/corporate/ixbrl/IT_20260611_172826771_WEB.html,,,,,,,,,,,,,,
SIYSIL,SIYARAM SILK MILLS LIMITED,Regulation 7 (2),,2026-06-10,,,,,,,,,https://nsearchives.nseindia.com/corporate/ixbrl/IT_20260611_172826771_WEB.html,,,,,,,,,,,,,,
HATSUN,HATSUN AGRO PRODUCT LIMITED,Regulation 7 (2),,2026-06-11,,,,,,,,,https://nsearchives.nseindia.com/corporate/ixbrl/IT_20260611_174334550_WEB.html,,,,,,,,,,,,,,
JSWSTEEL,JSW STEEL LIMITED,Regulation 7 (2),,2026-06-11,,,,,,,,,https://nsearchives.nseindia.com/corporate/ixbrl/IT_20260611_174810564_WEB.html,,,,,,,,,,,,,,
JSWSTEEL,JSW STEEL LIMITED,Regulation 7 (2),,2026-06-11,,,,,,,,,https://nsearchives.nseindia.com/corporate/ixbrl/IT_20260611_174810564_WEB.html,,,,,,,,,,,,,,
JSWSTEEL,JSW STEEL LIMITED,Regulation 7 (2),,2026-06-11,,,,,,,,,https://nsearchives.nseindia.com/corporate/ixbrl/IT_20260611_174810564_WEB.html,,,,,,,,,,,,,,
JSWSTEEL,JSW STEEL LIMITED,Regulation 7 (2),,2026-06-11,,,,,,,,,https://nsearchives.nseindia.com/corporate/ixbrl/IT_20260611_174810564_WEB.html,,,,,,,,,,,,,,
JSWSTEEL,JSW STEEL LIMITED,Regulation 7 (2),,2026-06-11,,,,,,,,,https://nsearchives.nseindia.com/corporate/ixbrl/IT_20260611_174810564_WEB.html,,,,,,,,,,,,,,
JSWSTEEL,JSW STEEL LIMITED,Regulation 7 (2),,2026-06-11,,,,,,,,,https://nsearchives.nseindia.com/corporate/ixbrl/IT_20260611_174810564_WEB.html,,,,,,,,,,,,,,
SIYSIL,SIYARAM SILK MILLS LIMITED,Regulation 7 (2),,2026-06-10,,,,,,,,,https://nsearchives.nseindia.com/corporate/ixbrl/IT_20260611_172530548_WEB.html,,,,,,,,,,,,,,
SIYSIL,SIYARAM SILK MILLS LIMITED,Regulation 7 (2),,2026-06-10,,,,,,,,,https://nsearchives.nseindia.com/corporate/ixbrl/IT_20260611_172530548_WEB.html,,,,,,,,,,,,,,
SIYSIL,SIYARAM SILK MILLS LIMITED,Regulation 7 (2),,2026-06-10,,,,,,,,,https://nsearchives.nseindia.com/corporate/ixbrl/IT_20260611_172530548_WEB.html,,,,,,,,,,,,,,
SIYSIL,SIYARAM SILK MILLS LIMITED,Regulation 7 (2),,2026-06-10,,,,,,,,,https://nsearchives.nseindia.com/corporate/ixbrl/IT_20260611_172530548_WEB.html,,,,,,,,,,,,,,
SIYSIL,SIYARAM SILK MILLS LIMITED,Regulation 7 (2),,2026-06-10,,,,,,,,,https://nsearchives.nseindia.com/corporate/ixbrl/IT_20260611_172530548_WEB.html,,,,,,,,,,,,,,
SIYSIL,SIYARAM SILK MILLS LIMITED,Regulation 7 (2),,2026-06-10,,,,,,,,,https://nsearchives.nseindia.com/corporate/ixbrl/IT_20260611_172530548_WEB.html,,,,,,,,,,,,,,
RACE,RACE ECO CHAIN LIMITED,Regulation 7 (2),,2026-06-11,,,,,,,,,https://nsearchives.nseindia.com/corporate/ixbrl/IT_20260611_170053941_WEB.html,,,,,,,,,,,,,,
RACE,RACE ECO CHAIN LIMITED,Regulation 7 (2),,2026-06-11,,,,,,,,,https://nsearchives.nseindia.com/corporate/ixbrl/IT_20260611_170053941_WEB.html,,,,,,,,,,,,,,
GRMOVER,GRM OVERSEAS LIMITED,Regulation 7 (2),,2026-06-11,,,,,,,,,https://nsearchives.nseindia.com/corporate/ixbrl/IT_20260611_170804250_WEB.html,,,,,,,,,,,,,,
DMART,AVENUE SUPERMARTS LIMITED,Regulation 7 (2),,2026-06-11,,,,,,,,,https://nsearchives.nseindia.com/corporate/ixbrl/IT_20260611_184314552_WEB.html,,,,,,,,,,,,,,"Correction in opening and closing qty, as ESOP allotment and the Invocation of pledge transaction was undertaken on the same day i.e. 4th June, 2026"
NCLIND,NCL INDUSTRIES LIMITED,Regulation 7 (2),,2026-06-11,,,,,,,,,https://nsearchives.nseindia.com/corporate/ixbrl/IT_20260611_165828642_WEB.html,,,,,,,,,,,,,,
NCLIND,NCL INDUSTRIES LIMITED,Regulation 7 (2),,2026-06-11,,,,,,,,,https://nsearchives.nseindia.com/corporate/ixbrl/IT_20260611_165828642_WEB.html,,,,,,,,,,,,,,
ECLERX,eClerx Services Ltd,Regulation 7 (2),,2026-06-11,,,,,,,,,https://nsearchives.nseindia.com/corporate/ixbrl/IT_20260611_173924786_WEB.html,,,,,,,,,,,,,,
ECLERX,eClerx Services Ltd,Regulation 7 (2),,2026-06-11,,,,,,,,,https://nsearchives.nseindia.com/corporate/ixbrl/IT_20260611_173924786_WEB.html,,,,,,,,,,,,,,
GRMOVER,GRM OVERSEAS LIMITED,Regulation 7 (2),,2026-06-11,,,,,,,,,https://nsearchives.nseindia.com/corporate/ixbrl/IT_20260611_165057102_WEB.html,,,,,,,,,,,,,,
EBGNG,GNG ELECTRONICS LIMITED,Regulation 7 (2),,2026-06-11,,,,,,,,,https://nsearchives.nseindia.com/corporate/ixbrl/IT_20260611_172418792_WEB.html,,,,,,,,,,,,,,
AFFLE,Affle 3i Limited,Regulation 7 (2),,2026-06-11,,,,,,,,,https://nsearchives.nseindia.com/corporate/ixbrl/IT_20260611_164634428_WEB.html,,,,,,,,,,,,,,
AFFLE,Affle 3i Limited,Regulation 7 (2),,2026-06-11,,,,,,,,,https://nsearchives.nseindia.com/corporate/ixbrl/IT_20260611_164634428_WEB.html,,,,,,,,,,,,,,
AFFLE,Affle 3i Limited,Regulation 7 (2),,2026-06-11,,,,,,,,,https://nsearchives.nseindia.com/corporate/ixbrl/IT_20260611_164634428_WEB.html,,,,,,,,,,,,,,
AFFLE,Affle 3i Limited,Regulation 7 (2),,2026-06-11,,,,,,,,,https://nsearchives.nseindia.com/corporate/ixbrl/IT_20260611_164634428_WEB.html,,,,,,,,,,,,,,
GOKUL,GOKUL REFOILS AND SOLVENT LIMITED,Regulation 7 (2),,2026-06-11,,,,,,,,,https://nsearchives.nseindia.com/corporate/ixbrl/IT_20260611_165805270_WEB.html,,,,,,,,,,,,,,
GOKUL,GOKUL REFOILS AND SOLVENT LIMITED,Regulation 7 (2),,2026-06-11,,,,,,,,,https://nsearchives.nseindia.com/corporate/ixbrl/IT_20260611_165805270_WEB.html,,,,,,,,,,,,,,
WIPRO,WIPRO LIMITED,Regulation 7 (2),,2026-06-11,,,,,,,,,https://nsearchives.nseindia.com/corporate/ixbrl/IT_20260611_162950568_WEB.html,,,,,,,,,,,,,,
GOLDTECH,AION-TECH SOLUTIONS LIMITED,Regulation 7 (2),,2026-06-11,,,,,,,,,https://nsearchives.nseindia.com/corporate/ixbrl/IT_20260611_162633463_WEB.html,,,,,,,,,,,,,,
WEIZMANIND,WEIZMANN LIMITED,Regulation 7 (2),,2026-06-11,,,,,,,,,https://nsearchives.nseindia.com/corporate/ixbrl/IT_20260611_162124579_WEB.html,,,,,,,,,,,,,,
WEIZMANIND,WEIZMANN LIMITED,Regulation 7 (2),,2026-06-11,,,,,,,,,https://nsearchives.nseindia.com/corporate/ixbrl/IT_20260611_162124579_WEB.html,,,,,,,,,,,,,,
TRENT,TRENT LIMITED,Regulation 7 (2),,2026-06-11,,,,,,,,,https://nsearchives.nseindia.com/corporate/ixbrl/IT_20260611_161920121_WEB.html,,,,,,,,,,,,,,
TRENT,TRENT LIMITED,Regulation 7 (2),,2026-06-11,,,,,,,,,https://nsearchives.nseindia.com/corporate/ixbrl/IT_20260611_161920121_WEB.html,,,,,,,,,,,,,,
RACE,RACE ECO CHAIN LIMITED,Regulation 7 (2),,2026-06-11,,,,,,,,,https://nsearchives.nseindia.com/corporate/ixbrl/IT_20260611_165414788_WEB.html,,,,,,,,,,,,,,
RACE,RACE ECO CHAIN LIMITED,Regulation 7 (2),,2026-06-11,,,,,,,,,https://nsearchives.nseindia.com/corporate/ixbrl/IT_20260611_165414788_WEB.html,,,,,,,,,,,,,,
GRMOVER,GRM OVERSEAS LIMITED,Regulation 7 (2),,2026-06-11,,,,,,,,,https://nsearchives.nseindia.com/corporate/ixbrl/IT_20260611_165032453_WEB.html,,,,,,,,,,,,,,
SHAILY,Shaily Engineering Plastics Limited,Regulation 7 (2),,2026-06-11,,,,,,,,,https://nsearchives.nseindia.com/corporate/ixbrl/IT_20260611_161438664_WEB.html,,,,,,,,,,,,,,
SHAILY,Shaily Engineering Plastics Limited,Regulation 7 (2),,2026-06-11,,,,,,,,,https://nsearchives.nseindia.com/corporate/ixbrl/IT_20260611_161438664_WEB.html,,,,,,,,,,,,,,
ALICON,ALICON CASTALLOY LIMITED,Regulation 7 (2),,2026-06-11,,,,,,,,,https://nsearchives.nseindia.com/corporate/ixbrl/IT_20260611_163259924_WEB.html,,,,,,,,,,,,,,
MOTOGENFIN,THE MOTOR & GENERAL FINANCE LIMITED,Regulation 7 (2),,2026-06-11,,,,,,,,,https://nsearchives.nseindia.com/corporate/ixbrl/IT_20260611_160301674_WEB.html,,,,,,,,,,,,,,
RGL,Renaissance Global Limited,Regulation 7 (2),,2026-06-11,,,,,,,,,https://nsearchives.nseindia.com/corporate/ixbrl/IT_20260611_160456555_WEB.html,,,,,,,,,,,,,,
CENTUM,CENTUM ELECTRONICS LIMITED,Regulation 7 (2),,2026-06-11,,,,,,,,,https://nsearchives.nseindia.com/corporate/ixbrl/IT_20260611_155420556_WEB.html,,,,,,,,,,,,,,
QUESS,Quess Corp Limited,Regulation 7 (2),,2026-06-11,,,,,,,,,https://nsearchives.nseindia.com/corporate/ixbrl/IT_20260611_160750730_WEB.html,,,,,,,,,,,,,,
MSPL,MSP STEEL & POWER LIMITED,Regulation 7 (2),,2026-06-11,,,,,,,,,https://nsearchives.nseindia.com/corporate/ixbrl/IT_20260611_135335765_WEB.html,,,,,,,,,,,,,,
MSPL,MSP STEEL & POWER LIMITED,Regulation 7 (2),,2026-06-11,,,,,,,,,https://nsearchives.nseindia.com/corporate/ixbrl/IT_20260611_135335765_WEB.html,,,,,,,,,,,,,,
MSPL,MSP STEEL & POWER LIMITED,Regulation 7 (2),,2026-06-11,,,,,,,,,https://nsearchives.nseindia.com/corporate/ixbrl/IT_20260611_135335765_WEB.html,,,,,,,,,,,,,,
RKFORGE,RAMKRISHNA FORGINGS LIMITED,Regulation 7 (2),,2026-06-11,,,,,,,,,https://nsearchives.nseindia.com/corporate/ixbrl/IT_20260611_145918551_WEB.html,,,,,,,,,,,,,,
RKFORGE,RAMKRISHNA FORGINGS LIMITED,Regulation 7 (2),,2026-06-11,,,,,,,,,https://nsearchives.nseindia.com/corporate/ixbrl/IT_20260611_145234572_WEB.html,,,,,,,,,,,,,,
MSPL,MSP STEEL & POWER LIMITED,Regulation 7 (2),,2026-06-11,,,,,,,,,https://nsearchives.nseindia.com/corporate/ixbrl/IT_20260611_140457707_WEB.html,,,,,,,,,,,,,,
MSPL,MSP STEEL & POWER LIMITED,Regulation 7 (2),,2026-06-11,,,,,,,,,https://nsearchives.nseindia.com/corporate/ixbrl/IT_20260611_140457707_WEB.html,,,,,,,,,,,,,,
MSPL,MSP STEEL & POWER LIMITED,Regulation 7 (2),,2026-06-11,,,,,,,,,https://nsearchives.nseindia.com/corporate/ixbrl/IT_20260611_140457707_WEB.html,,,,,,,,,,,,,,
VSTL,VIBHOR STEEL TUBES LIMITED,Regulation 7 (2),,2026-06-11,,,,,,,,,https://nsearchives.nseindia.com/corporate/ixbrl/IT_20260611_151119145_WEB.html,,,,,,,,,,,,,,
MSPL,MSP STEEL & POWER LIMITED,Regulation 7 (2),,2026-06-11,,,,,,,,,https://nsearchives.nseindia.com/corporate/ixbrl/IT_20260611_135107007_WEB.html,,,,,,,,,,,,,,
MSPL,MSP STEEL & POWER LIMITED,Regulation 7 (2),,2026-06-11,,,,,,,,,https://nsearchives.nseindia.com/corporate/ixbrl/IT_20260611_135107007_WEB.html,,,,,,,,,,,,,,
MSPL,MSP STEEL & POWER LIMITED,Regulation 7 (2),,2026-06-11,,,,,,,,,https://nsearchives.nseindia.com/corporate/ixbrl/IT_20260611_135107007_WEB.html,,,,,,,,,,,,,,
THOMASCOOK,THOMAS COOK  (INDIA)  LIMITED,Regulation 7 (3),,2026-06-11,,,,,,,,,https://nsearchives.nseindia.com/corporate/ixbrl/IT_20260611_135030305_WEB.html,,,,,,,,,,,,,,
JARO,JARO INSTITUTE OF TECHNOLOGY MANAGEMENT AND RESEARCH LIMITED,Regulation 7 (2),,2026-06-11,,,,,,,,,https://nsearchives.nseindia.com/corporate/ixbrl/IT_20260611_124014771_WEB.html,,,,,,,,,,,,,,
KRN,KRN HEAT EXCHANGER AND REFRIGERATION LIMITED,Regulation 7 (2),,2026-06-11,,,,,,,,,https://nsearchives.nseindia.com/corporate/ixbrl/IT_20260611_112940721_WEB.html,,,,,,,,,,,,,,
KRN,KRN HEAT EXCHANGER AND REFRIGERATION LIMITED,Regulation 7 (2),,2026-06-11,,,,,,,,,https://nsearchives.nseindia.com/corporate/ixbrl/IT_20260611_112940721_WEB.html,,,,,,,,,,,,,,
TAINWALCHM,TAINWALA CHEMICALS AND PLASTICS (INDIA) LIMITED,Regulation 7 (2),,2026-06-11,,,,,,,,,https://nsearchives.nseindia.com/corporate/ixbrl/IT_20260611_122313791_WEB.html,,,,,,,,,,,,,,
TAINWALCHM,TAINWALA CHEMICALS AND PLASTICS (INDIA) LIMITED,Regulation 7 (2),,2026-06-11,,,,,,,,,https://nsearchives.nseindia.com/corporate/ixbrl/IT_20260611_122313791_WEB.html,,,,,,,,,,,,,,
RGL,Renaissance Global Limited,Regulation 7 (2),,2026-06-11,,,,,,,,,https://nsearchives.nseindia.com/corporate/ixbrl/IT_20260611_113536642_WEB.html,,,,,,,,,,,,,,
360ONE,360 ONE WAM LIMITED,Regulation 7 (2),,2026-06-11,,,,,,,,,https://nsearchives.nseindia.com/corporate/ixbrl/IT_20260611_120413029_WEB.html,,,,,,,,,,,,,,
DPSCLTD,DPSC LIMITED,Regulation 7 (2),,2026-06-11,,,,,,,,,https://nsearchives.nseindia.com/corporate/ixbrl/IT_20260611_123002435_WEB.html,,,,,,,,,,,,,,
KCP,KCP LIMITED,Regulation 7 (2),,2026-06-11,,,,,,,,,https://nsearchives.nseindia.com/corporate/ixbrl/IT_20260611_101001254_WEB.html,,,,,,,,,,,,,,
PNC,Pritish Nandy Communications Limited,Regulation 7 (2),,2026-06-10,,,,,,,,,https://nsearchives.nseindia.com/corporate/ixbrl/IT_20260610_204800352_WEB.html,,,,,,,,,,,,,,
AURUM,Aurum PropTech Limited,Regulation 7 (2),,2026-06-11,,,,,,,,,https://nsearchives.nseindia.com/corporate/ixbrl/IT_20260611_104847654_WEB.html,,,,,,,,,,,,,,
SASKEN,Sasken Technologies Limited,Regulation 7 (2),,2026-06-10,,,,,,,,,https://nsearchives.nseindia.com/corporate/ixbrl/IT_20260610_233937264_WEB.html,,,,,,,,,,,,,,
SASKEN,Sasken Technologies Limited,Regulation 7 (2),,2026-06-10,,,,,,,,,https://nsearchives.nseindia.com/corporate/ixbrl/IT_20260610_233937264_WEB.html,,,,,,,,,,,,,,
SASKEN,Sasken Technologies Limited,Regulation 7 (2),,2026-06-10,,,,,,,,,https://nsearchives.nseindia.com/corporate/ixbrl/IT_20260610_233937264_WEB.html,,,,,,,,,,,,,,
SASKEN,Sasken Technologies Limited,Regulation 7 (2),,2026-06-10,,,,,,,,,https://nsearchives.nseindia.com/corporate/ixbrl/IT_20260610_233937264_WEB.html,,,,,,,,,,,,,,
SASKEN,Sasken Technologies Limited,Regulation 7 (2),,2026-06-10,,,,,,,,,https://nsearchives.nseindia.com/corporate/ixbrl/IT_20260610_233937264_WEB.html,,,,,,,,,,,,,,
SASKEN,Sasken Technologies Limited,Regulation 7 (2),,2026-06-10,,,,,,,,,https://nsearchives.nseindia.com/corporate/ixbrl/IT_20260610_233937264_WEB.html,,,,,,,,,,,,,,
SASKEN,Sasken Technologies Limited,Regulation 7 (2),,2026-06-10,,,,,,,,,https://nsearchives.nseindia.com/corporate/ixbrl/IT_20260610_233937264_WEB.html,,,,,,,,,,,,,,
SASKEN,Sasken Technologies Limited,Regulation 7 (2),,2026-06-10,,,,,,,,,https://nsearchives.nseindia.com/corporate/ixbrl/IT_20260610_233937264_WEB.html,,,,,,,,,,,,,,
SASKEN,Sasken Technologies Limited,Regulation 7 (2),,2026-06-10,,,,,,,,,https://nsearchives.nseindia.com/corporate/ixbrl/IT_20260610_233937264_WEB.html,,,,,,,,,,,,,,
PNC,Pritish Nandy Communications Limited,Regulation 7 (2),,2026-06-10,,,,,,,,,https://nsearchives.nseindia.com/corporate/ixbrl/IT_20260610_203858467_WEB.html,,,,,,,,,,,,,,
PNC,Pritish Nandy Communications Limited,Regulation 7 (2),,2026-06-10,,,,,,,,,https://nsearchives.nseindia.com/corporate/ixbrl/IT_20260610_203834547_WEB.html,,,,,,,,,,,,,,
PATINTLOG,Patel Integrated Logistics Limited,Regulation 7 (2),,2026-06-10,,,,,,,,,https://nsearchives.nseindia.com/corporate/ixbrl/IT_20260610_191800721_WEB.html,,,,,,,,,,,,,,
PATINTLOG,Patel Integrated Logistics Limited,Regulation 7 (2),,2026-06-10,,,,,,,,,https://nsearchives.nseindia.com/corporate/ixbrl/IT_20260610_191800721_WEB.html,,,,,,,,,,,,,,
BERGEPAINT,BERGER PAINTS (I) LIMITED,Regulation 7 (2),,2026-06-10,,,,,,,,,https://nsearchives.nseindia.com/corporate/ixbrl/IT_20260610_195256514_WEB.html,,,,,,,,,,,,,,
AQYLON,AQYLON NEXUS LIMITED,Regulation 7 (2),,2026-06-10,,,,,,,,,https://nsearchives.nseindia.com/corporate/ixbrl/IT_20260610_183856568_WEB.html,,,,,,,,,,,,,,
JSWENERGY,JSW Energy Limited,Regulation 7 (2),,2026-06-10,,,,,,,,,https://nsearchives.nseindia.com/corporate/ixbrl/IT_20260610_195554526_WEB.html,,,,,,,,,,,,,,
JSWENERGY,JSW Energy Limited,Regulation 7 (2),,2026-06-10,,,,,,,,,https://nsearchives.nseindia.com/corporate/ixbrl/IT_20260610_195554526_WEB.html,,,,,,,,,,,,,,
MAGNUM,MAGNUM VENTURES LIMITED,Regulation 7 (2),,2026-06-10,,,,,,,,,https://nsearchives.nseindia.com/corporate/ixbrl/IT_20260610_181454064_WEB.html,,,,,,,,,,,,,,
NRBBEARING,NRB BEARING LIMITED,Regulation 7 (2),,2026-06-10,,,,,,,,,https://nsearchives.nseindia.com/corporate/ixbrl/IT_20260610_184450813_WEB.html,,,,,,,,,,,,,,
PATINTLOG,Patel Integrated Logistics Limited,Regulation 7 (2),,2026-06-10,,,,,,,,,https://nsearchives.nseindia.com/corporate/ixbrl/IT_20260610_194952244_WEB.html,,,,,,,,,,,,,,
PATINTLOG,Patel Integrated Logistics Limited,Regulation 7 (2),,2026-06-10,,,,,,,,,https://nsearchives.nseindia.com/corporate/ixbrl/IT_20260610_194952244_WEB.html,,,,,,,,,,,,,,
ECLERX,eClerx Services Ltd,Regulation 7 (2),,2026-06-10,,,,,,,,,https://nsearchives.nseindia.com/corporate/ixbrl/IT_20260610_180755468_WEB.html,,,,,,,,,,,,,,
ECLERX,eClerx Services Ltd,Regulation 7 (2),,2026-06-10,,,,,,,,,https://nsearchives.nseindia.com/corporate/ixbrl/IT_20260610_180755468_WEB.html,,,,,,,,,,,,,,
ECLERX,eClerx Services Ltd,Regulation 7 (2),,2026-06-10,,,,,,,,,https://nsearchives.nseindia.com/corporate/ixbrl/IT_20260610_180755468_WEB.html,,,,,,,,,,,,,,
ECLERX,eClerx Services Ltd,Regulation 7 (2),,2026-06-10,,,,,,,,,https://nsearchives.nseindia.com/corporate/ixbrl/IT_20260610_180755468_WEB.html,,,,,,,,,,,,,,
DBOL,Dhampur Bio Organics Limited,Regulation 7 (2),,2026-06-10,,,,,,,,,https://nsearchives.nseindia.com/corporate/ixbrl/IT_20260610_180310920_WEB.html,,,,,,,,,,,,,,
DBOL,Dhampur Bio Organics Limited,Regulation 7 (2),,2026-06-10,,,,,,,,,https://nsearchives.nseindia.com/corporate/ixbrl/IT_20260610_180310920_WEB.html,,,,,,,,,,,,,,
OBCL,OBCL LIMITED (FORMERLY KNOWN AS ORISSA BENGAL CARRIER LIMITED),Regulation 7 (2),,2026-06-10,,,,,,,,,https://nsearchives.nseindia.com/corporate/ixbrl/IT_20260610_174112797_WEB.html,,,,,,,,,,,,,,
MAGNUM,MAGNUM VENTURES LIMITED,Regulation 7 (2),,2026-06-10,,,,,,,,,https://nsearchives.nseindia.com/corporate/ixbrl/IT_20260610_182514592_WEB.html,,,,,,,,,,,,,,
DMART,AVENUE SUPERMARTS LIMITED,Regulation 7 (2),,2026-06-10,,,,,,,,,https://nsearchives.nseindia.com/corporate/ixbrl/IT_20260610_180305721_WEB.html,,,,,,,,,,,,,,
DMART,AVENUE SUPERMARTS LIMITED,Regulation 7 (2),,2026-06-10,,,,,,,,,https://nsearchives.nseindia.com/corporate/ixbrl/IT_20260610_180305721_WEB.html,,,,,,,,,,,,,,
GOKUL,GOKUL REFOILS AND SOLVENT LIMITED,Regulation 7 (2),,2026-06-10,,,,,,,,,https://nsearchives.nseindia.com/corporate/ixbrl/IT_20260610_180825903_WEB.html,,,,,,,,,,,,,,
GOKUL,GOKUL REFOILS AND SOLVENT LIMITED,Regulation 7 (2),,2026-06-10,,,,,,,,,https://nsearchives.nseindia.com/corporate/ixbrl/IT_20260610_180825903_WEB.html,,,,,,,,,,,,,,
LINC,LINC LIMITED,Regulation 7 (2),,2026-06-10,,,,,,,,,https://nsearchives.nseindia.com/corporate/ixbrl/IT_20260610_172744487_WEB.html,,,,,,,,,,,,,,
LINC,LINC LIMITED,Regulation 7 (2),,2026-06-10,,,,,,,,,https://nsearchives.nseindia.com/corporate/ixbrl/IT_20260610_172744487_WEB.html,,,,,,,,,,,,,,
LINC,LINC LIMITED,Regulation 7 (2),,2026-06-10,,,,,,,,,https://nsearchives.nseindia.com/corporate/ixbrl/IT_20260610_172744487_WEB.html,,,,,,,,,,,,,,
RADIANTCMS,RADIANT CASH MANAGEMENT SERVICES LIMITED,Regulation 7 (2),,2026-06-10,,,,,,,,,https://nsearchives.nseindia.com/corporate/ixbrl/IT_20260610_171825886_WEB.html,,,,,,,,,,,,,,
VSTL,VIBHOR STEEL TUBES LIMITED,Regulation 7 (2),,2026-06-10,,,,,,,,,https://nsearchives.nseindia.com/corporate/ixbrl/IT_20260610_165111932_WEB.html,,,,,,,,,,,,,,
FSL,Firstsource Solutions Limited,Regulation 7 (2),,2026-06-10,,,,,,,,,https://nsearchives.nseindia.com/corporate/ixbrl/IT_20260610_161822667_WEB.html,,,,,,,,,,,,,,
NIITMTS,NIIT Learning Systems Limited,Regulation 7 (2),,2026-06-10,,,,,,,,,https://nsearchives.nseindia.com/corporate/ixbrl/IT_20260610_173906614_WEB.html,,,,,,,,,,,,,,
NIITMTS,NIIT Learning Systems Limited,Regulation 7 (2),,2026-06-10,,,,,,,,,https://nsearchives.nseindia.com/corporate/ixbrl/IT_20260610_173906614_WEB.html,,,,,,,,,,,,,,
NIITMTS,NIIT Learning Systems Limited,Regulation 7 (2),,2026-06-10,,,,,,,,,https://nsearchives.nseindia.com/corporate/ixbrl/IT_20260610_173906614_WEB.html,,,,,,,,,,,,,,
NIITMTS,NIIT Learning Systems Limited,Regulation 7 (2),,2026-06-10,,,,,,,,,https://nsearchives.nseindia.com/corporate/ixbrl/IT_20260610_173906614_WEB.html,,,,,,,,,,,,,,
CCAVENUE,AvenuesAI Limited,Regulation 7 (2),,2026-06-10,,,,,,,,,https://nsearchives.nseindia.com/corporate/ixbrl/IT_20260610_172307059_WEB.html,,,,,,,,,,,,,,
CCAVENUE,AvenuesAI Limited,Regulation 7 (2),,2026-06-10,,,,,,,,,https://nsearchives.nseindia.com/corporate/ixbrl/IT_20260610_172307059_WEB.html,,,,,,,,,,,,,,
LANDMARK,Landmark Cars Limited,Regulation 7 (2),,2026-06-10,,,,,,,,,https://nsearchives.nseindia.com/corporate/ixbrl/IT_20260610_171813254_WEB.html,,,,,,,,,,,,,,
NCLIND,NCL INDUSTRIES LIMITED,Regulation 7 (2),,2026-06-10,,,,,,,,,https://nsearchives.nseindia.com/corporate/ixbrl/IT_20260610_162650642_WEB.html,,,,,,,,,,,,,,
NCLIND,NCL INDUSTRIES LIMITED,Regulation 7 (2),,2026-06-10,,,,,,,,,https://nsearchives.nseindia.com/corporate/ixbrl/IT_20260610_162650642_WEB.html,,,,,,,,,,,,,,
KPITTECH,KPIT TECHNOLOGIES LIMITED,Regulation 7 (2),,2026-06-10,,,,,,,,,https://nsearchives.nseindia.com/corporate/ixbrl/IT_20260610_161121231_WEB.html,,,,,,,,,,,,,,
KPITTECH,KPIT TECHNOLOGIES LIMITED,Regulation 7 (2),,2026-06-10,,,,,,,,,https://nsearchives.nseindia.com/corporate/ixbrl/IT_20260610_161121231_WEB.html,,,,,,,,,,,,,,
NCC,NCC LIMITED,Regulation 7 (2),,2026-06-10,,,,,,,,,https://nsearchives.nseindia.com/corporate/ixbrl/IT_20260610_160614888_WEB.html,,,,,,,,,,,,,,
MOTOGENFIN,THE MOTOR & GENERAL FINANCE LIMITED,Regulation 7 (2),,2026-06-10,,,,,,,,,https://nsearchives.nseindia.com/corporate/ixbrl/IT_20260610_154820896_WEB.html,,,,,,,,,,,,,,
NIITLTD,NIIT Limited,Regulation 7 (2),,2026-06-10,,,,,,,,,https://nsearchives.nseindia.com/corporate/ixbrl/IT_20260610_155432585_WEB.html,,,,,,,,,,,,,,
NIITLTD,NIIT Limited,Regulation 7 (2),,2026-06-10,,,,,,,,,https://nsearchives.nseindia.com/corporate/ixbrl/IT_20260610_155432585_WEB.html,,,,,,,,,,,,,,
NIITLTD,NIIT Limited,Regulation 7 (2),,2026-06-10,,,,,,,,,https://nsearchives.nseindia.com/corporate/ixbrl/IT_20260610_155432585_WEB.html,,,,,,,,,,,,,,
NIITLTD,NIIT Limited,Regulation 7 (2),,2026-06-10,,,,,,,,,https://nsearchives.nseindia.com/corporate/ixbrl/IT_20260610_155432585_WEB.html,,,,,,,,,,,,,,
GANDHAR,Gandhar Oil Refinery (India) Limited,Regulation 7 (2),,2026-06-09,,,,,,,,,https://nsearchives.nseindia.com/corporate/ixbrl/IT_20260610_151810681_WEB.html,,,,,,,,,,,,,,
JETFREIGHT,Jet Freight Logistics Limited,Regulation 7 (2),,2026-06-09,,,,,,,,,https://nsearchives.nseindia.com/corporate/ixbrl/IT_20260610_161212368_WEB.html,,,,,,,,,,,,,,
JETFREIGHT,Jet Freight Logistics Limited,Regulation 7 (2),,2026-06-09,,,,,,,,,https://nsearchives.nseindia.com/corporate/ixbrl/IT_20260610_161212368_WEB.html,,,,,,,,,,,,,,
JETFREIGHT,Jet Freight Logistics Limited,Regulation 7 (2),,2026-06-09,,,,,,,,,https://nsearchives.nseindia.com/corporate/ixbrl/IT_20260610_161212368_WEB.html,,,,,,,,,,,,,,
JETFREIGHT,Jet Freight Logistics Limited,Regulation 7 (2),,2026-06-09,,,,,,,,,https://nsearchives.nseindia.com/corporate/ixbrl/IT_20260610_161034762_WEB.html,,,,,,,,,,,,,,
JETFREIGHT,Jet Freight Logistics Limited,Regulation 7 (2),,2026-06-09,,,,,,,,,https://nsearchives.nseindia.com/corporate/ixbrl/IT_20260610_161034762_WEB.html,,,,,,,,,,,,,,
JETFREIGHT,Jet Freight Logistics Limited,Regulation 7 (2),,2026-06-09,,,,,,,,,https://nsearchives.nseindia.com/corporate/ixbrl/IT_20260610_161034762_WEB.html,,,,,,,,,,,,,,
NAUKRI,Info Edge (India) Limited,Regulation 7 (2),,2026-06-10,,,,,,,,,https://nsearchives.nseindia.com/corporate/ixbrl/IT_20260610_143805824_WEB.html,,,,,,,,,,,,,,
SAKHTISUG,SAKTHI SUGARS LIMITED,Regulation 7 (2),,2026-06-10,,,,,,,,,https://nsearchives.nseindia.com/corporate/ixbrl/IT_20260610_142432865_WEB.html,,,,,,,,,,,,,,
STEL,STEL HOLDINGS LIMITED,Regulation 7 (2),,2026-06-10,,,,,,,,,https://nsearchives.nseindia.com/corporate/ixbrl/IT_20260610_145922953_WEB.html,,,,,,,,,,,,,,
STEL,STEL HOLDINGS LIMITED,Regulation 7 (2),,2026-06-10,,,,,,,,,https://nsearchives.nseindia.com/corporate/ixbrl/IT_20260610_145922953_WEB.html,,,,,,,,,,,,,,
STEL,STEL HOLDINGS LIMITED,Regulation 7 (2),,2026-06-10,,,,,,,,,https://nsearchives.nseindia.com/corporate/ixbrl/IT_20260610_145922953_WEB.html,,,,,,,,,,,,,,
ASHIANA,ASHIANA HOUSING LIMITED,Regulation 7 (2),,2026-06-10,,,,,,,,,https://nsearchives.nseindia.com/corporate/ixbrl/IT_20260610_133307058_WEB.html,,,,,,,,,,,,,,
ASHIANA,ASHIANA HOUSING LIMITED,Regulation 7 (2),,2026-06-10,,,,,,,,,https://nsearchives.nseindia.com/corporate/ixbrl/IT_20260610_135403174_WEB.html,,,,,,,,,,,,,,
STEL,STEL HOLDINGS LIMITED,Regulation 7 (2),,2026-06-10,,,,,,,,,https://nsearchives.nseindia.com/corporate/ixbrl/IT_20260610_150205900_WEB.html,,,,,,,,,,,,,,
STEL,STEL HOLDINGS LIMITED,Regulation 7 (2),,2026-06-10,,,,,,,,,https://nsearchives.nseindia.com/corporate/ixbrl/IT_20260610_150205900_WEB.html,,,,,,,,,,,,,,
STEL,STEL HOLDINGS LIMITED,Regulation 7 (2),,2026-06-10,,,,,,,,,https://nsearchives.nseindia.com/corporate/ixbrl/IT_20260610_150205900_WEB.html,,,,,,,,,,,,,,
PARSVNATH,PARSVNATH DEVELOPERS LIMITED,Regulation 7 (2),,2026-06-10,,,,,,,,,https://nsearchives.nseindia.com/corporate/ixbrl/IT_20260610_131815370_WEB.html,,,,,,,,,,,,,,
PARSVNATH,PARSVNATH DEVELOPERS LIMITED,Regulation 7 (2),,2026-06-10,,,,,,,,,https://nsearchives.nseindia.com/corporate/ixbrl/IT_20260610_131815370_WEB.html,,,,,,,,,,,,,,
PARSVNATH,PARSVNATH DEVELOPERS LIMITED,Regulation 7 (2),,2026-06-10,,,,,,,,,https://nsearchives.nseindia.com/corporate/ixbrl/IT_20260610_132655946_WEB.html,,,,,,,,,,,,,,
PARSVNATH,PARSVNATH DEVELOPERS LIMITED,Regulation 7 (2),,2026-06-10,,,,,,,,,https://nsearchives.nseindia.com/corporate/ixbrl/IT_20260610_132655946_WEB.html,,,,,,,,,,,,,,
SINCLAIR,SINCLAIRS HOTELS LIMITED,Regulation 7 (2),,2026-06-10,,,,,,,,,https://nsearchives.nseindia.com/corporate/ixbrl/IT_20260610_134246682_WEB.html,,,,,,,,,,,,,,
VISAKAIND,Visaka Industries Limited,Regulation 7 (2),,2026-06-10,,,,,,,,,https://nsearchives.nseindia.com/corporate/ixbrl/IT_20260610_125554538_WEB.html,,,,,,,,,,,,,,
NURECA,NURECA LIMITED,Regulation 7 (2),,2026-06-10,,,,,,,,,https://nsearchives.nseindia.com/corporate/ixbrl/IT_20260610_125844573_WEB.html,,,,,,,,,,,,,,
RESPONIND,Responsive Industries Limited,Regulation 7 (2),,2026-06-10,,,,,,,,,https://nsearchives.nseindia.com/corporate/ixbrl/IT_20260610_130259558_WEB.html,,,,,,,,,,,,,,
RESPONIND,Responsive Industries Limited,Regulation 7 (2),,2026-06-10,,,,,,,,,https://nsearchives.nseindia.com/corporate/ixbrl/IT_20260610_130259558_WEB.html,,,,,,,,,,,,,,
RESPONIND,Responsive Industries Limited,Regulation 7 (2),,2026-06-10,,,,,,,,,https://nsearchives.nseindia.com/corporate/ixbrl/IT_20260610_130259558_WEB.html,,,,,,,,,,,,,,
RESPONIND,Responsive Industries Limited,Regulation 7 (2),,2026-06-10,,,,,,,,,https://nsearchives.nseindia.com/corporate/ixbrl/IT_20260610_130259558_WEB.html,,,,,,,,,,,,,,
PAISALO,PAISALO DIGITAL LIMITED,Regulation 7 (2),,2026-06-10,,,,,,,,,https://nsearchives.nseindia.com/corporate/ixbrl/IT_20260610_110300189_WEB.html,,,,,,,,,,,,,,
NGLFINE,NGL FINE-CHEM LIMITED,Regulation 7 (2),,2026-06-10,,,,,,,,,https://nsearchives.nseindia.com/corporate/ixbrl/IT_20260610_114619301_WEB.html,,,,,,,,,,,,,,
AURUM,Aurum PropTech Limited,Regulation 7 (2),,2026-06-10,,,,,,,,,https://nsearchives.nseindia.com/corporate/ixbrl/IT_20260610_105041212_WEB.html,,,,,,,,,,,,,,
PREMIERPOL,PREMIER POLYFILM LIMITED,Regulation 7 (2),,2026-06-10,,,,,,,,,https://nsearchives.nseindia.com/corporate/ixbrl/IT_20260610_102601861_WEB.html,,,,,,,,,,,,,,
SASKEN,Sasken Technologies Limited,Regulation 7 (2),,2026-06-09,,,,,,,,,https://nsearchives.nseindia.com/corporate/ixbrl/IT_20260609_232538595_WEB.html,,,,,,,,,,,,,,
SASKEN,Sasken Technologies Limited,Regulation 7 (2),,2026-06-09,,,,,,,,,https://nsearchives.nseindia.com/corporate/ixbrl/IT_20260609_232538595_WEB.html,,,,,,,,,,,,,,
SASKEN,Sasken Technologies Limited,Regulation 7 (2),,2026-06-09,,,,,,,,,https://nsearchives.nseindia.com/corporate/ixbrl/IT_20260609_232538595_WEB.html,,,,,,,,,,,,,,
SASKEN,Sasken Technologies Limited,Regulation 7 (2),,2026-06-09,,,,,,,,,https://nsearchives.nseindia.com/corporate/ixbrl/IT_20260609_232538595_WEB.html,,,,,,,,,,,,,,
SASKEN,Sasken Technologies Limited,Regulation 7 (2),,2026-06-09,,,,,,,,,https://nsearchives.nseindia.com/corporate/ixbrl/IT_20260609_232538595_WEB.html,,,,,,,,,,,,,,
RESPONIND,Responsive Industries Limited,Regulation 7 (2),,2026-06-10,,,,,,,,,https://nsearchives.nseindia.com/corporate/ixbrl/IT_20260610_125440975_WEB.html,,,,,,,,,,,,,,
RESPONIND,Responsive Industries Limited,Regulation 7 (2),,2026-06-10,,,,,,,,,https://nsearchives.nseindia.com/corporate/ixbrl/IT_20260610_125440975_WEB.html,,,,,,,,,,,,,,
RESPONIND,Responsive Industries Limited,Regulation 7 (2),,2026-06-10,,,,,,,,,https://nsearchives.nseindia.com/corporate/ixbrl/IT_20260610_125440975_WEB.html,,,,,,,,,,,,,,
RESPONIND,Responsive Industries Limited,Regulation 7 (2),,2026-06-10,,,,,,,,,https://nsearchives.nseindia.com/corporate/ixbrl/IT_20260610_125440975_WEB.html,,,,,,,,,,,,,,
UNIECOM,Unicommerce eSolution Limited,Regulation 7 (2),,2026-06-09,,,,,,,,,https://nsearchives.nseindia.com/corporate/ixbrl/IT_20260609_202942512_WEB.html,,,,,,,,,,,,,,
ENRIN,SIEMENS ENERGY INDIA LIMITED,Regulation 7 (2),,2026-06-09,,,,,,,,,https://nsearchives.nseindia.com/corporate/ixbrl/IT_20260609_201803974_WEB.html,,,,,,,,,,,,,,
RUBICON,RUBICON RESEARCH LIMITED,Regulation 7 (2),,2026-06-09,,,,,,,,,https://nsearchives.nseindia.com/corporate/ixbrl/IT_20260609_195437711_WEB.html,,,,,,,,,,,,,,
RUBICON,RUBICON RESEARCH LIMITED,Regulation 7 (2),,2026-06-09,,,,,,,,,https://nsearchives.nseindia.com/corporate/ixbrl/IT_20260609_195437711_WEB.html,,,,,,,,,,,,,,
RUBICON,RUBICON RESEARCH LIMITED,Regulation 7 (2),,2026-06-09,,,,,,,,,https://nsearchives.nseindia.com/corporate/ixbrl/IT_20260609_195437711_WEB.html,,,,,,,,,,,,,,
NGLFINE,NGL FINE-CHEM LIMITED,Regulation 7 (2),,2026-06-10,,,,,,,,,https://nsearchives.nseindia.com/corporate/ixbrl/IT_20260610_111432751_WEB.html,,,,,,,,,,,,,,
SPAL,S. P. APPARELS LIMITED,Regulation 7 (2),,2026-06-09,,,,,,,,,https://nsearchives.nseindia.com/corporate/ixbrl/IT_20260609_181741639_WEB.html,,,,,,,,,,,,,,
AEROENTER,AEROFLEX ENTERPRISES LIMITED,Regulation 7 (2),,2026-06-09,,,,,,,,,https://nsearchives.nseindia.com/corporate/ixbrl/IT_20260609_190841484_WEB.html,,,,,,,,,,,,,,
WIPRO,WIPRO LIMITED,Regulation 7 (2),,2026-06-09,,,,,,,,,https://nsearchives.nseindia.com/corporate/ixbrl/IT_20260609_181338518_WEB.html,,,,,,,,,,,,,,
ADL,ARCHIDPLY DECOR LIMITED,Regulation 7 (2),,2026-06-09,,,,,,,,,https://nsearchives.nseindia.com/corporate/ixbrl/IT_20260609_201647924_WEB.html,,,,,,,,,,,,,,
ADL,ARCHIDPLY DECOR LIMITED,Regulation 7 (2),,2026-06-09,,,,,,,,,https://nsearchives.nseindia.com/corporate/ixbrl/IT_20260609_201647924_WEB.html,,,,,,,,,,,,,,
ADL,ARCHIDPLY DECOR LIMITED,Regulation 7 (2),,2026-06-09,,,,,,,,,https://nsearchives.nseindia.com/corporate/ixbrl/IT_20260609_201647924_WEB.html,,,,,,,,,,,,,,
ADL,ARCHIDPLY DECOR LIMITED,Regulation 7 (2),,2026-06-09,,,,,,,,,https://nsearchives.nseindia.com/corporate/ixbrl/IT_20260609_201647924_WEB.html,,,,,,,,,,,,,,
SIEMENS,SIEMENS LIMITED,Regulation 7 (2),,2026-06-09,,,,,,,,,https://nsearchives.nseindia.com/corporate/ixbrl/IT_20260609_193426528_WEB.html,,,,,,,,,,,,,,
SIEMENS,SIEMENS LIMITED,Regulation 7 (2),,2026-06-09,,,,,,,,,https://nsearchives.nseindia.com/corporate/ixbrl/IT_20260609_193426528_WEB.html,,,,,,,,,,,,,,
ENRIN,SIEMENS ENERGY INDIA LIMITED,Regulation 7 (2),,2026-06-09,,,,,,,,,https://nsearchives.nseindia.com/corporate/ixbrl/IT_20260609_201758919_WEB.html,,,,,,,,,,,,,,
VIKRAMSOLR,VIKRAM SOLAR LIMITED,Regulation 7 (2),,2026-06-09,,,,,,,,,https://nsearchives.nseindia.com/corporate/ixbrl/IT_20260609_181100434_WEB.html,,,,,,,,,,,,,,
MSPL,MSP STEEL & POWER LTD,Regulation 7 (2),,2026-06-09,,,,,,,,,https://nsearchives.nseindia.com/corporate/ixbrl/IT_20260609_173556529_WEB.html,,,,,,,,,,,,,,
MSPL,MSP STEEL & POWER LTD,Regulation 7 (2),,2026-06-09,,,,,,,,,https://nsearchives.nseindia.com/corporate/ixbrl/IT_20260609_173556529_WEB.html,,,,,,,,,,,,,,
NRBBEARING,NRB BEARING LIMITED,Regulation 7 (2),,2026-06-09,,,,,,,,,https://nsearchives.nseindia.com/corporate/ixbrl/IT_20260609_181117899_WEB.html,,,,,,,,,,,,,,
QUESS,Quess Corp Limited,Regulation 7 (2),,2026-06-09,,,,,,,,,https://nsearchives.nseindia.com/corporate/ixbrl/IT_20260609_173305053_WEB.html,,,,,,,,,,,,,,
QUESS,Quess Corp Limited,Regulation 7 (2),,2026-06-09,,,,,,,,,https://nsearchives.nseindia.com/corporate/ixbrl/IT_20260609_173305053_WEB.html,,,,,,,,,,,,,,
QUESS,Quess Corp Limited,Regulation 7 (2),,2026-06-09,,,,,,,,,https://nsearchives.nseindia.com/corporate/ixbrl/IT_20260609_173305053_WEB.html,,,,,,,,,,,,,,
QUESS,Quess Corp Limited,Regulation 7 (2),,2026-06-09,,,,,,,,,https://nsearchives.nseindia.com/corporate/ixbrl/IT_20260609_173305053_WEB.html,,,,,,,,,,,,,,
ARCHIDPLY,ARCHIDPLY INDUSTRIES LIMITED,Regulation 7 (2),,2026-06-09,,,,,,,,,https://nsearchives.nseindia.com/corporate/ixbrl/IT_20260609_171906551_WEB.html,,,,,,,,,,,,,,
ARCHIDPLY,ARCHIDPLY INDUSTRIES LIMITED,Regulation 7 (2),,2026-06-09,,,,,,,,,https://nsearchives.nseindia.com/corporate/ixbrl/IT_20260609_171906551_WEB.html,,,,,,,,,,,,,,
ARCHIDPLY,ARCHIDPLY INDUSTRIES LIMITED,Regulation 7 (2),,2026-06-09,,,,,,,,,https://nsearchives.nseindia.com/corporate/ixbrl/IT_20260609_171906551_WEB.html,,,,,,,,,,,,,,
ARCHIDPLY,ARCHIDPLY INDUSTRIES LIMITED,Regulation 7 (2),,2026-06-09,,,,,,,,,https://nsearchives.nseindia.com/corporate/ixbrl/IT_20260609_171906551_WEB.html,,,,,,,,,,,,,,
PAISALO,PAISALO DIGITAL LIMITED,Regulation 7 (2),,2026-06-09,,,,,,,,,https://nsearchives.nseindia.com/corporate/ixbrl/IT_20260609_175158697_WEB.html,,,,,,,,,,,,,,
PAISALO,PAISALO DIGITAL LIMITED,Regulation 7 (2),,2026-06-09,,,,,,,,,https://nsearchives.nseindia.com/corporate/ixbrl/IT_20260609_175158697_WEB.html,,,,,,,,,,,,,,
PAISALO,PAISALO DIGITAL LIMITED,Regulation 7 (2),,2026-06-09,,,,,,,,,https://nsearchives.nseindia.com/corporate/ixbrl/IT_20260609_175158697_WEB.html,,,,,,,,,,,,,,
MSPL,MSP STEEL & POWER LIMITED,Regulation 7 (2),,2026-06-09,,,,,,,,,https://nsearchives.nseindia.com/corporate/ixbrl/IT_20260609_175210558_WEB.html,,,,,,,,,,,,,,
MSPL,MSP STEEL & POWER LIMITED,Regulation 7 (2),,2026-06-09,,,,,,,,,https://nsearchives.nseindia.com/corporate/ixbrl/IT_20260609_175210558_WEB.html,,,,,,,,,,,,,,
LAOPALA,LA OPALA RG LIMITED,Regulation 7 (2),,2026-06-09,,,,,,,,,https://nsearchives.nseindia.com/corporate/ixbrl/IT_20260609_172204552_WEB.html,,,,,,,,,,,,,,
WIPRO,WIPRO LIMITED,Regulation 7 (2),,2026-06-09,,,,,,,,,https://nsearchives.nseindia.com/corporate/ixbrl/IT_20260609_171314666_WEB.html,,,,,,,,,,,,,,
WIPRO,WIPRO LIMITED,Regulation 7 (2),,2026-06-09,,,,,,,,,https://nsearchives.nseindia.com/corporate/ixbrl/IT_20260609_171314666_WEB.html,,,,,,,,,,,,,,
WIPRO,WIPRO LIMITED,Regulation 7 (2),,2026-06-09,,,,,,,,,https://nsearchives.nseindia.com/corporate/ixbrl/IT_20260609_171314666_WEB.html,,,,,,,,,,,,,,
NCLIND,NCL INDUSTRIES LIMITED,Regulation 7 (2),,2026-06-09,,,,,,,,,https://nsearchives.nseindia.com/corporate/ixbrl/IT_20260609_165004685_WEB.html,,,,,,,,,,,,,,
NCLIND,NCL INDUSTRIES LIMITED,Regulation 7 (2),,2026-06-09,,,,,,,,,https://nsearchives.nseindia.com/corporate/ixbrl/IT_20260609_165004685_WEB.html,,,,,,,,,,,,,,
INFY,Infosys Limited,Regulation 7 (2),,2026-06-09,,,,,,,,,https://nsearchives.nseindia.com/corporate/ixbrl/IT_20260609_161942786_WEB.html,,,,,,,,,,,,,,
INFY,Infosys Limited,Regulation 7 (2),,2026-06-09,,,,,,,,,https://nsearchives.nseindia.com/corporate/ixbrl/IT_20260609_161942786_WEB.html,,,,,,,,,,,,,,
FSL,Firstsource Solutions Limited,Regulation 7 (2),,2026-06-09,,,,,,,,,https://nsearchives.nseindia.com/corporate/ixbrl/IT_20260609_154928766_WEB.html,,,,,,,,,,,,,,
FSL,Firstsource Solutions Limited,Regulation 7 (2),,2026-06-09,,,,,,,,,https://nsearchives.nseindia.com/corporate/ixbrl/IT_20260609_154928766_WEB.html,,,,,,,,,,,,,,
WHIRLPOOL,WHIRLPOOL OF INDIA LIMITED,Regulation 7 (2),,2026-06-09,,,,,,,,,https://nsearchives.nseindia.com/corporate/ixbrl/IT_20260609_165352513_WEB.html,,,,,,,,,,,,,,
WHIRLPOOL,WHIRLPOOL OF INDIA LIMITED,Regulation 7 (2),,2026-06-09,,,,,,,,,https://nsearchives.nseindia.com/corporate/ixbrl/IT_20260609_165330528_WEB.html,,,,,,,,,,,,,,
MOTOGENFIN,THE MOTOR & GENERAL FINANCE LIMITED,Regulation 7 (2),,2026-06-09,,,,,,,,,https://nsearchives.nseindia.com/corporate/ixbrl/IT_20260609_160255219_WEB.html,,,,,,,,,,,,,,
DTIL,DHUNSERI TEA & INDUSTRIES LIMITED,Regulation 7 (2),,2026-06-09,,,,,,,,,https://nsearchives.nseindia.com/corporate/ixbrl/IT_20260609_152235624_WEB.html,,,,,,,,,,,,,,
EMBDL,EMBASSY DEVELOPMENTS LIMITED,Regulation 7 (2),,2026-06-09,,,,,,,,,https://nsearchives.nseindia.com/corporate/ixbrl/IT_20260609_142223686_WEB.html,,,,,,,,,,,,,,
VISAKAIND,Visaka Industries Limited,Regulation 7 (2),,2026-06-09,,,,,,,,,https://nsearchives.nseindia.com/corporate/ixbrl/IT_20260609_130524777_WEB.html,,,,,,,,,,,,,,
VISAKAIND,Visaka Industries Limited,Regulation 7 (2),,2026-06-09,,,,,,,,,https://nsearchives.nseindia.com/corporate/ixbrl/IT_20260609_130524777_WEB.html,,,,,,,,,,,,,,
VSTL,VIBHOR STEEL TUBES LIMITED,Regulation 7 (2),,2026-06-09,,,,,,,,,https://nsearchives.nseindia.com/corporate/ixbrl/IT_20260609_145300807_WEB.html,,,,,,,,,,,,,,
AURUM,Aurum PropTech Limited,Regulation 7 (2),,2026-06-09,,,,,,,,,https://nsearchives.nseindia.com/corporate/ixbrl/IT_20260609_104201082_WEB.html,,,,,,,,,,,,,,
ALICON,ALICON CASTALLOY LIMITED,Regulation 7 (2),,2026-06-09,,,,,,,,,https://nsearchives.nseindia.com/corporate/ixbrl/IT_20260609_131406681_WEB.html,,,,,,,,,,,,,,
INDOSTAR,INDOSTAR CAPITAL FINANCE LIMITED,Regulation 7 (2),,2026-06-08,,,,,,,,,https://nsearchives.nseindia.com/corporate/ixbrl/IT_20260608_203434504_WEB.html,,,,,,,,,,,,,,
INDOSTAR,INDOSTAR CAPITAL FINANCE LIMITED,Regulation 7 (2),,2026-06-08,,,,,,,,,https://nsearchives.nseindia.com/corporate/ixbrl/IT_20260608_203434504_WEB.html,,,,,,,,,,,,,,
BIL,BHARTIYA INTERNATIONAL LIMITED,Regulation 7 (2),,2026-06-09,,,,,,,,,https://nsearchives.nseindia.com/corporate/ixbrl/IT_20260609_115003108_WEB.html,,,,,,,,,,,,,,
MOTILALOFS,Motilal Oswal Financial Services Limited,Regulation 7 (2),,2026-06-08,,,,,,,,,https://nsearchives.nseindia.com/corporate/ixbrl/IT_20260608_201821477_WEB.html,,,,,,,,,,,,,,
MOTILALOFS,Motilal Oswal Financial Services Limited,Regulation 7 (2),,2026-06-08,,,,,,,,,https://nsearchives.nseindia.com/corporate/ixbrl/IT_20260608_201821477_WEB.html,,,,,,,,,,,,,,
MOTILALOFS,Motilal Oswal Financial Services Limited,Regulation 7 (2),,2026-06-08,,,,,,,,,https://nsearchives.nseindia.com/corporate/ixbrl/IT_20260608_201821477_WEB.html,,,,,,,,,,,,,,
MOTILALOFS,Motilal Oswal Financial Services Limited,Regulation 7 (2),,2026-06-08,,,,,,,,,https://nsearchives.nseindia.com/corporate/ixbrl/IT_20260608_201821477_WEB.html,,,,,,,,,,,,,,
MOTILALOFS,Motilal Oswal Financial Services Limited,Regulation 7 (2),,2026-06-08,,,,,,,,,https://nsearchives.nseindia.com/corporate/ixbrl/IT_20260608_201821477_WEB.html,,,,,,,,,,,,,,
MOTILALOFS,Motilal Oswal Financial Services Limited,Regulation 7 (2),,2026-06-08,,,,,,,,,https://nsearchives.nseindia.com/corporate/ixbrl/IT_20260608_201821477_WEB.html,,,,,,,,,,,,,,
INDOSTAR,INDOSTAR CAPITAL FINANCE LIMITED,Regulation 7 (2),,2026-06-08,,,,,,,,,https://nsearchives.nseindia.com/corporate/ixbrl/IT_20260608_201954498_WEB.html,,,,,,,,,,,,,,
INDOSTAR,INDOSTAR CAPITAL FINANCE LIMITED,Regulation 7 (2),,2026-06-08,,,,,,,,,https://nsearchives.nseindia.com/corporate/ixbrl/IT_20260608_201954498_WEB.html,,,,,,,,,,,,,,
NCLIND,NCL INDUSTRIES LIMITED,Regulation 7 (2),,2026-06-08,,,,,,,,,https://nsearchives.nseindia.com/corporate/ixbrl/IT_20260608_213258679_WEB.html,,,,,,,,,,,,,,
NCLIND,NCL INDUSTRIES LIMITED,Regulation 7 (2),,2026-06-08,,,,,,,,,https://nsearchives.nseindia.com/corporate/ixbrl/IT_20260608_213258679_WEB.html,,,,,,,,,,,,,,
KMSUGAR,K M Sugar Mills Limited,Regulation 7 (2),,2026-06-08,,,,,,,,,https://nsearchives.nseindia.com/corporate/ixbrl/IT_20260608_195906764_WEB.html,,,,,,,,,,,,,,
KMSUGAR,K M Sugar Mills Limited,Regulation 7 (2),,2026-06-08,,,,,,,,,https://nsearchives.nseindia.com/corporate/ixbrl/IT_20260608_195906764_WEB.html,,,,,,,,,,,,,,
AJANTPHARM,Ajanta Pharma Limited,Regulation 7 (2),,2026-06-09,,,,,,,,,https://nsearchives.nseindia.com/corporate/ixbrl/IT_20260609_125927219_WEB.html,,,,,,,,,,,,,,
MOTILALOFS,Motilal Oswal Financial Services Limited,Regulation 7 (2),,2026-06-08,,,,,,,,,https://nsearchives.nseindia.com/corporate/ixbrl/IT_20260608_201434533_WEB.html,,,,,,,,,,,,,,
MOTILALOFS,Motilal Oswal Financial Services Limited,Regulation 7 (2),,2026-06-08,,,,,,,,,https://nsearchives.nseindia.com/corporate/ixbrl/IT_20260608_201434533_WEB.html,,,,,,,,,,,,,,
MOTILALOFS,Motilal Oswal Financial Services Limited,Regulation 7 (2),,2026-06-08,,,,,,,,,https://nsearchives.nseindia.com/corporate/ixbrl/IT_20260608_201434533_WEB.html,,,,,,,,,,,,,,
MOTILALOFS,Motilal Oswal Financial Services Limited,Regulation 7 (2),,2026-06-08,,,,,,,,,https://nsearchives.nseindia.com/corporate/ixbrl/IT_20260608_201434533_WEB.html,,,,,,,,,,,,,,
MOTILALOFS,Motilal Oswal Financial Services Limited,Regulation 7 (2),,2026-06-08,,,,,,,,,https://nsearchives.nseindia.com/corporate/ixbrl/IT_20260608_201434533_WEB.html,,,,,,,,,,,,,,
MOTILALOFS,Motilal Oswal Financial Services Limited,Regulation 7 (2),,2026-06-08,,,,,,,,,https://nsearchives.nseindia.com/corporate/ixbrl/IT_20260608_201434533_WEB.html,,,,,,,,,,,,,,
DMART,AVENUE SUPERMARTS LIMITED,Regulation 7 (2),,2026-06-08,,,,,,,,,https://nsearchives.nseindia.com/corporate/ixbrl/IT_20260608_185416526_WEB.html,,,,,,,,,,,,,,
DMART,AVENUE SUPERMARTS LIMITED,Regulation 7 (2),,2026-06-08,,,,,,,,,https://nsearchives.nseindia.com/corporate/ixbrl/IT_20260608_185416526_WEB.html,,,,,,,,,,,,,,
DMART,AVENUE SUPERMARTS LIMITED,Regulation 7 (2),,2026-06-08,,,,,,,,,https://nsearchives.nseindia.com/corporate/ixbrl/IT_20260608_185416526_WEB.html,,,,,,,,,,,,,,
SENCO,SENCO GOLD LIMITED,Regulation 7 (2),,2026-06-08,,,,,,,,,https://nsearchives.nseindia.com/corporate/ixbrl/IT_20260608_190314593_WEB.html,,,,,,,,,,,,,,
SENCO,SENCO GOLD LIMITED,Regulation 7 (2),,2026-06-08,,,,,,,,,https://nsearchives.nseindia.com/corporate/ixbrl/IT_20260608_190314593_WEB.html,,,,,,,,,,,,,,
SENCO,SENCO GOLD LIMITED,Regulation 7 (2),,2026-06-08,,,,,,,,,https://nsearchives.nseindia.com/corporate/ixbrl/IT_20260608_190314593_WEB.html,,,,,,,,,,,,,,
DBCORP,D.B.Corp Limited,Regulation 7 (2),,2026-06-08,,,,,,,,,https://nsearchives.nseindia.com/corporate/ixbrl/IT_20260608_185302510_WEB.html,,,,,,,,,,,,,,
STANLEY,STANLEY LIFESTYLES LIMITED,Regulation 7 (2),,2026-06-08,,,,,,,,,https://nsearchives.nseindia.com/corporate/ixbrl/IT_20260608_182449791_WEB.html,,,,,,,,,,,,,,
TIGERLOGS,Tiger Logistics (India) Limited,Regulation 7 (2),,2026-06-08,,,,,,,,,https://nsearchives.nseindia.com/corporate/ixbrl/IT_20260608_181230600_WEB.html,,,,,,,,,,,,,,
STANLEY,STANLEY LIFESTYLES LIMITED,Regulation 7 (2),,2026-06-08,,,,,,,,,https://nsearchives.nseindia.com/corporate/ixbrl/IT_20260608_182822508_WEB.html,,,,,,,,,,,,,,
WIPRO,WIPRO LIMITED,Regulation 7 (2),,2026-06-08,,,,,,,,,https://nsearchives.nseindia.com/corporate/ixbrl/IT_20260608_181946640_WEB.html,,,,,,,,,,,,,,
WIPRO,WIPRO LIMITED,Regulation 7 (2),,2026-06-08,,,,,,,,,https://nsearchives.nseindia.com/corporate/ixbrl/IT_20260608_181946640_WEB.html,,,,,,,,,,,,,,
JSWSTEEL,JSW STEEL LIMITED,Regulation 7 (2),,2026-06-08,,,,,,,,,https://nsearchives.nseindia.com/corporate/ixbrl/IT_20260608_181625213_WEB.html,,,,,,,,,,,,,,
JSWSTEEL,JSW STEEL LIMITED,Regulation 7 (2),,2026-06-08,,,,,,,,,https://nsearchives.nseindia.com/corporate/ixbrl/IT_20260608_181625213_WEB.html,,,,,,,,,,,,,,
JSWSTEEL,JSW STEEL LIMITED,Regulation 7 (2),,2026-06-08,,,,,,,,,https://nsearchives.nseindia.com/corporate/ixbrl/IT_20260608_181625213_WEB.html,,,,,,,,,,,,,,
JSWSTEEL,JSW STEEL LIMITED,Regulation 7 (2),,2026-06-08,,,,,,,,,https://nsearchives.nseindia.com/corporate/ixbrl/IT_20260608_181625213_WEB.html,,,,,,,,,,,,,,
JSWSTEEL,JSW STEEL LIMITED,Regulation 7 (2),,2026-06-08,,,,,,,,,https://nsearchives.nseindia.com/corporate/ixbrl/IT_20260608_181625213_WEB.html,,,,,,,,,,,,,,
JSWSTEEL,JSW STEEL LIMITED,Regulation 7 (2),,2026-06-08,,,,,,,,,https://nsearchives.nseindia.com/corporate/ixbrl/IT_20260608_181625213_WEB.html,,,,,,,,,,,,,,
JSWSTEEL,JSW STEEL LIMITED,Regulation 7 (2),,2026-06-08,,,,,,,,,https://nsearchives.nseindia.com/corporate/ixbrl/IT_20260608_181625213_WEB.html,,,,,,,,,,,,,,
JSWSTEEL,JSW STEEL LIMITED,Regulation 7 (2),,2026-06-08,,,,,,,,,https://nsearchives.nseindia.com/corporate/ixbrl/IT_20260608_181625213_WEB.html,,,,,,,,,,,,,,
JSWSTEEL,JSW STEEL LIMITED,Regulation 7 (2),,2026-06-08,,,,,,,,,https://nsearchives.nseindia.com/corporate/ixbrl/IT_20260608_181625213_WEB.html,,,,,,,,,,,,,,
FUSION,FUSION FINANCE LIMITED,Regulation 7 (2),,2026-06-08,,,,,,,,,https://nsearchives.nseindia.com/corporate/ixbrl/IT_20260608_180145046_WEB.html,,,,,,,,,,,,,,
GRAVITA,GRAVITA INDIA LIMITED,Regulation 7 (2),,2026-06-08,,,,,,,,,https://nsearchives.nseindia.com/corporate/ixbrl/IT_20260608_173322156_WEB.html,,,,,,,,,,,,,,
STERTOOLS,STERLING TOOLS LIMITED,Regulation 7 (2),,2026-06-08,,,,,,,,,https://nsearchives.nseindia.com/corporate/ixbrl/IT_20260608_172358740_WEB.html,,,,,,,,,,,,,,
STERTOOLS,STERLING TOOLS LIMITED,Regulation 7 (2),,2026-06-08,,,,,,,,,https://nsearchives.nseindia.com/corporate/ixbrl/IT_20260608_172358740_WEB.html,,,,,,,,,,,,,,
STERTOOLS,STERLING TOOLS LIMITED,Regulation 7 (2),,2026-06-08,,,,,,,,,https://nsearchives.nseindia.com/corporate/ixbrl/IT_20260608_172358740_WEB.html,,,,,,,,,,,,,,
ECLERX,eClerx Services Ltd,Regulation 7 (2),,2026-06-08,,,,,,,,,https://nsearchives.nseindia.com/corporate/ixbrl/IT_20260608_174024647_WEB.html,,,,,,,,,,,,,,
JINDALSAW,Jindal Saw Limited,Regulation 7 (2),,2026-06-08,,,,,,,,,https://nsearchives.nseindia.com/corporate/ixbrl/IT_20260608_170652575_WEB.html,,,,,,,,,,,,,,
CREST,CREST VENTURES LIMITED,Regulation 7 (3),,2026-06-08,,,,,,,,,https://nsearchives.nseindia.com/corporate/ixbrl/IT_20260608_170602147_WEB.html,,,,,,,,,,,,,,
CREST,CREST VENTURES LIMITED,Regulation 7 (3),,2026-06-08,,,,,,,,,https://nsearchives.nseindia.com/corporate/ixbrl/IT_20260608_170442508_WEB.html,,,,,,,,,,,,,,
VISAKAIND,Visaka Industries Limited,Regulation 7 (2),,2026-06-08,,,,,,,,,https://nsearchives.nseindia.com/corporate/ixbrl/IT_20260608_172148598_WEB.html,,,,,,,,,,,,,,
VISAKAIND,Visaka Industries Limited,Regulation 7 (2),,2026-06-08,,,,,,,,,https://nsearchives.nseindia.com/corporate/ixbrl/IT_20260608_172148598_WEB.html,,,,,,,,,,,,,,
NGLFINE,NGL FINE-CHEM LIMITED,Regulation 7 (2),,2026-06-08,,,,,,,,,https://nsearchives.nseindia.com/corporate/ixbrl/IT_20260608_170550678_WEB.html,,,,,,,,,,,,,,
NAUKRI,Info Edge (India) Limited,Regulation 7 (2),,2026-06-08,,,,,,,,,https://nsearchives.nseindia.com/corporate/ixbrl/IT_20260608_165604487_WEB.html,,,,,,,,,,,,,,
SAMHI,SAMHI Hotels Limited,Regulation 7 (2),,2026-06-08,,,,,,,,,https://nsearchives.nseindia.com/corporate/ixbrl/IT_20260608_163316143_WEB.html,,,,,,,,,,,,,,
KCP,KCP LIMITED,Regulation 7 (2),,2026-06-08,,,,,,,,,https://nsearchives.nseindia.com/corporate/ixbrl/IT_20260608_163443188_WEB.html,,,,,,,,,,,,,,
ALICON,ALICON CASTALLOY LIMITED,Regulation 7 (2),,2026-06-08,,,,,,,,,https://nsearchives.nseindia.com/corporate/ixbrl/IT_20260608_164743943_WEB.html,,,,,,,,,,,,,,
DPSCLTD,DPSC LIMITED,Regulation 7 (2),,2026-06-08,,,,,,,,,https://nsearchives.nseindia.com/corporate/ixbrl/IT_20260608_160852045_WEB.html,,,,,,,,,,,,,,
SAMHI,SAMHI Hotels Limited,Regulation 7 (2),,2026-06-08,,,,,,,,,https://nsearchives.nseindia.com/corporate/ixbrl/IT_20260608_163051714_WEB.html,,,,,,,,,,,,,,
SINCLAIR,SINCLAIRS HOTELS LIMITED,Regulation 7 (2),,2026-06-08,,,,,,,,,https://nsearchives.nseindia.com/corporate/ixbrl/IT_20260608_162149284_WEB.html,,,,,,,,,,,,,,
DPSCLTD,DPSC Limited,Regulation 7 (2),,2026-06-08,,,,,,,,,https://nsearchives.nseindia.com/corporate/ixbrl/IT_20260608_160722653_WEB.html,,,,,,,,,,,,,,
MOTOGENFIN,THE MOTOR & GENERAL FINANCE LIMITED,Regulation 7 (2),,2026-06-08,,,,,,,,,https://nsearchives.nseindia.com/corporate/ixbrl/IT_20260608_151956543_WEB.html,,,,,,,,,,,,,,
KCP,KCP LIMITED,Regulation 7 (2),,2026-06-08,,,,,,,,,https://nsearchives.nseindia.com/corporate/ixbrl/IT_20260608_155020715_WEB.html,,,,,,,,,,,,,,
SHRIRAMPPS,Shriram Properties Limited,Regulation 7 (2),,2026-06-08,,,,,,,,,https://nsearchives.nseindia.com/corporate/ixbrl/IT_20260608_161922790_WEB.html,,,,,,,,,,,,,,
BLUESTONE,BlueStone Jewellery and Lifestyle Limited,Regulation 7 (2),,2026-06-08,,,,,,,,,https://nsearchives.nseindia.com/corporate/ixbrl/IT_20260608_134442804_WEB.html,,,,,,,,,,,,,,
STEL,STEL HOLDINGS LIMITED,Regulation 7 (2),,2026-06-08,,,,,,,,,https://nsearchives.nseindia.com/corporate/ixbrl/IT_20260608_150548384_WEB.html,,,,,,,,,,,,,,
STEL,STEL HOLDINGS LIMITED,Regulation 7 (2),,2026-06-08,,,,,,,,,https://nsearchives.nseindia.com/corporate/ixbrl/IT_20260608_150548384_WEB.html,,,,,,,,,,,,,,
STEL,STEL HOLDINGS LIMITED,Regulation 7 (2),,2026-06-08,,,,,,,,,https://nsearchives.nseindia.com/corporate/ixbrl/IT_20260608_150548384_WEB.html,,,,,,,,,,,,,,
STEL,STEL HOLDINGS LIMITED,Regulation 7 (2),,2026-06-08,,,,,,,,,https://nsearchives.nseindia.com/corporate/ixbrl/IT_20260608_150548384_WEB.html,,,,,,,,,,,,,,
AURUM,Aurum PropTech Limited,Regulation 7 (2),,2026-06-08,,,,,,,,,https://nsearchives.nseindia.com/corporate/ixbrl/IT_20260608_104543322_WEB.html,,,,,,,,,,,,,,
STEL,STEL HOLDINGS LIMITED,Regulation 7 (2),,2026-06-08,,,,,,,,,https://nsearchives.nseindia.com/corporate/ixbrl/IT_20260608_150301514_WEB.html,,,,,,,,,,,,,,
STEL,STEL HOLDINGS LIMITED,Regulation 7 (2),,2026-06-08,,,,,,,,,https://nsearchives.nseindia.com/corporate/ixbrl/IT_20260608_150301514_WEB.html,,,,,,,,,,,,,,
STEL,STEL HOLDINGS LIMITED,Regulation 7 (2),,2026-06-08,,,,,,,,,https://nsearchives.nseindia.com/corporate/ixbrl/IT_20260608_150301514_WEB.html,,,,,,,,,,,,,,
STEL,STEL HOLDINGS LIMITED,Regulation 7 (2),,2026-06-08,,,,,,,,,https://nsearchives.nseindia.com/corporate/ixbrl/IT_20260608_150301514_WEB.html,,,,,,,,,,,,,,
JARO,JARO INSTITUTE OF TECHNOLOGY MANAGEMENT AND RESEARCH LIMITED,Regulation 7 (2),,2026-06-06,,,,,,,,,https://nsearchives.nseindia.com/corporate/ixbrl/IT_20260606_192834631_WEB.html,,,,,,,,,,,,,,
SIYSIL,SIYARAM SILK MILLS LIMITED,Regulation 7 (2),,2026-06-06,,,,,,,,,https://nsearchives.nseindia.com/corporate/ixbrl/IT_20260606_172343573_WEB.html,,,,,,,,,,,,,,
SIYSIL,SIYARAM SILK MILLS LIMITED,Regulation 7 (2),,2026-06-06,,,,,,,,,https://nsearchives.nseindia.com/corporate/ixbrl/IT_20260606_172343573_WEB.html,,,,,,,,,,,,,,
NECCLTD,NORTH EASTERN CARRYING CORPORATION LIMITED,Regulation 7 (2),,2026-06-08,,,,,,,,,https://nsearchives.nseindia.com/corporate/ixbrl/IT_20260608_102612924_WEB.html,,,,,,,,,,,,,,
PAISALO,PAISALO DIGITAL LIMITED,Regulation 7 (2),,2026-06-08,,,,,,,,,https://nsearchives.nseindia.com/corporate/ixbrl/IT_20260608_092929455_WEB.html,,,,,,,,,,,,,,
BALRAMCHIN,BALRAMPUR CHINI MILLS LIMITED,Regulation 7 (2),,2026-06-06,,,,,,,,,https://nsearchives.nseindia.com/corporate/ixbrl/IT_20260606_182350689_WEB.html,,,,,,,,,,,,,,
BALRAMCHIN,BALRAMPUR CHINI MILLS LIMITED,Regulation 7 (2),,2026-06-06,,,,,,,,,https://nsearchives.nseindia.com/corporate/ixbrl/IT_20260606_182350689_WEB.html,,,,,,,,,,,,,,
BALRAMCHIN,BALRAMPUR CHINI MILLS LIMITED,Regulation 7 (2),,2026-06-06,,,,,,,,,https://nsearchives.nseindia.com/corporate/ixbrl/IT_20260606_182350689_WEB.html,,,,,,,,,,,,,,
APOLLO,APOLLO MICRO SYSTEMS LIMITED,Regulation 7 (2),,2026-06-07,,,,,,,,,https://nsearchives.nseindia.com/corporate/ixbrl/IT_20260607_185200320_WEB.html,,,,,,,,,,,,,,
SIYSIL,SIYARAM SILK MILLS LIMITED,Regulation 7 (2),,2026-06-06,,,,,,,,,https://nsearchives.nseindia.com/corporate/ixbrl/IT_20260606_171134637_WEB.html,,,,,,,,,,,,,,
SIYSIL,SIYARAM SILK MILLS LIMITED,Regulation 7 (2),,2026-06-06,,,,,,,,,https://nsearchives.nseindia.com/corporate/ixbrl/IT_20260606_171134637_WEB.html,,,,,,,,,,,,,,
SURYAROSNI,SURYA ROSHNI LIMITED,Regulation 7 (2),,2026-06-06,,,,,,,,,https://nsearchives.nseindia.com/corporate/ixbrl/IT_20260606_144236480_WEB.html,,,,,,,,,,,,,,
AIAENG,AIA Engineering Limited,Regulation 7 (2),,2026-06-06,,,,,,,,,https://nsearchives.nseindia.com/corporate/ixbrl/IT_20260606_143920478_WEB.html,,,,,,,,,,,,,,
ALICON,ALICON CASTALLOY LIMITED,Regulation 7 (2),,2026-06-06,,,,,,,,,https://nsearchives.nseindia.com/corporate/ixbrl/IT_20260606_120746670_WEB.html,,,,,,,,,,,,,,
AIAENG,AIA Engineering Limited,Regulation 7 (3),,2026-06-06,,,,,,,,,https://nsearchives.nseindia.com/corporate/ixbrl/IT_20260606_143804531_WEB.html,,,,,,,,,,,,,,
DIVISLAB,Divi's Laboratories Limited,Regulation 7 (2),,2026-06-06,,,,,,,,,https://nsearchives.nseindia.com/corporate/ixbrl/IT_20260606_142736742_WEB.html,,,,,,,,,,,,,,
WCIL,WESTERN CARRIERS (INDIA) LIMITED,Regulation 7 (2),,2026-06-06,,,,,,,,,https://nsearchives.nseindia.com/corporate/ixbrl/IT_20260606_134908795_WEB.html,,,,,,,,,,,,,,
BESTAGRO,BEST AGROLIFE LIMITED,Regulation 7 (2),,2026-06-06,,,,,,,,,https://nsearchives.nseindia.com/corporate/ixbrl/IT_20260606_152648539_WEB.html,,,,,,,,,,,,,,
TIGERLOGS,Tiger Logistics (India) Limited,Regulation 7 (2),,2026-06-05,,,,,,,,,https://nsearchives.nseindia.com/corporate/ixbrl/IT_20260605_203352505_WEB.html,,,,,,,,,,,,,,
TIGERLOGS,Tiger Logistics (India) Limited,Regulation 7 (2),,2026-06-05,,,,,,,,,https://nsearchives.nseindia.com/corporate/ixbrl/IT_20260605_203352505_WEB.html,,,,,,,,,,,,,,
AEROENTER,AEROFLEX ENTERPRISES LIMITED,Regulation 7 (2),,2026-06-05,,,,,,,,,https://nsearchives.nseindia.com/corporate/ixbrl/IT_20260605_202900601_WEB.html,,,,,,,,,,,,,,
DBOL,Dhampur Bio Organics Limited,Regulation 7 (2),,2026-06-05,,,,,,,,,https://nsearchives.nseindia.com/corporate/ixbrl/IT_20260605_191816067_WEB.html,,,,,,,,,,,,,,
DBOL,Dhampur Bio Organics Limited,Regulation 7 (2),,2026-06-05,,,,,,,,,https://nsearchives.nseindia.com/corporate/ixbrl/IT_20260605_191816067_WEB.html,,,,,,,,,,,,,,
SHRADHA,SHRADHA REALTY LIMITED,Regulation 7 (2),,2026-06-05,,,,,,,,,https://nsearchives.nseindia.com/corporate/ixbrl/IT_20260605_193608407_WEB.html,,,,,,,,,,,,,,
SHRADHA,SHRADHA REALTY LIMITED,Regulation 7 (2),,2026-06-05,,,,,,,,,https://nsearchives.nseindia.com/corporate/ixbrl/IT_20260605_193608407_WEB.html,,,,,,,,,,,,,,
SASKEN,Sasken Technologies Limited,Regulation 7 (2),,2026-06-05,,,,,,,,,https://nsearchives.nseindia.com/corporate/ixbrl/IT_20260605_190259345_WEB.html,,,,,,,,,,,,,,
KPEL,K.P. Energy Limited,Regulation 7 (2),,2026-06-05,,,,,,,,,https://nsearchives.nseindia.com/corporate/ixbrl/IT_20260605_184840517_WEB.html,,,,,,,,,,,,,,
KPEL,K.P. Energy Limited,Regulation 7 (2),,2026-06-05,,,,,,,,,https://nsearchives.nseindia.com/corporate/ixbrl/IT_20260605_184840517_WEB.html,,,,,,,,,,,,,,
KPEL,K.P. Energy Limited,Regulation 7 (2),,2026-06-05,,,,,,,,,https://nsearchives.nseindia.com/corporate/ixbrl/IT_20260605_184840517_WEB.html,,,,,,,,,,,,,,
KPEL,K.P. Energy Limited,Regulation 7 (2),,2026-06-05,,,,,,,,,https://nsearchives.nseindia.com/corporate/ixbrl/IT_20260605_184840517_WEB.html,,,,,,,,,,,,,,
KPIGREEN,KPI Green Energy Limited,Regulation 7 (2),,2026-06-03,,,,,,,,,https://nsearchives.nseindia.com/corporate/ixbrl/IT_20260605_185918523_WEB.html,,,,,,,,,,,,,,
KPIGREEN,KPI Green Energy Limited,Regulation 7 (2),,2026-06-03,,,,,,,,,https://nsearchives.nseindia.com/corporate/ixbrl/IT_20260605_185918523_WEB.html,,,,,,,,,,,,,,
KPIGREEN,KPI Green Energy Limited,Regulation 7 (2),,2026-06-03,,,,,,,,,https://nsearchives.nseindia.com/corporate/ixbrl/IT_20260605_185918523_WEB.html,,,,,,,,,,,,,,
KPIGREEN,KPI Green Energy Limited,Regulation 7 (2),,2026-06-03,,,,,,,,,https://nsearchives.nseindia.com/corporate/ixbrl/IT_20260605_185918523_WEB.html,,,,,,,,,,,,,,
KPIGREEN,KPI Green Energy Limited,Regulation 7 (2),,2026-06-03,,,,,,,,,https://nsearchives.nseindia.com/corporate/ixbrl/IT_20260605_185918523_WEB.html,,,,,,,,,,,,,,
DMART,AVENUE SUPERMARTS LIMITED,Regulation 7 (2),,2026-06-05,,,,,,,,,https://nsearchives.nseindia.com/corporate/ixbrl/IT_20260605_185839109_WEB.html,,,,,,,,,,,,,,
DMART,AVENUE SUPERMARTS LIMITED,Regulation 7 (2),,2026-06-05,,,,,,,,,https://nsearchives.nseindia.com/corporate/ixbrl/IT_20260605_185839109_WEB.html,,,,,,,,,,,,,,
DMART,AVENUE SUPERMARTS LIMITED,Regulation 7 (2),,2026-06-05,,,,,,,,,https://nsearchives.nseindia.com/corporate/ixbrl/IT_20260605_185839109_WEB.html,,,,,,,,,,,,,,
DMART,AVENUE SUPERMARTS LIMITED,Regulation 7 (2),,2026-06-05,,,,,,,,,https://nsearchives.nseindia.com/corporate/ixbrl/IT_20260605_185839109_WEB.html,,,,,,,,,,,,,,
DMART,AVENUE SUPERMARTS LIMITED,Regulation 7 (2),,2026-06-05,,,,,,,,,https://nsearchives.nseindia.com/corporate/ixbrl/IT_20260605_185839109_WEB.html,,,,,,,,,,,,,,
DMART,AVENUE SUPERMARTS LIMITED,Regulation 7 (2),,2026-06-05,,,,,,,,,https://nsearchives.nseindia.com/corporate/ixbrl/IT_20260605_185839109_WEB.html,,,,,,,,,,,,,,
DMART,AVENUE SUPERMARTS LIMITED,Regulation 7 (2),,2026-06-05,,,,,,,,,https://nsearchives.nseindia.com/corporate/ixbrl/IT_20260605_185839109_WEB.html,,,,,,,,,,,,,,
DMART,AVENUE SUPERMARTS LIMITED,Regulation 7 (2),,2026-06-05,,,,,,,,,https://nsearchives.nseindia.com/corporate/ixbrl/IT_20260605_185839109_WEB.html,,,,,,,,,,,,,,
DMART,AVENUE SUPERMARTS LIMITED,Regulation 7 (2),,2026-06-05,,,,,,,,,https://nsearchives.nseindia.com/corporate/ixbrl/IT_20260605_185839109_WEB.html,,,,,,,,,,,,,,
DMART,AVENUE SUPERMARTS LIMITED,Regulation 7 (2),,2026-06-05,,,,,,,,,https://nsearchives.nseindia.com/corporate/ixbrl/IT_20260605_185839109_WEB.html,,,,,,,,,,,,,,
DMART,AVENUE SUPERMARTS LIMITED,Regulation 7 (2),,2026-06-05,,,,,,,,,https://nsearchives.nseindia.com/corporate/ixbrl/IT_20260605_185839109_WEB.html,,,,,,,,,,,,,,
DMART,AVENUE SUPERMARTS LIMITED,Regulation 7 (2),,2026-06-05,,,,,,,,,https://nsearchives.nseindia.com/corporate/ixbrl/IT_20260605_185839109_WEB.html,,,,,,,,,,,,,,
DMART,AVENUE SUPERMARTS LIMITED,Regulation 7 (2),,2026-06-05,,,,,,,,,https://nsearchives.nseindia.com/corporate/ixbrl/IT_20260605_185839109_WEB.html,,,,,,,,,,,,,,
DMART,AVENUE SUPERMARTS LIMITED,Regulation 7 (2),,2026-06-05,,,,,,,,,https://nsearchives.nseindia.com/corporate/ixbrl/IT_20260605_185839109_WEB.html,,,,,,,,,,,,,,
GRAVITA,GRAVITA INDIA LIMITED,Regulation 7 (2),,2026-06-05,,,,,,,,,https://nsearchives.nseindia.com/corporate/ixbrl/IT_20260605_181100727_WEB.html,,,,,,,,,,,,,,
AEROENTER,AEROFLEX ENTERPRISES LIMITED,Regulation 7 (2),,2026-06-05,,,,,,,,,https://nsearchives.nseindia.com/corporate/ixbrl/IT_20260605_204514271_WEB.html,,,,,,,,,,,,,,
PAISALO,PAISALO DIGITAL LIMITED,Regulation 7 (2),,2026-06-05,,,,,,,,,https://nsearchives.nseindia.com/corporate/ixbrl/IT_20260605_175734595_WEB.html,,,,,,,,,,,,,,
PAISALO,PAISALO DIGITAL LIMITED,Regulation 7 (2),,2026-06-05,,,,,,,,,https://nsearchives.nseindia.com/corporate/ixbrl/IT_20260605_175734595_WEB.html,,,,,,,,,,,,,,
PAISALO,PAISALO DIGITAL LIMITED,Regulation 7 (2),,2026-06-05,,,,,,,,,https://nsearchives.nseindia.com/corporate/ixbrl/IT_20260605_175734595_WEB.html,,,,,,,,,,,,,,
PAISALO,PAISALO DIGITAL LIMITED,Regulation 7 (2),,2026-06-05,,,,,,,,,https://nsearchives.nseindia.com/corporate/ixbrl/IT_20260605_175734595_WEB.html,,,,,,,,,,,,,,
PNGSREVA,PNGS REVA DIAMOND JEWELLERY LIMITED,Regulation 7 (2),,2026-06-05,,,,,,,,,https://nsearchives.nseindia.com/corporate/ixbrl/IT_20260605_184800764_WEB.html,,,,,,,,,,,,,,
PNGSREVA,PNGS REVA DIAMOND JEWELLERY LIMITED,Regulation 7 (2),,2026-06-05,,,,,,,,,https://nsearchives.nseindia.com/corporate/ixbrl/IT_20260605_184800764_WEB.html,,,,,,,,,,,,,,
HEALTHX,HEALTH X PLATFORM LIMITED,Regulation 7 (2),,2026-06-05,,,,,,,,,https://nsearchives.nseindia.com/corporate/ixbrl/IT_20260605_174448475_WEB.html,,,,,,,,,,,,,,
LAOPALA,LA OPALA RG LIMITED,Regulation 7 (2),,2026-06-05,,,,,,,,,https://nsearchives.nseindia.com/corporate/ixbrl/IT_20260605_170826638_WEB.html,,,,,,,,,,,,,,
MTARTECH,MTAR TECHNOLOGIES LIMITED,Regulation 7 (2),,2026-06-05,,,,,,,,,https://nsearchives.nseindia.com/corporate/ixbrl/IT_20260605_174809768_WEB.html,,,,,,,,,,,,,,
SAHLIBHFI,Shalibhadra Finance Limited,Regulation 7 (2),,2026-06-05,,,,,,,,,https://nsearchives.nseindia.com/corporate/ixbrl/IT_20260605_175953629_WEB.html,,,,,,,,,,,,,,
SAHLIBHFI,Shalibhadra Finance Limited,Regulation 7 (2),,2026-06-05,,,,,,,,,https://nsearchives.nseindia.com/corporate/ixbrl/IT_20260605_174340499_WEB.html,,,,,,,,,,,,,,
REMSONSIND,REMSONS INDUSTRIES LIMITED,Regulation 7 (2),,2026-06-05,,,,,,,,,https://nsearchives.nseindia.com/corporate/ixbrl/IT_20260605_170747012_WEB.html,,,,,,,,,,,,,,
REMSONSIND,REMSONS INDUSTRIES LIMITED,Regulation 7 (2),,2026-06-05,,,,,,,,,https://nsearchives.nseindia.com/corporate/ixbrl/IT_20260605_170747012_WEB.html,,,,,,,,,,,,,,
REMSONSIND,REMSONS INDUSTRIES LIMITED,Regulation 7 (2),,2026-06-05,,,,,,,,,https://nsearchives.nseindia.com/corporate/ixbrl/IT_20260605_170747012_WEB.html,,,,,,,,,,,,,,
REMSONSIND,REMSONS INDUSTRIES LIMITED,Regulation 7 (2),,2026-06-05,,,,,,,,,https://nsearchives.nseindia.com/corporate/ixbrl/IT_20260605_170747012_WEB.html,,,,,,,,,,,,,,
REMSONSIND,REMSONS INDUSTRIES LIMITED,Regulation 7 (2),,2026-06-05,,,,,,,,,https://nsearchives.nseindia.com/corporate/ixbrl/IT_20260605_170747012_WEB.html,,,,,,,,,,,,,,
QUESS,Quess Corp Limited,Regulation 7 (2),,2026-06-05,,,,,,,,,https://nsearchives.nseindia.com/corporate/ixbrl/IT_20260605_182142552_WEB.html,,,,,,,,,,,,,,
QUESS,Quess Corp Limited,Regulation 7 (2),,2026-06-05,,,,,,,,,https://nsearchives.nseindia.com/corporate/ixbrl/IT_20260605_182142552_WEB.html,,,,,,,,,,,,,,
QUESS,Quess Corp Limited,Regulation 7 (2),,2026-06-05,,,,,,,,,https://nsearchives.nseindia.com/corporate/ixbrl/IT_20260605_182142552_WEB.html,,,,,,,,,,,,,,
QUESS,Quess Corp Limited,Regulation 7 (2),,2026-06-05,,,,,,,,,https://nsearchives.nseindia.com/corporate/ixbrl/IT_20260605_182142552_WEB.html,,,,,,,,,,,,,,
CENTUM,CENTUM ELECTRONICS LIMITED,Regulation 7 (2),,2026-06-05,,,,,,,,,https://nsearchives.nseindia.com/corporate/ixbrl/IT_20260605_165750524_WEB.html,,,,,,,,,,,,,,
AQYLON,AQYLON NEXUS LIMITED,Regulation 7 (2),,2026-06-05,,,,,,,,,https://nsearchives.nseindia.com/corporate/ixbrl/IT_20260605_164758403_WEB.html,,,,,,,,,,,,,,
ECLERX,eClerx Services Ltd,Regulation 7 (2),,2026-06-05,,,,,,,,,https://nsearchives.nseindia.com/corporate/ixbrl/IT_20260605_164248732_WEB.html,,,,,,,,,,,,,,
ECLERX,eClerx Services Ltd,Regulation 7 (2),,2026-06-05,,,,,,,,,https://nsearchives.nseindia.com/corporate/ixbrl/IT_20260605_164248732_WEB.html,,,,,,,,,,,,,,
ECLERX,eClerx Services Ltd,Regulation 7 (2),,2026-06-05,,,,,,,,,https://nsearchives.nseindia.com/corporate/ixbrl/IT_20260605_164248732_WEB.html,,,,,,,,,,,,,,
SHAILY,Shaily Engineering Plastics Limited,Regulation 7 (2),,2026-06-05,,,,,,,,,https://nsearchives.nseindia.com/corporate/ixbrl/IT_20260605_163312348_WEB.html,,,,,,,,,,,,,,
SHAILY,Shaily Engineering Plastics Limited,Regulation 7 (2),,2026-06-05,,,,,,,,,https://nsearchives.nseindia.com/corporate/ixbrl/IT_20260605_163312348_WEB.html,,,,,,,,,,,,,,
MOTOGENFIN,THE MOTOR & GENERAL FINANCE LIMITED,Regulation 7 (2),,2026-06-05,,,,,,,,,https://nsearchives.nseindia.com/corporate/ixbrl/IT_20260605_160321467_WEB.html,,,,,,,,,,,,,,
AIAENG,AIA Engineering Limited,Regulation 7 (2),,2026-06-05,,,,,,,,,https://nsearchives.nseindia.com/corporate/ixbrl/IT_20260605_154812875_WEB.html,,,,,,,,,,,,,,
AIAENG,AIA Engineering Limited,Regulation 7 (2),,2026-06-05,,,,,,,,,https://nsearchives.nseindia.com/corporate/ixbrl/IT_20260605_154812875_WEB.html,,,,,,,,,,,,,,
AIAENG,AIA Engineering Limited,Regulation 7 (2),,2026-06-05,,,,,,,,,https://nsearchives.nseindia.com/corporate/ixbrl/IT_20260605_154812875_WEB.html,,,,,,,,,,,,,,
NIITLTD,NIIT Limited,Regulation 7 (2),,2026-06-05,,,,,,,,,https://nsearchives.nseindia.com/corporate/ixbrl/IT_20260605_155928784_WEB.html,,,,,,,,,,,,,,
NIITLTD,NIIT Limited,Regulation 7 (2),,2026-06-05,,,,,,,,,https://nsearchives.nseindia.com/corporate/ixbrl/IT_20260605_155928784_WEB.html,,,,,,,,,,,,,,
AIAENG,AIA Engineering Limited,Regulation 7 (3),,2026-06-05,,,,,,,,,https://nsearchives.nseindia.com/corporate/ixbrl/IT_20260605_154807848_WEB.html,,,,,,,,,,,,,,
PARSVNATH,PARSVNATH DEVELOPERS LIMITED,Regulation 7 (2),,2026-06-05,,,,,,,,,https://nsearchives.nseindia.com/corporate/ixbrl/IT_20260605_130456990_WEB.html,,,,,,,,,,,,,,
PARSVNATH,PARSVNATH DEVELOPERS LIMITED,Regulation 7 (2),,2026-06-05,,,,,,,,,https://nsearchives.nseindia.com/corporate/ixbrl/IT_20260605_130456990_WEB.html,,,,,,,,,,,,,,
UTLSOLAR,Fujiyama Power Systems Limited,Regulation 7 (2),,2026-06-05,,,,,,,,,https://nsearchives.nseindia.com/corporate/ixbrl/IT_20260605_152912801_WEB.html,,,,,,,,,,,,,,
UTLSOLAR,Fujiyama Power Systems Limited,Regulation 7 (2),,2026-06-05,,,,,,,,,https://nsearchives.nseindia.com/corporate/ixbrl/IT_20260605_152912801_WEB.html,,,,,,,,,,,,,,
UTLSOLAR,Fujiyama Power Systems Limited,Regulation 7 (2),,2026-06-05,,,,,,,,,https://nsearchives.nseindia.com/corporate/ixbrl/IT_20260605_152912801_WEB.html,,,,,,,,,,,,,,
UTLSOLAR,Fujiyama Power Systems Limited,Regulation 7 (2),,2026-06-05,,,,,,,,,https://nsearchives.nseindia.com/corporate/ixbrl/IT_20260605_152912801_WEB.html,,,,,,,,,,,,,,
UTLSOLAR,Fujiyama Power Systems Limited,Regulation 7 (2),,2026-06-05,,,,,,,,,https://nsearchives.nseindia.com/corporate/ixbrl/IT_20260605_152912801_WEB.html,,,,,,,,,,,,,,
KPITTECH,KPIT TECHNOLOGIES LIMITED,Regulation 7 (2),,2026-06-05,,,,,,,,,https://nsearchives.nseindia.com/corporate/ixbrl/IT_20260605_152108536_WEB.html,,,,,,,,,,,,,,
HCG,Healthcare Global Enterprises Limited,Regulation 7 (2),,2026-06-05,,,,,,,,,https://nsearchives.nseindia.com/corporate/ixbrl/IT_20260605_155210263_WEB.html,,,,,,,,,,,,,,
LINC,LINC LIMITED,Regulation 7 (2),,2026-06-05,,,,,,,,,https://nsearchives.nseindia.com/corporate/ixbrl/IT_20260605_152054606_WEB.html,,,,,,,,,,,,,,
LINC,LINC LIMITED,Regulation 7 (2),,2026-06-05,,,,,,,,,https://nsearchives.nseindia.com/corporate/ixbrl/IT_20260605_152054606_WEB.html,,,,,,,,,,,,,,
SUNDROP,SUNDROP BRANDS LIMITED,Regulation 7 (2),,2026-06-05,,,,,,,,,https://nsearchives.nseindia.com/corporate/ixbrl/IT_20260605_120250628_WEB.html,,,,,,,,,,,,,,
TAINWALCHM,TAINWALA CHEMICALS AND PLASTICS (INDIA) LIMITED,Regulation 7 (2),,2026-06-05,,,,,,,,,https://nsearchives.nseindia.com/corporate/ixbrl/IT_20260605_112346579_WEB.html,,,,,,,,,,,,,,
TAINWALCHM,TAINWALA CHEMICALS AND PLASTICS (INDIA) LIMITED,Regulation 7 (2),,2026-06-05,,,,,,,,,https://nsearchives.nseindia.com/corporate/ixbrl/IT_20260605_112346579_WEB.html,,,,,,,,,,,,,,
NCLIND,NCL INDUSTRIES LIMITED,Regulation 7 (2),,2026-06-05,,,,,,,,,https://nsearchives.nseindia.com/corporate/ixbrl/IT_20260605_123315120_WEB.html,,,,,,,,,,,,,,
NCLIND,NCL INDUSTRIES LIMITED,Regulation 7 (2),,2026-06-05,,,,,,,,,https://nsearchives.nseindia.com/corporate/ixbrl/IT_20260605_123722114_WEB.html,,,,,,,,,,,,,,
AJANTPHARM,Ajanta Pharma Limited,Regulation 7 (2),,2026-06-05,,,,,,,,,https://nsearchives.nseindia.com/corporate/ixbrl/IT_20260605_111414787_WEB.html,,,,,,,,,,,,,,
AJANTPHARM,Ajanta Pharma Limited,Regulation 7 (2),,2026-06-05,,,,,,,,,https://nsearchives.nseindia.com/corporate/ixbrl/IT_20260605_111414787_WEB.html,,,,,,,,,,,,,,
NHPC,NHPC Limited,Regulation 7 (2),,2026-06-05,,,,,,,,,https://nsearchives.nseindia.com/corporate/ixbrl/IT_20260605_112106534_WEB.html,,,,,,,,,,,,,,
AURUM,Aurum PropTech Limited,Regulation 7 (2),,2026-06-05,,,,,,,,,https://nsearchives.nseindia.com/corporate/ixbrl/IT_20260605_104818873_WEB.html,,,,,,,,,,,,,,
NAUKRI,Info Edge (India) Limited,Regulation 7 (2),,2026-06-05,,,,,,,,,https://nsearchives.nseindia.com/corporate/ixbrl/IT_20260605_111115032_WEB.html,,,,,,,,,,,,,,
SCPL,Sheetal Cool Products Limited,Regulation 7 (2),,2026-06-04,,,,,,,,,https://nsearchives.nseindia.com/corporate/ixbrl/IT_20260604_194208748_WEB.html,,,,,,,,,,,,,,
NCC,NCC LIMITED,Regulation 7 (2),,2026-06-05,,,,,,,,,https://nsearchives.nseindia.com/corporate/ixbrl/IT_20260605_105556629_WEB.html,,,,,,,,,,,,,,
JSWENERGY,JSW Energy Limited,Regulation 7 (2),,2026-06-04,,,,,,,,,https://nsearchives.nseindia.com/corporate/ixbrl/IT_20260604_194757276_WEB.html,,,,,,,,,,,,,,
JSWENERGY,JSW Energy Limited,Regulation 7 (2),,2026-06-04,,,,,,,,,https://nsearchives.nseindia.com/corporate/ixbrl/IT_20260604_194757276_WEB.html,,,,,,,,,,,,,,
JSWENERGY,JSW Energy Limited,Regulation 7 (2),,2026-06-04,,,,,,,,,https://nsearchives.nseindia.com/corporate/ixbrl/IT_20260604_194757276_WEB.html,,,,,,,,,,,,,,
BAJFINANCE,BAJAJ FINANCE LIMITED,Regulation 7 (2),,2026-06-04,,,,,,,,,https://nsearchives.nseindia.com/corporate/ixbrl/IT_20260604_200430668_WEB.html,,,,,,,,,,,,,,
UNIECOM,Unicommerce eSolution Limited,Regulation 7 (2),,2026-06-04,,,,,,,,,https://nsearchives.nseindia.com/corporate/ixbrl/IT_20260604_192728503_WEB.html,,,,,,,,,,,,,,
UNIECOM,Unicommerce eSolution Limited,Regulation 7 (2),,2026-06-04,,,,,,,,,https://nsearchives.nseindia.com/corporate/ixbrl/IT_20260604_192728503_WEB.html,,,,,,,,,,,,,,
SCPL,Sheetal Cool Products Limited,Regulation 7 (2),,2026-06-04,,,,,,,,,https://nsearchives.nseindia.com/corporate/ixbrl/IT_20260604_192416488_WEB.html,,,,,,,,,,,,,,
LANDMARK,Landmark Cars Limited,Regulation 7 (2),,2026-06-04,,,,,,,,,https://nsearchives.nseindia.com/corporate/ixbrl/IT_20260604_183730539_WEB.html,,,,,,,,,,,,,,
AJMERA,AJMERA REALTY & INFRA INDIA LIMITED,Regulation 7 (2),,2026-06-04,,,,,,,,,https://nsearchives.nseindia.com/corporate/ixbrl/IT_20260604_191649470_WEB.html,,,,,,,,,,,,,,
AJMERA,AJMERA REALTY & INFRA INDIA LIMITED,Regulation 7 (2),,2026-06-04,,,,,,,,,https://nsearchives.nseindia.com/corporate/ixbrl/IT_20260604_191649470_WEB.html,,,,,,,,,,,,,,
AJMERA,AJMERA REALTY & INFRA INDIA LIMITED,Regulation 7 (2),,2026-06-04,,,,,,,,,https://nsearchives.nseindia.com/corporate/ixbrl/IT_20260604_191649470_WEB.html,,,,,,,,,,,,,,
AJMERA,AJMERA REALTY & INFRA INDIA LIMITED,Regulation 7 (2),,2026-06-04,,,,,,,,,https://nsearchives.nseindia.com/corporate/ixbrl/IT_20260604_191649470_WEB.html,,,,,,,,,,,,,,
GEMAROMA,Gem Aromatics Limited,Regulation 7 (2),,2026-06-04,,,,,,,,,https://nsearchives.nseindia.com/corporate/ixbrl/IT_20260604_180434521_WEB.html,,,,,,,,,,,,,,
MACPOWER,MACPOWER CNC MACHINES LIMITED,Regulation 7 (2),,2026-06-04,,,,,,,,,https://nsearchives.nseindia.com/corporate/ixbrl/IT_20260604_180423375_WEB.html,,,,,,,,,,,,,,
GLAND,GLAND PHARMA LIMITED,Regulation 7 (2),,2026-06-04,,,,,,,,,https://nsearchives.nseindia.com/corporate/ixbrl/IT_20260604_173558470_WEB.html,,,,,,,,,,,,,,
STEL,STEL HOLDINGS LIMITED,Regulation 7 (2),,2026-06-04,,,,,,,,,https://nsearchives.nseindia.com/corporate/ixbrl/IT_20260604_173300329_WEB.html,,,,,,,,,,,,,,
STEL,STEL HOLDINGS LIMITED,Regulation 7 (2),,2026-06-04,,,,,,,,,https://nsearchives.nseindia.com/corporate/ixbrl/IT_20260604_173300329_WEB.html,,,,,,,,,,,,,,
STEL,STEL HOLDINGS LIMITED,Regulation 7 (2),,2026-06-04,,,,,,,,,https://nsearchives.nseindia.com/corporate/ixbrl/IT_20260604_173300329_WEB.html,,,,,,,,,,,,,,
STEL,STEL HOLDINGS LIMITED,Regulation 7 (2),,2026-06-04,,,,,,,,,https://nsearchives.nseindia.com/corporate/ixbrl/IT_20260604_173300329_WEB.html,,,,,,,,,,,,,,
ANNAPURNA,ANNAPURNA SWADISHT LIMITED,Regulation 7 (2),,2026-06-04,,,,,,,,,https://nsearchives.nseindia.com/corporate/ixbrl/IT_20260604_184753921_WEB.html,,,,,,,,,,,,,,
PAISALO,PAISALO DIGITAL LIMITED,Regulation 7 (2),,2026-06-04,,,,,,,,,https://nsearchives.nseindia.com/corporate/ixbrl/IT_20260604_172950510_WEB.html,,,,,,,,,,,,,,
PAISALO,PAISALO DIGITAL LIMITED,Regulation 7 (2),,2026-06-04,,,,,,,,,https://nsearchives.nseindia.com/corporate/ixbrl/IT_20260604_172950510_WEB.html,,,,,,,,,,,,,,
PAISALO,PAISALO DIGITAL LIMITED,Regulation 7 (2),,2026-06-04,,,,,,,,,https://nsearchives.nseindia.com/corporate/ixbrl/IT_20260604_172950510_WEB.html,,,,,,,,,,,,,,
BAJAJELEC,Bajaj Electricals Limited,Regulation 7 (2),,2026-02-04,,,,,,,,,https://nsearchives.nseindia.com/corporate/ixbrl/IT_20260604_170116324_WEB.html,,,,,,,,,,,,,,
BAJAJELEC,Bajaj Electricals Limited,Regulation 7 (2),,2026-02-04,,,,,,,,,https://nsearchives.nseindia.com/corporate/ixbrl/IT_20260604_170116324_WEB.html,,,,,,,,,,,,,,
BAJAJELEC,Bajaj Electricals Limited,Regulation 7 (2),,2026-02-04,,,,,,,,,https://nsearchives.nseindia.com/corporate/ixbrl/IT_20260604_170116324_WEB.html,,,,,,,,,,,,,,
BAJAJELEC,Bajaj Electricals Limited,Regulation 7 (2),,2026-02-04,,,,,,,,,https://nsearchives.nseindia.com/corporate/ixbrl/IT_20260604_170116324_WEB.html,,,,,,,,,,,,,,
BAJAJELEC,Bajaj Electricals Limited,Regulation 7 (2),,2026-02-04,,,,,,,,,https://nsearchives.nseindia.com/corporate/ixbrl/IT_20260604_170116324_WEB.html,,,,,,,,,,,,,,
BAJAJELEC,Bajaj Electricals Limited,Regulation 7 (2),,2026-02-04,,,,,,,,,https://nsearchives.nseindia.com/corporate/ixbrl/IT_20260604_170116324_WEB.html,,,,,,,,,,,,,,
BAJAJELEC,Bajaj Electricals Limited,Regulation 7 (2),,2026-02-04,,,,,,,,,https://nsearchives.nseindia.com/corporate/ixbrl/IT_20260604_170116324_WEB.html,,,,,,,,,,,,,,
STEL,STEL HOLDINGS LIMITED,Regulation 7 (2),,2026-06-04,,,,,,,,,https://nsearchives.nseindia.com/corporate/ixbrl/IT_20260604_173437095_WEB.html,,,,,,,,,,,,,,
STEL,STEL HOLDINGS LIMITED,Regulation 7 (2),,2026-06-04,,,,,,,,,https://nsearchives.nseindia.com/corporate/ixbrl/IT_20260604_173437095_WEB.html,,,,,,,,,,,,,,
STEL,STEL HOLDINGS LIMITED,Regulation 7 (2),,2026-06-04,,,,,,,,,https://nsearchives.nseindia.com/corporate/ixbrl/IT_20260604_173437095_WEB.html,,,,,,,,,,,,,,
STEL,STEL HOLDINGS LIMITED,Regulation 7 (2),,2026-06-04,,,,,,,,,https://nsearchives.nseindia.com/corporate/ixbrl/IT_20260604_173437095_WEB.html,,,,,,,,,,,,,,
NGLFINE,NGL FINE-CHEM LIMITED,Regulation 7 (2),,2026-06-03,,,,,,,,,https://nsearchives.nseindia.com/corporate/ixbrl/IT_20260604_163257746_WEB.html,,,,,,,,,,,,,,
MGEL,MANGALAM GLOBAL ENTERPRISE LIMITED,Regulation 7 (2),,2026-06-03,,,,,,,,,https://nsearchives.nseindia.com/corporate/ixbrl/IT_20260604_170604972_WEB.html,,,,,,,,,,,,,,
MGEL,MANGALAM GLOBAL ENTERPRISE LIMITED,Regulation 7 (2),,2026-06-03,,,,,,,,,https://nsearchives.nseindia.com/corporate/ixbrl/IT_20260604_170604972_WEB.html,,,,,,,,,,,,,,
VETO,VETO SWITCHGEARS AND CABLES LIMITED,Regulation 7 (2),,2026-06-04,,,,,,,,,https://nsearchives.nseindia.com/corporate/ixbrl/IT_20260604_162816285_WEB.html,,,,,,,,,,,,,,
VETO,VETO SWITCHGEARS AND CABLES LIMITED,Regulation 7 (2),,2026-06-04,,,,,,,,,https://nsearchives.nseindia.com/corporate/ixbrl/IT_20260604_162816285_WEB.html,,,,,,,,,,,,,,
MOTOGENFIN,THE MOTOR & GENERAL FINANCE LIMITED,Regulation 7 (2),,2026-06-04,,,,,,,,,https://nsearchives.nseindia.com/corporate/ixbrl/IT_20260604_155934585_WEB.html,,,,,,,,,,,,,,
MGEL,MANGALAM GLOBAL ENTERPRISE LIMITED,Regulation 7 (2),,2026-06-03,,,,,,,,,https://nsearchives.nseindia.com/corporate/ixbrl/IT_20260604_171240914_WEB.html,,,,,,,,,,,,,,
MGEL,MANGALAM GLOBAL ENTERPRISE LIMITED,Regulation 7 (2),,2026-06-03,,,,,,,,,https://nsearchives.nseindia.com/corporate/ixbrl/IT_20260604_171240914_WEB.html,,,,,,,,,,,,,,
DIAMONDYD,Prataap Snacks Limited,Regulation 7 (2),,2026-06-04,,,,,,,,,https://nsearchives.nseindia.com/corporate/ixbrl/IT_20260604_154326624_WEB.html,,,,,,,,,,,,,,
VETO,VETO SWITCHGEARS AND CABLES LIMITED,Regulation 7 (2),,2026-06-04,,,,,,,,,https://nsearchives.nseindia.com/corporate/ixbrl/IT_20260604_162609383_WEB.html,,,,,,,,,,,,,,
VETO,VETO SWITCHGEARS AND CABLES LIMITED,Regulation 7 (2),,2026-06-04,,,,,,,,,https://nsearchives.nseindia.com/corporate/ixbrl/IT_20260604_162609383_WEB.html,,,,,,,,,,,,,,
KPITTECH,KPIT TECHNOLOGIES LIMITED,Regulation 7 (2),,2026-06-04,,,,,,,,,https://nsearchives.nseindia.com/corporate/ixbrl/IT_20260604_152118598_WEB.html,,,,,,,,,,,,,,
DIAMONDYD,Prataap Snacks Limited,Regulation 7 (2),,2026-06-04,,,,,,,,,https://nsearchives.nseindia.com/corporate/ixbrl/IT_20260604_154200515_WEB.html,,,,,,,,,,,,,,
KCP,KCP LIMITED,Regulation 7 (2),,2026-06-04,,,,,,,,,https://nsearchives.nseindia.com/corporate/ixbrl/IT_20260604_151640440_WEB.html,,,,,,,,,,,,,,
SINCLAIR,SINCLAIRS HOTELS LIMITED,Regulation 7 (2),,2026-06-04,,,,,,,,,https://nsearchives.nseindia.com/corporate/ixbrl/IT_20260604_144320850_WEB.html,,,,,,,,,,,,,,
JARO,JARO INSTITUTE OF TECHNOLOGY MANAGEMENT AND RESEARCH LIMITED,Regulation 7 (2),,2026-06-04,,,,,,,,,https://nsearchives.nseindia.com/corporate/ixbrl/IT_20260604_141044617_WEB.html,,,,,,,,,,,,,,
KCP,KCP LIMITED,Regulation 7 (2),,2026-06-04,,,,,,,,,https://nsearchives.nseindia.com/corporate/ixbrl/IT_20260604_144840837_WEB.html,,,,,,,,,,,,,,
NAVA,NAVA LIMITED,Regulation 7 (2),,2026-06-04,,,,,,,,,https://nsearchives.nseindia.com/corporate/ixbrl/IT_20260604_131247074_WEB.html,,,,,,,,,,,,,,
SHIVALIK,Shivalik Rasayan Limited,Regulation 7 (3),,2026-06-04,,,,,,,,,https://nsearchives.nseindia.com/corporate/ixbrl/IT_20260604_131306791_WEB.html,,,,,,,,,,,,,,
SHIVALIK,Shivalik Rasayan Limited,Regulation 7 (3),,2026-06-04,,,,,,,,,https://nsearchives.nseindia.com/corporate/ixbrl/IT_20260604_125500800_WEB.html,,,,,,,,,,,,,,
RPTECH,Rashi Peripherals Limited,Regulation 7 (2),,2026-06-04,,,,,,,,,https://nsearchives.nseindia.com/corporate/ixbrl/IT_20260604_130546003_WEB.html,,,,,,,,,,,,,,
SENCO,SENCO GOLD LIMITED,Regulation 7 (2),,2026-06-04,,,,,,,,,https://nsearchives.nseindia.com/corporate/ixbrl/IT_20260604_124842322_WEB.html,,,,,,,,,,,,,,
GEMAROMA,Gem Aromatics Limited,Regulation 7 (2),,2026-06-04,,,,,,,,,https://nsearchives.nseindia.com/corporate/ixbrl/IT_20260604_123410605_WEB.html,,,,,,,,,,,,,,
VASCONEQ,VASCON ENGINEERS LIMITED,Regulation 7 (2),,2026-06-04,,,,,,,,,https://nsearchives.nseindia.com/corporate/ixbrl/IT_20260604_125542145_WEB.html,,,,,,,,,,,,,,
VASCONEQ,VASCON ENGINEERS LIMITED,Regulation 7 (2),,2026-06-04,,,,,,,,,https://nsearchives.nseindia.com/corporate/ixbrl/IT_20260604_125542145_WEB.html,,,,,,,,,,,,,,
RPTECH,Rashi Peripherals Limited,Regulation 7 (2),,2026-06-04,,,,,,,,,https://nsearchives.nseindia.com/corporate/ixbrl/IT_20260604_124832568_WEB.html,,,,,,,,,,,,,,
GANESHCP,Ganesh Consumer Products Limited,Regulation 7 (2),,2026-06-04,,,,,,,,,https://nsearchives.nseindia.com/corporate/ixbrl/IT_20260604_113306991_WEB.html,,,,,,,,,,,,,,
GANESHCP,Ganesh Consumer Products Limited,Regulation 7 (2),,2026-06-04,,,,,,,,,https://nsearchives.nseindia.com/corporate/ixbrl/IT_20260604_113306991_WEB.html,,,,,,,,,,,,,,
AURUM,Aurum PropTech Limited,Regulation 7 (2),,2026-06-04,,,,,,,,,https://nsearchives.nseindia.com/corporate/ixbrl/IT_20260604_104436607_WEB.html,,,,,,,,,,,,,,
SHRIRAMPPS,Shriram Properties Limited,Regulation 7 (2),,2026-06-04,,,,,,,,,https://nsearchives.nseindia.com/corporate/ixbrl/IT_20260604_111802764_WEB.html,,,,,,,,,,,,,,
CONFIPET,CONFIDENCE PETROLEUM INDIA LIMITED,Regulation 7 (2),,2026-06-04,,,,,,,,,https://nsearchives.nseindia.com/corporate/ixbrl/IT_20260604_104102634_WEB.html,,,,,,,,,,,,,,
SINCLAIR,SINCLAIRS HOTELS LIMITED,Regulation 7 (2),,2026-06-04,,,,,,,,,https://nsearchives.nseindia.com/corporate/ixbrl/IT_20260604_151225139_WEB.html,,,,,,,,,,,,,,
CONFIPET,CONFIDENCE PETROLEUM INDIA LIMITED,Regulation 7 (2),,2026-06-04,,,,,,,,,https://nsearchives.nseindia.com/corporate/ixbrl/IT_20260604_104247136_WEB.html,,,,,,,,,,,,,,
SASKEN,Sasken Technologies Limited,Regulation 7 (2),,2026-06-03,,,,,,,,,https://nsearchives.nseindia.com/corporate/ixbrl/IT_20260603_232758630_WEB.html,,,,,,,,,,,,,,
SASKEN,Sasken Technologies Limited,Regulation 7 (2),,2026-06-03,,,,,,,,,https://nsearchives.nseindia.com/corporate/ixbrl/IT_20260603_232758630_WEB.html,,,,,,,,,,,,,,
SASKEN,Sasken Technologies Limited,Regulation 7 (2),,2026-06-03,,,,,,,,,https://nsearchives.nseindia.com/corporate/ixbrl/IT_20260603_232758630_WEB.html,,,,,,,,,,,,,,
SASKEN,Sasken Technologies Limited,Regulation 7 (2),,2026-06-03,,,,,,,,,https://nsearchives.nseindia.com/corporate/ixbrl/IT_20260603_232758630_WEB.html,,,,,,,,,,,,,,
SASKEN,Sasken Technologies Limited,Regulation 7 (2),,2026-06-03,,,,,,,,,https://nsearchives.nseindia.com/corporate/ixbrl/IT_20260603_232758630_WEB.html,,,,,,,,,,,,,,
RELTD,Ravindra Energy Limited,Regulation 7 (3),,2026-06-03,,,,,,,,,https://nsearchives.nseindia.com/corporate/ixbrl/IT_20260603_200556554_WEB.html,,,,,,,,,,,,,,
KMEW,Knowledge Marine & Engineering Works Limited,Regulation 7 (2),,2026-06-04,,,,,,,,,https://nsearchives.nseindia.com/corporate/ixbrl/IT_20260604_120542257_WEB.html,,,,,,,,,,,,,,
KMEW,Knowledge Marine & Engineering Works Limited,Regulation 7 (2),,2026-06-04,,,,,,,,,https://nsearchives.nseindia.com/corporate/ixbrl/IT_20260604_120542257_WEB.html,,,,,,,,,,,,,,
KMEW,Knowledge Marine & Engineering Works Limited,Regulation 7 (2),,2026-06-04,,,,,,,,,https://nsearchives.nseindia.com/corporate/ixbrl/IT_20260604_120542257_WEB.html,,,,,,,,,,,,,,
INFY,Infosys Limited,Regulation 7 (2),,2026-06-03,,,,,,,,,https://nsearchives.nseindia.com/corporate/ixbrl/IT_20260603_200332536_WEB.html,,,,,,,,,,,,,,
RANEHOLDIN,RANE HOLDINGS LIMITED,Regulation 7 (2),,2026-06-03,,,,,,,,,https://nsearchives.nseindia.com/corporate/ixbrl/IT_20260603_194615179_WEB.html,,,,,,,,,,,,,,
RANEHOLDIN,RANE HOLDINGS LIMITED,Regulation 7 (2),,2026-06-03,,,,,,,,,https://nsearchives.nseindia.com/corporate/ixbrl/IT_20260603_194615179_WEB.html,,,,,,,,,,,,,,
RANEHOLDIN,RANE HOLDINGS LIMITED,Regulation 7 (2),,2026-06-03,,,,,,,,,https://nsearchives.nseindia.com/corporate/ixbrl/IT_20260603_194615179_WEB.html,,,,,,,,,,,,,,
AMDIND,AMD Industries Limited,Regulation 7 (2),,2026-06-03,,,,,,,,,https://nsearchives.nseindia.com/corporate/ixbrl/IT_20260603_195210985_WEB.html,,,,,,,,,,,,,,
AMDIND,AMD Industries Limited,Regulation 7 (2),,2026-06-03,,,,,,,,,https://nsearchives.nseindia.com/corporate/ixbrl/IT_20260603_195210985_WEB.html,,,,,,,,,,,,,,
PAISALO,PAISALO DIGITAL LIMITED,Regulation 7 (2),,2026-06-03,,,,,,,,,https://nsearchives.nseindia.com/corporate/ixbrl/IT_20260603_183334885_WEB.html,,,,,,,,,,,,,,
PAISALO,PAISALO DIGITAL LIMITED,Regulation 7 (2),,2026-06-03,,,,,,,,,https://nsearchives.nseindia.com/corporate/ixbrl/IT_20260603_183334885_WEB.html,,,,,,,,,,,,,,
PAISALO,PAISALO DIGITAL LIMITED,Regulation 7 (2),,2026-06-03,,,,,,,,,https://nsearchives.nseindia.com/corporate/ixbrl/IT_20260603_183334885_WEB.html,,,,,,,,,,,,,,
AMDIND,AMD Industries Limited,Regulation 7 (2),,2026-06-03,,,,,,,,,https://nsearchives.nseindia.com/corporate/ixbrl/IT_20260603_193716521_WEB.html,,,,,,,,,,,,,,
AMDIND,AMD Industries Limited,Regulation 7 (2),,2026-06-03,,,,,,,,,https://nsearchives.nseindia.com/corporate/ixbrl/IT_20260603_193716521_WEB.html,,,,,,,,,,,,,,
PATINTLOG,Patel Integrated Logistics Limited,Regulation 7 (2),,2026-06-03,,,,,,,,,https://nsearchives.nseindia.com/corporate/ixbrl/IT_20260603_185212512_WEB.html,,,,,,,,,,,,,,
GOCOLORS,GO FASHION (INDIA) LIMITED,Regulation 7 (2),,2026-06-03,,,,,,,,,https://nsearchives.nseindia.com/corporate/ixbrl/IT_20260603_182220531_WEB.html,,,,,,,,,,,,,,
GOCOLORS,GO FASHION (INDIA) LIMITED,Regulation 7 (2),,2026-06-03,,,,,,,,,https://nsearchives.nseindia.com/corporate/ixbrl/IT_20260603_182220531_WEB.html,,,,,,,,,,,,,,
GOCOLORS,GO FASHION (INDIA) LIMITED,Regulation 7 (2),,2026-06-03,,,,,,,,,https://nsearchives.nseindia.com/corporate/ixbrl/IT_20260603_182220531_WEB.html,,,,,,,,,,,,,,
GOCOLORS,GO FASHION (INDIA) LIMITED,Regulation 7 (2),,2026-06-03,,,,,,,,,https://nsearchives.nseindia.com/corporate/ixbrl/IT_20260603_182220531_WEB.html,,,,,,,,,,,,,,
DMART,AVENUE SUPERMARTS LIMITED,Regulation 7 (2),,2026-06-03,,,,,,,,,https://nsearchives.nseindia.com/corporate/ixbrl/IT_20260603_175658506_WEB.html,,,,,,,,,,,,,,
DMART,AVENUE SUPERMARTS LIMITED,Regulation 7 (2),,2026-06-03,,,,,,,,,https://nsearchives.nseindia.com/corporate/ixbrl/IT_20260603_175658506_WEB.html,,,,,,,,,,,,,,
DMART,AVENUE SUPERMARTS LIMITED,Regulation 7 (2),,2026-06-03,,,,,,,,,https://nsearchives.nseindia.com/corporate/ixbrl/IT_20260603_175658506_WEB.html,,,,,,,,,,,,,,
JSWSTEEL,JSW STEEL LIMITED,Regulation 7 (2),,2026-06-03,,,,,,,,,https://nsearchives.nseindia.com/corporate/ixbrl/IT_20260603_182504693_WEB.html,,,,,,,,,,,,,,
JSWSTEEL,JSW STEEL LIMITED,Regulation 7 (2),,2026-06-03,,,,,,,,,https://nsearchives.nseindia.com/corporate/ixbrl/IT_20260603_182504693_WEB.html,,,,,,,,,,,,,,
JSWSTEEL,JSW STEEL LIMITED,Regulation 7 (2),,2026-06-03,,,,,,,,,https://nsearchives.nseindia.com/corporate/ixbrl/IT_20260603_182504693_WEB.html,,,,,,,,,,,,,,
JSWSTEEL,JSW STEEL LIMITED,Regulation 7 (2),,2026-06-03,,,,,,,,,https://nsearchives.nseindia.com/corporate/ixbrl/IT_20260603_182504693_WEB.html,,,,,,,,,,,,,,
JSWSTEEL,JSW STEEL LIMITED,Regulation 7 (2),,2026-06-03,,,,,,,,,https://nsearchives.nseindia.com/corporate/ixbrl/IT_20260603_182504693_WEB.html,,,,,,,,,,,,,,
JSWSTEEL,JSW STEEL LIMITED,Regulation 7 (2),,2026-06-03,,,,,,,,,https://nsearchives.nseindia.com/corporate/ixbrl/IT_20260603_182504693_WEB.html,,,,,,,,,,,,,,
KIRLOSENG,Kirloskar Oil Engines Limited,Regulation 7 (2),,2026-06-03,,,,,,,,,https://nsearchives.nseindia.com/corporate/ixbrl/IT_20260603_171631733_WEB.html,,,,,,,,,,,,,,
RELTD,Ravindra Energy Limited,Regulation 7 (2),,2026-06-03,,,,,,,,,https://nsearchives.nseindia.com/corporate/ixbrl/IT_20260603_182454779_WEB.html,,,,,,,,,,,,,,
PAISALO,PAISALO DIGITAL LIMITED,Regulation 7 (2),,2026-06-03,,,,,,,,,https://nsearchives.nseindia.com/corporate/ixbrl/IT_20260603_175103139_WEB.html,,,,,,,,,,,,,,
PAISALO,PAISALO DIGITAL LIMITED,Regulation 7 (2),,2026-06-03,,,,,,,,,https://nsearchives.nseindia.com/corporate/ixbrl/IT_20260603_175103139_WEB.html,,,,,,,,,,,,,,
PAISALO,PAISALO DIGITAL LIMITED,Regulation 7 (2),,2026-06-03,,,,,,,,,https://nsearchives.nseindia.com/corporate/ixbrl/IT_20260603_175103139_WEB.html,,,,,,,,,,,,,,
NCLIND,NCL INDUSTRIES LIMITED,Regulation 7 (2),,2026-06-03,,,,,,,,,https://nsearchives.nseindia.com/corporate/ixbrl/IT_20260603_165039608_WEB.html,,,,,,,,,,,,,,
ECLERX,eClerx Services Ltd,Regulation 7 (2),,2026-06-03,,,,,,,,,https://nsearchives.nseindia.com/corporate/ixbrl/IT_20260603_172718503_WEB.html,,,,,,,,,,,,,,
ECLERX,eClerx Services Ltd,Regulation 7 (2),,2026-06-03,,,,,,,,,https://nsearchives.nseindia.com/corporate/ixbrl/IT_20260603_172718503_WEB.html,,,,,,,,,,,,,,
ECLERX,eClerx Services Ltd,Regulation 7 (2),,2026-06-03,,,,,,,,,https://nsearchives.nseindia.com/corporate/ixbrl/IT_20260603_172718503_WEB.html,,,,,,,,,,,,,,
ECLERX,eClerx Services Ltd,Regulation 7 (2),,2026-06-03,,,,,,,,,https://nsearchives.nseindia.com/corporate/ixbrl/IT_20260603_172718503_WEB.html,,,,,,,,,,,,,,
STLTECH,STERLITE TECHNOLOGIES LIMITED,Regulation 7 (2),,2026-06-03,,,,,,,,,https://nsearchives.nseindia.com/corporate/ixbrl/IT_20260603_164836475_WEB.html,,,,,,,,,,,,,,
STLTECH,STERLITE TECHNOLOGIES LIMITED,Regulation 7 (2),,2026-06-03,,,,,,,,,https://nsearchives.nseindia.com/corporate/ixbrl/IT_20260603_164836475_WEB.html,,,,,,,,,,,,,,
NIITMTS,NIIT Learning Systems Limited,Regulation 7 (2),,2026-06-03,,,,,,,,,https://nsearchives.nseindia.com/corporate/ixbrl/IT_20260603_164308580_WEB.html,,,,,,,,,,,,,,
NIITMTS,NIIT Learning Systems Limited,Regulation 7 (2),,2026-06-03,,,,,,,,,https://nsearchives.nseindia.com/corporate/ixbrl/IT_20260603_164308580_WEB.html,,,,,,,,,,,,,,
NIITMTS,NIIT Learning Systems Limited,Regulation 7 (2),,2026-06-03,,,,,,,,,https://nsearchives.nseindia.com/corporate/ixbrl/IT_20260603_164308580_WEB.html,,,,,,,,,,,,,,
NIITMTS,NIIT Learning Systems Limited,Regulation 7 (2),,2026-06-03,,,,,,,,,https://nsearchives.nseindia.com/corporate/ixbrl/IT_20260603_164308580_WEB.html,,,,,,,,,,,,,,
AFFLE,Affle 3i Limited,Regulation 7 (2),,2026-06-03,,,,,,,,,https://nsearchives.nseindia.com/corporate/ixbrl/IT_20260603_164633000_WEB.html,,,,,,,,,,,,,,
AURUM,Aurum PropTech Limited,Regulation 7 (2),,2026-06-03,,,,,,,,,https://nsearchives.nseindia.com/corporate/ixbrl/IT_20260603_164125427_WEB.html,,,,,,,,,,,,,,
MOTOGENFIN,THE MOTOR & GENERAL FINANCE LIMITED,Regulation 7 (2),,2026-06-03,,,,,,,,,https://nsearchives.nseindia.com/corporate/ixbrl/IT_20260603_163350626_WEB.html,,,,,,,,,,,,,,
NCLIND,NCL INDUSTRIES LIMITED,Regulation 7 (2),,2026-06-03,,,,,,,,,https://nsearchives.nseindia.com/corporate/ixbrl/IT_20260603_163241116_WEB.html,,,,,,,,,,,,,,
AIAENG,AIA Engineering Limited,Regulation 7 (3),,2026-06-03,,,,,,,,,https://nsearchives.nseindia.com/corporate/ixbrl/IT_20260603_170828526_WEB.html,,,,,,,,,,,,,,
NIITLTD,NIIT Limited,Regulation 7 (2),,2026-06-03,,,,,,,,,https://nsearchives.nseindia.com/corporate/ixbrl/IT_20260603_162954726_WEB.html,,,,,,,,,,,,,,
NIITLTD,NIIT Limited,Regulation 7 (2),,2026-06-03,,,,,,,,,https://nsearchives.nseindia.com/corporate/ixbrl/IT_20260603_162954726_WEB.html,,,,,,,,,,,,,,
NIITLTD,NIIT Limited,Regulation 7 (2),,2026-06-03,,,,,,,,,https://nsearchives.nseindia.com/corporate/ixbrl/IT_20260603_162954726_WEB.html,,,,,,,,,,,,,,
UGARSUGAR,THE UGAR SUGAR WORKS LTD,Regulation 7 (2),,2026-06-03,,,,,,,,,https://nsearchives.nseindia.com/corporate/ixbrl/IT_20260603_155118549_WEB.html,,,,,,,,,,,,,,
LINC,LINC LIMITED,Regulation 7 (2),,2026-06-03,,,,,,,,,https://nsearchives.nseindia.com/corporate/ixbrl/IT_20260603_160642868_WEB.html,,,,,,,,,,,,,,
LINC,LINC LIMITED,Regulation 7 (2),,2026-06-03,,,,,,,,,https://nsearchives.nseindia.com/corporate/ixbrl/IT_20260603_160642868_WEB.html,,,,,,,,,,,,,,
NAUKRI,Info Edge (India) Limited,Regulation 7 (2),,2026-06-03,,,,,,,,,https://nsearchives.nseindia.com/corporate/ixbrl/IT_20260603_153804571_WEB.html,,,,,,,,,,,,,,
WIPRO,WIPRO LIMITED,Regulation 7 (2),,2026-06-03,,,,,,,,,https://nsearchives.nseindia.com/corporate/ixbrl/IT_20260603_160650642_WEB.html,,,,,,,,,,,,,,
LAOPALA,LA OPALA RG LIMITED,Regulation 7 (2),,2026-06-03,,,,,,,,,https://nsearchives.nseindia.com/corporate/ixbrl/IT_20260603_150442603_WEB.html,,,,,,,,,,,,,,
DAMODARIND,DAMODAR INDUSTRIES LIMITED,Regulation 7 (2),,2026-06-03,,,,,,,,,https://nsearchives.nseindia.com/corporate/ixbrl/IT_20260603_124304068_WEB.html,,,,,,,,,,,,,,
DAMODARIND,DAMODAR INDUSTRIES LIMITED,Regulation 7 (2),,2026-06-03,,,,,,,,,https://nsearchives.nseindia.com/corporate/ixbrl/IT_20260603_124304068_WEB.html,,,,,,,,,,,,,,
JASH,JASH ENGINEERING LIMITED,Regulation 7 (2),,2026-06-03,,,,,,,,,https://nsearchives.nseindia.com/corporate/ixbrl/IT_20260603_114705893_WEB.html,,,,,,,,,,,,,,
JINDALSAW,Jindal Saw Limited,Regulation 7 (2),,2026-06-03,,,,,,,,,https://nsearchives.nseindia.com/corporate/ixbrl/IT_20260603_152312626_WEB.html,,,,,,,,,,,,,,
KMEW,Knowledge Marine & Engineering Works Limited,Regulation 7 (2),,2026-06-03,,,,,,,,,https://nsearchives.nseindia.com/corporate/ixbrl/IT_20260603_123618729_WEB.html,,,,,,,,,,,,,,
KMEW,Knowledge Marine & Engineering Works Limited,Regulation 7 (2),,2026-06-03,,,,,,,,,https://nsearchives.nseindia.com/corporate/ixbrl/IT_20260603_123618729_WEB.html,,,,,,,,,,,,,,
KMEW,Knowledge Marine & Engineering Works Limited,Regulation 7 (2),,2026-06-03,,,,,,,,,https://nsearchives.nseindia.com/corporate/ixbrl/IT_20260603_123618729_WEB.html,,,,,,,,,,,,,,
BECTORFOOD,Mrs. Bectors Food Specialities Limited,Regulation 7 (2),,2026-06-03,,,,,,,,,https://nsearchives.nseindia.com/corporate/ixbrl/IT_20260603_110410658_WEB.html,,,,,,,,,,,,,,
KDDL,KDDL LIMITED,Regulation 7 (2),,2026-06-02,,,,,,,,,https://nsearchives.nseindia.com/corporate/ixbrl/IT_20260603_055350780_WEB.html,,,,,,,,,,,,,,
AURUM,Aurum PropTech Limited,Regulation 7 (2),,2026-06-03,,,,,,,,,https://nsearchives.nseindia.com/corporate/ixbrl/IT_20260603_102534548_WEB.html,,,,,,,,,,,,,,
SASKEN,Sasken Technologies Limited,Regulation 7 (2),,2026-06-02,,,,,,,,,https://nsearchives.nseindia.com/corporate/ixbrl/IT_20260602_234404704_WEB.html,,,,,,,,,,,,,,
SASKEN,Sasken Technologies Limited,Regulation 7 (2),,2026-06-02,,,,,,,,,https://nsearchives.nseindia.com/corporate/ixbrl/IT_20260602_234404704_WEB.html,,,,,,,,,,,,,,
SASKEN,Sasken Technologies Limited,Regulation 7 (2),,2026-06-02,,,,,,,,,https://nsearchives.nseindia.com/corporate/ixbrl/IT_20260602_234404704_WEB.html,,,,,,,,,,,,,,
SASKEN,Sasken Technologies Limited,Regulation 7 (2),,2026-06-02,,,,,,,,,https://nsearchives.nseindia.com/corporate/ixbrl/IT_20260602_234404704_WEB.html,,,,,,,,,,,,,,
SASKEN,Sasken Technologies Limited,Regulation 7 (2),,2026-06-02,,,,,,,,,https://nsearchives.nseindia.com/corporate/ixbrl/IT_20260602_234404704_WEB.html,,,,,,,,,,,,,,
SASKEN,Sasken Technologies Limited,Regulation 7 (2),,2026-06-02,,,,,,,,,https://nsearchives.nseindia.com/corporate/ixbrl/IT_20260602_234404704_WEB.html,,,,,,,,,,,,,,
SASKEN,Sasken Technologies Limited,Regulation 7 (2),,2026-06-02,,,,,,,,,https://nsearchives.nseindia.com/corporate/ixbrl/IT_20260602_234404704_WEB.html,,,,,,,,,,,,,,
SASKEN,Sasken Technologies Limited,Regulation 7 (2),,2026-06-02,,,,,,,,,https://nsearchives.nseindia.com/corporate/ixbrl/IT_20260602_234404704_WEB.html,,,,,,,,,,,,,,
SASKEN,Sasken Technologies Limited,Regulation 7 (2),,2026-06-02,,,,,,,,,https://nsearchives.nseindia.com/corporate/ixbrl/IT_20260602_234404704_WEB.html,,,,,,,,,,,,,,
LANDMARK,Landmark Cars Limited,Regulation 7 (2),,2026-06-02,,,,,,,,,https://nsearchives.nseindia.com/corporate/ixbrl/IT_20260602_182302681_WEB.html,,,,,,,,,,,,,,
KDDL,KDDL LIMITED,Regulation 7 (2),,2026-06-02,,,,,,,,,https://nsearchives.nseindia.com/corporate/ixbrl/IT_20260603_060301809_WEB.html,,,,,,,,,,,,,,
DIVISLAB,Divi's Laboratories Limited,Regulation 7 (2),,2026-06-03,,,,,,,,,https://nsearchives.nseindia.com/corporate/ixbrl/IT_20260603_120313726_WEB.html,,,,,,,,,,,,,,
LANDMARK,Landmark Cars Limited,Regulation 7 (2),,2026-06-02,,,,,,,,,https://nsearchives.nseindia.com/corporate/ixbrl/IT_20260602_182117193_WEB.html,,,,,,,,,,,,,,
SHAILY,Shaily Engineering Plastics Limited,Regulation 7 (2),,2026-06-02,,,,,,,,,https://nsearchives.nseindia.com/corporate/ixbrl/IT_20260602_224755337_WEB.html,,,,,,,,,,,,,,
SHAILY,Shaily Engineering Plastics Limited,Regulation 7 (2),,2026-06-02,,,,,,,,,https://nsearchives.nseindia.com/corporate/ixbrl/IT_20260602_224755337_WEB.html,,,,,,,,,,,,,,
SHAILY,Shaily Engineering Plastics Limited,Regulation 7 (2),,2026-06-02,,,,,,,,,https://nsearchives.nseindia.com/corporate/ixbrl/IT_20260602_224755337_WEB.html,,,,,,,,,,,,,,
SHAILY,Shaily Engineering Plastics Limited,Regulation 7 (2),,2026-06-02,,,,,,,,,https://nsearchives.nseindia.com/corporate/ixbrl/IT_20260602_224755337_WEB.html,,,,,,,,,,,,,,
SHAILY,Shaily Engineering Plastics Limited,Regulation 7 (2),,2026-06-02,,,,,,,,,https://nsearchives.nseindia.com/corporate/ixbrl/IT_20260602_224755337_WEB.html,,,,,,,,,,,,,,
SHAILY,Shaily Engineering Plastics Limited,Regulation 7 (2),,2026-06-02,,,,,,,,,https://nsearchives.nseindia.com/corporate/ixbrl/IT_20260602_224755337_WEB.html,,,,,,,,,,,,,,
SHAILY,Shaily Engineering Plastics Limited,Regulation 7 (2),,2026-06-02,,,,,,,,,https://nsearchives.nseindia.com/corporate/ixbrl/IT_20260602_224755337_WEB.html,,,,,,,,,,,,,,
SHAILY,Shaily Engineering Plastics Limited,Regulation 7 (2),,2026-06-02,,,,,,,,,https://nsearchives.nseindia.com/corporate/ixbrl/IT_20260602_224755337_WEB.html,,,,,,,,,,,,,,
SHAILY,Shaily Engineering Plastics Limited,Regulation 7 (2),,2026-06-02,,,,,,,,,https://nsearchives.nseindia.com/corporate/ixbrl/IT_20260602_224755337_WEB.html,,,,,,,,,,,,,,
CENTUM,CENTUM ELECTRONICS LIMITED,Regulation 7 (2),,2026-06-01,,,,,,,,,https://nsearchives.nseindia.com/corporate/ixbrl/IT_20260602_172440805_WEB.html,,,,,,,,,,,,,,Incorrect no. of shares in case of K S Desikan is now revised
CENTUM,CENTUM ELECTRONICS LIMITED,Regulation 7 (2),,2026-06-01,,,,,,,,,https://nsearchives.nseindia.com/corporate/ixbrl/IT_20260602_172440805_WEB.html,,,,,,,,,,,,,,Incorrect no. of shares in case of K S Desikan is now revised
CENTUM,CENTUM ELECTRONICS LIMITED,Regulation 7 (2),,2026-06-01,,,,,,,,,https://nsearchives.nseindia.com/corporate/ixbrl/IT_20260602_172440805_WEB.html,,,,,,,,,,,,,,Incorrect no. of shares in case of K S Desikan is now revised
RUCHIRA,RUCHIRA PAPERS LIMITED,Regulation 7 (2),,2026-06-02,,,,,,,,,https://nsearchives.nseindia.com/corporate/ixbrl/IT_20260602_172939840_WEB.html,,,,,,,,,,,,,,
LANDMARK,Landmark Cars Limited,Regulation 7 (2),,2026-06-02,,,,,,,,,https://nsearchives.nseindia.com/corporate/ixbrl/IT_20260602_182149864_WEB.html,,,,,,,,,,,,,,
RUCHIRA,RUCHIRA PAPERS LIMITED,Regulation 7 (2),,2026-06-02,,,,,,,,,https://nsearchives.nseindia.com/corporate/ixbrl/IT_20260602_172742476_WEB.html,,,,,,,,,,,,,,
SHYAMMETL,SHYAM METALICS AND ENERGY LIMITED,Regulation 7 (2),,2026-06-02,,,,,,,,,https://nsearchives.nseindia.com/corporate/ixbrl/IT_20260602_171822618_WEB.html,,,,,,,,,,,,,,
HCLTECH,HCL Technologies Limited,Regulation 7 (2),,2026-06-02,,,,,,,,,https://nsearchives.nseindia.com/corporate/ixbrl/IT_20260602_170300552_WEB.html,,,,,,,,,,,,,,
SMSPHARMA,SMS PHARMACEUTICALS LIMITED,Regulation 7 (2),,2026-06-02,,,,,,,,,https://nsearchives.nseindia.com/corporate/ixbrl/IT_20260602_171811576_WEB.html,,,,,,,,,,,,,,
PAISALO,PAISALO DIGITAL LIMITED,Regulation 7 (2),,2026-06-02,,,,,,,,,https://nsearchives.nseindia.com/corporate/ixbrl/IT_20260602_172028654_WEB.html,,,,,,,,,,,,,,
PAISALO,PAISALO DIGITAL LIMITED,Regulation 7 (2),,2026-06-02,,,,,,,,,https://nsearchives.nseindia.com/corporate/ixbrl/IT_20260602_172028654_WEB.html,,,,,,,,,,,,,,
PAISALO,PAISALO DIGITAL LIMITED,Regulation 7 (2),,2026-06-02,,,,,,,,,https://nsearchives.nseindia.com/corporate/ixbrl/IT_20260602_172028654_WEB.html,,,,,,,,,,,,,,
PAISALO,PAISALO DIGITAL LIMITED,Regulation 7 (2),,2026-06-02,,,,,,,,,https://nsearchives.nseindia.com/corporate/ixbrl/IT_20260602_171757148_WEB.html,,,,,,,,,,,,,,
PAISALO,PAISALO DIGITAL LIMITED,Regulation 7 (2),,2026-06-02,,,,,,,,,https://nsearchives.nseindia.com/corporate/ixbrl/IT_20260602_171757148_WEB.html,,,,,,,,,,,,,,
PAISALO,PAISALO DIGITAL LIMITED,Regulation 7 (2),,2026-06-02,,,,,,,,,https://nsearchives.nseindia.com/corporate/ixbrl/IT_20260602_171757148_WEB.html,,,,,,,,,,,,,,
ACUTAAS,ACUTAAS CHEMICALS LIMITED,Regulation 7 (2),,2026-06-02,,,,,,,,,https://nsearchives.nseindia.com/corporate/ixbrl/IT_20260602_161220886_WEB.html,,,,,,,,,,,,,,
ACUTAAS,ACUTAAS CHEMICALS LIMITED,Regulation 7 (2),,2026-06-02,,,,,,,,,https://nsearchives.nseindia.com/corporate/ixbrl/IT_20260602_161220886_WEB.html,,,,,,,,,,,,,,
ACUTAAS,ACUTAAS CHEMICALS LIMITED,Regulation 7 (2),,2026-06-02,,,,,,,,,https://nsearchives.nseindia.com/corporate/ixbrl/IT_20260602_161220886_WEB.html,,,,,,,,,,,,,,
SAKAR,Sakar Healthcare Limited,Regulation 7 (2),,2026-06-02,,,,,,,,,https://nsearchives.nseindia.com/corporate/ixbrl/IT_20260602_160535926_WEB.html,,,,,,,,,,,,,,
NRL,NUPUR RECYCLERS LIMITED,Regulation 7 (2),,2026-06-02,,,,,,,,,https://nsearchives.nseindia.com/corporate/ixbrl/IT_20260602_153448318_WEB.html,,,,,,,,,,,,,,
NRL,NUPUR RECYCLERS LIMITED,Regulation 7 (2),,2026-06-02,,,,,,,,,https://nsearchives.nseindia.com/corporate/ixbrl/IT_20260602_153448318_WEB.html,,,,,,,,,,,,,,
GPIL,GODAWARI POWER AND ISPAT LIMITED,Regulation 7 (2),,2026-06-02,,,,,,,,,https://nsearchives.nseindia.com/corporate/ixbrl/IT_20260602_154814823_WEB.html,,,,,,,,,,,,,,
GPIL,GODAWARI POWER AND ISPAT LIMITED,Regulation 7 (2),,2026-06-02,,,,,,,,,https://nsearchives.nseindia.com/corporate/ixbrl/IT_20260602_154814823_WEB.html,,,,,,,,,,,,,,
GPIL,GODAWARI POWER AND ISPAT LIMITED,Regulation 7 (2),,2026-06-02,,,,,,,,,https://nsearchives.nseindia.com/corporate/ixbrl/IT_20260602_154814823_WEB.html,,,,,,,,,,,,,,
GPIL,GODAWARI POWER AND ISPAT LIMITED,Regulation 7 (2),,2026-06-02,,,,,,,,,https://nsearchives.nseindia.com/corporate/ixbrl/IT_20260602_154814823_WEB.html,,,,,,,,,,,,,,
GPIL,GODAWARI POWER AND ISPAT LIMITED,Regulation 7 (2),,2026-06-02,,,,,,,,,https://nsearchives.nseindia.com/corporate/ixbrl/IT_20260602_154814823_WEB.html,,,,,,,,,,,,,,
GPIL,GODAWARI POWER AND ISPAT LIMITED,Regulation 7 (2),,2026-06-02,,,,,,,,,https://nsearchives.nseindia.com/corporate/ixbrl/IT_20260602_154814823_WEB.html,,,,,,,,,,,,,,
GPIL,GODAWARI POWER AND ISPAT LIMITED,Regulation 7 (2),,2026-06-02,,,,,,,,,https://nsearchives.nseindia.com/corporate/ixbrl/IT_20260602_154814823_WEB.html,,,,,,,,,,,,,,
GPIL,GODAWARI POWER AND ISPAT LIMITED,Regulation 7 (2),,2026-06-02,,,,,,,,,https://nsearchives.nseindia.com/corporate/ixbrl/IT_20260602_154814823_WEB.html,,,,,,,,,,,,,,
GPIL,GODAWARI POWER AND ISPAT LIMITED,Regulation 7 (2),,2026-06-02,,,,,,,,,https://nsearchives.nseindia.com/corporate/ixbrl/IT_20260602_154814823_WEB.html,,,,,,,,,,,,,,
GPIL,GODAWARI POWER AND ISPAT LIMITED,Regulation 7 (2),,2026-06-02,,,,,,,,,https://nsearchives.nseindia.com/corporate/ixbrl/IT_20260602_154814823_WEB.html,,,,,,,,,,,,,,
GPIL,GODAWARI POWER AND ISPAT LIMITED,Regulation 7 (2),,2026-06-02,,,,,,,,,https://nsearchives.nseindia.com/corporate/ixbrl/IT_20260602_154814823_WEB.html,,,,,,,,,,,,,,
GPIL,GODAWARI POWER AND ISPAT LIMITED,Regulation 7 (2),,2026-06-02,,,,,,,,,https://nsearchives.nseindia.com/corporate/ixbrl/IT_20260602_154814823_WEB.html,,,,,,,,,,,,,,
GPIL,GODAWARI POWER AND ISPAT LIMITED,Regulation 7 (2),,2026-06-02,,,,,,,,,https://nsearchives.nseindia.com/corporate/ixbrl/IT_20260602_154814823_WEB.html,,,,,,,,,,,,,,
GPIL,GODAWARI POWER AND ISPAT LIMITED,Regulation 7 (2),,2026-06-02,,,,,,,,,https://nsearchives.nseindia.com/corporate/ixbrl/IT_20260602_154814823_WEB.html,,,,,,,,,,,,,,
GPIL,GODAWARI POWER AND ISPAT LIMITED,Regulation 7 (2),,2026-06-02,,,,,,,,,https://nsearchives.nseindia.com/corporate/ixbrl/IT_20260602_154814823_WEB.html,,,,,,,,,,,,,,
WIPRO,WIPRO LIMITED,Regulation 7 (2),,2026-06-02,,,,,,,,,https://nsearchives.nseindia.com/corporate/ixbrl/IT_20260602_155716558_WEB.html,,,,,,,,,,,,,,
WIPRO,WIPRO LIMITED,Regulation 7 (2),,2026-06-02,,,,,,,,,https://nsearchives.nseindia.com/corporate/ixbrl/IT_20260602_155716558_WEB.html,,,,,,,,,,,,,,
WIPRO,WIPRO LIMITED,Regulation 7 (2),,2026-06-02,,,,,,,,,https://nsearchives.nseindia.com/corporate/ixbrl/IT_20260602_155716558_WEB.html,,,,,,,,,,,,,,
IDEAFORGE,IDEAFORGE TECHNOLOGY LIMITED,Regulation 7 (2),,2026-06-02,,,,,,,,,https://nsearchives.nseindia.com/corporate/ixbrl/IT_20260602_144758470_WEB.html,,,,,,,,,,,,,,
IDEAFORGE,IDEAFORGE TECHNOLOGY LIMITED,Regulation 7 (2),,2026-06-02,,,,,,,,,https://nsearchives.nseindia.com/corporate/ixbrl/IT_20260602_144758470_WEB.html,,,,,,,,,,,,,,
KPITTECH,KPIT TECHNOLOGIES LIMITED,Regulation 7 (2),,2026-06-02,,,,,,,,,https://nsearchives.nseindia.com/corporate/ixbrl/IT_20260602_154203191_WEB.html,,,,,,,,,,,,,,
KPITTECH,KPIT TECHNOLOGIES LIMITED,Regulation 7 (2),,2026-06-02,,,,,,,,,https://nsearchives.nseindia.com/corporate/ixbrl/IT_20260602_154203191_WEB.html,,,,,,,,,,,,,,
KPITTECH,KPIT TECHNOLOGIES LIMITED,Regulation 7 (2),,2026-06-02,,,,,,,,,https://nsearchives.nseindia.com/corporate/ixbrl/IT_20260602_154203191_WEB.html,,,,,,,,,,,,,,
AFCONS,Afcons Infrastructure Limited,Regulation 7 (2),,2026-06-02,,,,,,,,,https://nsearchives.nseindia.com/corporate/ixbrl/IT_20260602_152818731_WEB.html,,,,,,,,,,,,,,
JARO,JARO INSTITUTE OF TECHNOLOGY MANAGEMENT AND RESEARCH LIMITED,Regulation 7 (2),,2026-06-02,,,,,,,,,https://nsearchives.nseindia.com/corporate/ixbrl/IT_20260602_144114751_WEB.html,,,,,,,,,,,,,,
BASML,BANNARI AMMAN SPINNING MILLS LIMITED,Regulation 7 (2),,2026-06-02,,,,,,,,,https://nsearchives.nseindia.com/corporate/ixbrl/IT_20260602_125820645_WEB.html,,,,,,,,,,,,,,
BASML,BANNARI AMMAN SPINNING MILLS LIMITED,Regulation 7 (2),,2026-06-02,,,,,,,,,https://nsearchives.nseindia.com/corporate/ixbrl/IT_20260602_125956492_WEB.html,,,,,,,,,,,,,,
NAUKRI,Info Edge (India) Limited,Regulation 7 (2),,2026-06-02,,,,,,,,,https://nsearchives.nseindia.com/corporate/ixbrl/IT_20260602_135459085_WEB.html,,,,,,,,,,,,,,
NAUKRI,Info Edge (India) Limited,Regulation 7 (2),,2026-06-02,,,,,,,,,https://nsearchives.nseindia.com/corporate/ixbrl/IT_20260602_135459085_WEB.html,,,,,,,,,,,,,,
NAUKRI,Info Edge (India) Limited,Regulation 7 (2),,2026-06-02,,,,,,,,,https://nsearchives.nseindia.com/corporate/ixbrl/IT_20260602_135459085_WEB.html,,,,,,,,,,,,,,
NAUKRI,Info Edge (India) Limited,Regulation 7 (2),,2026-06-02,,,,,,,,,https://nsearchives.nseindia.com/corporate/ixbrl/IT_20260602_135459085_WEB.html,,,,,,,,,,,,,,
SANGAMIND,Sangam (India) Limited,Regulation 7 (2),,2026-06-02,,,,,,,,,https://nsearchives.nseindia.com/corporate/ixbrl/IT_20260602_112844558_WEB.html,,,,,,,,,,,,,,
KMEW,Knowledge Marine & Engineering Works Limited,Regulation 7 (2),,2026-06-02,,,,,,,,,https://nsearchives.nseindia.com/corporate/ixbrl/IT_20260602_132257147_WEB.html,,,,,,,,,,,,,,
KMEW,Knowledge Marine & Engineering Works Limited,Regulation 7 (2),,2026-06-02,,,,,,,,,https://nsearchives.nseindia.com/corporate/ixbrl/IT_20260602_132257147_WEB.html,,,,,,,,,,,,,,
KMEW,Knowledge Marine & Engineering Works Limited,Regulation 7 (2),,2026-06-02,,,,,,,,,https://nsearchives.nseindia.com/corporate/ixbrl/IT_20260602_132257147_WEB.html,,,,,,,,,,,,,,
ZYDUSWELL,Zydus Wellness Limited,Regulation 7 (2),,2026-06-02,,,,,,,,,https://nsearchives.nseindia.com/corporate/ixbrl/IT_20260602_124759455_WEB.html,,,,,,,,,,,,,,
REMSONSIND,REMSONS INDUSTRIES LIMITED,Regulation 7 (2),,2026-05-30,,,,,,,,,https://nsearchives.nseindia.com/corporate/ixbrl/IT_20260602_093421745_WEB.html,,,,,,,,,,,,,,
REMSONSIND,REMSONS INDUSTRIES LIMITED,Regulation 7 (2),,2026-05-30,,,,,,,,,https://nsearchives.nseindia.com/corporate/ixbrl/IT_20260602_093421745_WEB.html,,,,,,,,,,,,,,
AURUM,Aurum PropTech Limited,Regulation 7 (2),,2026-06-02,,,,,,,,,https://nsearchives.nseindia.com/corporate/ixbrl/IT_20260602_103954609_WEB.html,,,,,,,,,,,,,,
PREMIERPOL,PREMIER POLYFILM LIMITED,Regulation 7 (2),,2026-06-02,,,,,,,,,https://nsearchives.nseindia.com/corporate/ixbrl/IT_20260602_110922011_WEB.html,,,,,,,,,,,,,,
KPITTECH,KPIT TECHNOLOGIES LIMITED,Regulation 7 (2),,2026-06-01,,,,,,,,,https://nsearchives.nseindia.com/corporate/ixbrl/IT_20260602_003945868_WEB.html,,,,,,,,,,,,,,
KPITTECH,KPIT TECHNOLOGIES LIMITED,Regulation 7 (2),,2026-06-01,,,,,,,,,https://nsearchives.nseindia.com/corporate/ixbrl/IT_20260602_003945868_WEB.html,,,,,,,,,,,,,,
INFY,Infosys Limited,Regulation 7 (2),,2026-06-02,,,,,,,,,https://nsearchives.nseindia.com/corporate/ixbrl/IT_20260602_105824578_WEB.html,,,,,,,,,,,,,,
HCG,Healthcare Global Enterprises Limited,Regulation 7 (2),,2026-06-01,,,,,,,,,https://nsearchives.nseindia.com/corporate/ixbrl/IT_20260602_003855257_WEB.html,,,,,,,,,,,,,,
HCG,Healthcare Global Enterprises Limited,Regulation 7 (2),,2026-06-01,,,,,,,,,https://nsearchives.nseindia.com/corporate/ixbrl/IT_20260602_003855257_WEB.html,,,,,,,,,,,,,,
LANDMARK,Landmark Cars Limited,Regulation 7 (2),,2026-05-30,,,,,,,,,https://nsearchives.nseindia.com/corporate/ixbrl/IT_20260602_003714089_WEB.html,,,,,,,,,,,,,,
PARSVNATH,PARSVNATH DEVELOPERS LIMITED,Regulation 7 (2),,2026-05-30,,,,,,,,,https://nsearchives.nseindia.com/corporate/ixbrl/IT_20260602_003709236_WEB.html,,,,,,,,,,,,,,
PARSVNATH,PARSVNATH DEVELOPERS LIMITED,Regulation 7 (2),,2026-05-30,,,,,,,,,https://nsearchives.nseindia.com/corporate/ixbrl/IT_20260602_003709236_WEB.html,,,,,,,,,,,,,,
BIL,BHARTIYA INTERNATIONAL LIMITED,Regulation 7 (2),,2026-06-01,,,,,,,,,https://nsearchives.nseindia.com/corporate/ixbrl/IT_20260602_003926987_WEB.html,,,,,,,,,,,,,,
PARADEEP,PARADEEP PHOSPHATES LIMITED,Regulation 7 (2),,2026-06-01,,,,,,,,,https://nsearchives.nseindia.com/corporate/ixbrl/IT_20260602_003635468_WEB.html,,,,,,,,,,,,,,
PREMIERPOL,PREMIER POLYFILM LIMITED,Regulation 7 (2),,2026-05-30,,,,,,,,,https://nsearchives.nseindia.com/corporate/ixbrl/IT_20260602_003625918_WEB.html,,,,,,,,,,,,,,
NAVNETEDUL,NAVNEET EDUCATION LIMITED,Regulation 7 (2),,2026-06-01,,,,,,,,,https://nsearchives.nseindia.com/corporate/ixbrl/IT_20260602_003630803_WEB.html,,,,,,,,,,,,,,
NAVNETEDUL,NAVNEET EDUCATION LIMITED,Regulation 7 (2),,2026-06-01,,,,,,,,,https://nsearchives.nseindia.com/corporate/ixbrl/IT_20260602_003630803_WEB.html,,,,,,,,,,,,,,
NAVNETEDUL,NAVNEET EDUCATION LIMITED,Regulation 7 (2),,2026-06-01,,,,,,,,,https://nsearchives.nseindia.com/corporate/ixbrl/IT_20260602_003630803_WEB.html,,,,,,,,,,,,,,
NAVNETEDUL,NAVNEET EDUCATION LIMITED,Regulation 7 (2),,2026-06-01,,,,,,,,,https://nsearchives.nseindia.com/corporate/ixbrl/IT_20260602_003630803_WEB.html,,,,,,,,,,,,,,
NAVNETEDUL,NAVNEET EDUCATION LIMITED,Regulation 7 (2),,2026-06-01,,,,,,,,,https://nsearchives.nseindia.com/corporate/ixbrl/IT_20260602_003630803_WEB.html,,,,,,,,,,,,,,
NAVNETEDUL,NAVNEET EDUCATION LIMITED,Regulation 7 (2),,2026-06-01,,,,,,,,,https://nsearchives.nseindia.com/corporate/ixbrl/IT_20260602_003630803_WEB.html,,,,,,,,,,,,,,
NAVNETEDUL,NAVNEET EDUCATION LIMITED,Regulation 7 (2),,2026-06-01,,,,,,,,,https://nsearchives.nseindia.com/corporate/ixbrl/IT_20260602_003630803_WEB.html,,,,,,,,,,,,,,
NAVNETEDUL,NAVNEET EDUCATION LIMITED,Regulation 7 (2),,2026-06-01,,,,,,,,,https://nsearchives.nseindia.com/corporate/ixbrl/IT_20260602_003630803_WEB.html,,,,,,,,,,,,,,
NAVNETEDUL,NAVNEET EDUCATION LIMITED,Regulation 7 (2),,2026-06-01,,,,,,,,,https://nsearchives.nseindia.com/corporate/ixbrl/IT_20260602_003630803_WEB.html,,,,,,,,,,,,,,
NAVNETEDUL,NAVNEET EDUCATION LIMITED,Regulation 7 (2),,2026-06-01,,,,,,,,,https://nsearchives.nseindia.com/corporate/ixbrl/IT_20260602_003630803_WEB.html,,,,,,,,,,,,,,
NAVNETEDUL,NAVNEET EDUCATION LIMITED,Regulation 7 (2),,2026-06-01,,,,,,,,,https://nsearchives.nseindia.com/corporate/ixbrl/IT_20260602_003630803_WEB.html,,,,,,,,,,,,,,
COALINDIA,COAL INDIA LIMITED,Regulation 7 (2),,2026-06-01,,,,,,,,,https://nsearchives.nseindia.com/corporate/ixbrl/IT_20260602_003646741_WEB.html,,,,,,,,,,,,,,
AIAENG,AIA Engineering Limited,Regulation 7 (3),,2026-05-30,,,,,,,,,https://nsearchives.nseindia.com/corporate/ixbrl/IT_20260602_003414100_WEB.html,,,,,,,,,,,,,,
JARO,JARO INSTITUTE OF TECHNOLOGY MANAGEMENT AND RESEARCH LIMITED,Regulation 7 (2),,2026-05-30,,,,,,,,,https://nsearchives.nseindia.com/corporate/ixbrl/IT_20260602_003800859_WEB.html,,,,,,,,,,,,,,
NIITLTD,NIIT Limited,Regulation 7 (2),,2026-06-01,,,,,,,,,https://nsearchives.nseindia.com/corporate/ixbrl/IT_20260602_003405079_WEB.html,,,,,,,,,,,,,,
PAISALO,PAISALO DIGITAL LIMITED,Regulation 7 (2),,2026-05-30,,,,,,,,,https://nsearchives.nseindia.com/corporate/ixbrl/IT_20260602_003239537_WEB.html,,,,,,,,,,,,,,
PAISALO,PAISALO DIGITAL LIMITED,Regulation 7 (2),,2026-05-30,,,,,,,,,https://nsearchives.nseindia.com/corporate/ixbrl/IT_20260602_003239537_WEB.html,,,,,,,,,,,,,,
PAISALO,PAISALO DIGITAL LIMITED,Regulation 7 (2),,2026-05-30,,,,,,,,,https://nsearchives.nseindia.com/corporate/ixbrl/IT_20260602_003239537_WEB.html,,,,,,,,,,,,,,
PAISALO,PAISALO DIGITAL LIMITED,Regulation 7 (2),,2026-06-01,,,,,,,,,https://nsearchives.nseindia.com/corporate/ixbrl/IT_20260602_003320292_WEB.html,,,,,,,,,,,,,,
PAISALO,PAISALO DIGITAL LIMITED,Regulation 7 (2),,2026-06-01,,,,,,,,,https://nsearchives.nseindia.com/corporate/ixbrl/IT_20260602_003320292_WEB.html,,,,,,,,,,,,,,
PAISALO,PAISALO DIGITAL LIMITED,Regulation 7 (2),,2026-06-01,,,,,,,,,https://nsearchives.nseindia.com/corporate/ixbrl/IT_20260602_003320292_WEB.html,,,,,,,,,,,,,,
WIPRO,WIPRO LIMITED,Regulation 7 (2),,2026-06-01,,,,,,,,,https://nsearchives.nseindia.com/corporate/ixbrl/IT_20260602_002858964_WEB.html,,,,,,,,,,,,,,
DIVISLAB,Divi's Laboratories Limited,Regulation 7 (2),,2026-05-30,,,,,,,,,https://nsearchives.nseindia.com/corporate/ixbrl/IT_20260602_003113889_WEB.html,,,,,,,,,,,,,,
DIVISLAB,Divi's Laboratories Limited,Regulation 7 (2),,2026-05-30,,,,,,,,,https://nsearchives.nseindia.com/corporate/ixbrl/IT_20260602_003113889_WEB.html,,,,,,,,,,,,,,
RELTD,Ravindra Energy Limited,Regulation 7 (2),,2026-06-01,,,,,,,,,https://nsearchives.nseindia.com/corporate/ixbrl/IT_20260602_002753341_WEB.html,,,,,,,,,,,,,,
INFY,Infosys Limited,Regulation 7 (2),,2026-06-01,,,,,,,,,https://nsearchives.nseindia.com/corporate/ixbrl/IT_20260602_003510152_WEB.html,,,,,,,,,,,,,,
INFY,Infosys Limited,Regulation 7 (2),,2026-06-01,,,,,,,,,https://nsearchives.nseindia.com/corporate/ixbrl/IT_20260602_003510152_WEB.html,,,,,,,,,,,,,,
INFY,Infosys Limited,Regulation 7 (2),,2026-06-01,,,,,,,,,https://nsearchives.nseindia.com/corporate/ixbrl/IT_20260602_003510152_WEB.html,,,,,,,,,,,,,,
INFY,Infosys Limited,Regulation 7 (2),,2026-06-01,,,,,,,,,https://nsearchives.nseindia.com/corporate/ixbrl/IT_20260602_003510152_WEB.html,,,,,,,,,,,,,,
INFY,Infosys Limited,Regulation 7 (2),,2026-06-01,,,,,,,,,https://nsearchives.nseindia.com/corporate/ixbrl/IT_20260602_003510152_WEB.html,,,,,,,,,,,,,,
INFY,Infosys Limited,Regulation 7 (2),,2026-06-01,,,,,,,,,https://nsearchives.nseindia.com/corporate/ixbrl/IT_20260602_003510152_WEB.html,,,,,,,,,,,,,,
INFY,Infosys Limited,Regulation 7 (2),,2026-06-01,,,,,,,,,https://nsearchives.nseindia.com/corporate/ixbrl/IT_20260602_003510152_WEB.html,,,,,,,,,,,,,,
INFY,Infosys Limited,Regulation 7 (2),,2026-06-01,,,,,,,,,https://nsearchives.nseindia.com/corporate/ixbrl/IT_20260602_003510152_WEB.html,,,,,,,,,,,,,,
BAJFINANCE,BAJAJ FINANCE LIMITED,Regulation 7 (2),,2026-05-30,,,,,,,,,https://nsearchives.nseindia.com/corporate/ixbrl/IT_20260602_003223265_WEB.html,,,,,,,,,,,,,,
LANDMARK,Landmark Cars Limited,Regulation 7 (2),,2026-06-01,,,,,,,,,https://nsearchives.nseindia.com/corporate/ixbrl/IT_20260602_002703298_WEB.html,,,,,,,,,,,,,,
LANDMARK,Landmark Cars Limited,Regulation 7 (2),,2026-06-01,,,,,,,,,https://nsearchives.nseindia.com/corporate/ixbrl/IT_20260602_002703298_WEB.html,,,,,,,,,,,,,,
CENTUM,CENTUM ELECTRONICS LIMITED,Regulation 7 (2),,2026-06-01,,,,,,,,,https://nsearchives.nseindia.com/corporate/ixbrl/IT_20260602_002558149_WEB.html,,,,,,,,,,,,,,
CENTUM,CENTUM ELECTRONICS LIMITED,Regulation 7 (2),,2026-06-01,,,,,,,,,https://nsearchives.nseindia.com/corporate/ixbrl/IT_20260602_002558149_WEB.html,,,,,,,,,,,,,,
CENTUM,CENTUM ELECTRONICS LIMITED,Regulation 7 (2),,2026-06-01,,,,,,,,,https://nsearchives.nseindia.com/corporate/ixbrl/IT_20260602_002558149_WEB.html,,,,,,,,,,,,,,
DMART,AVENUE SUPERMARTS LIMITED,Regulation 7 (2),,2026-06-01,,,,,,,,,https://nsearchives.nseindia.com/corporate/ixbrl/IT_20260602_002544306_WEB.html,,,,,,,,,,,,,,
DMART,AVENUE SUPERMARTS LIMITED,Regulation 7 (2),,2026-06-01,,,,,,,,,https://nsearchives.nseindia.com/corporate/ixbrl/IT_20260602_002544306_WEB.html,,,,,,,,,,,,,,
DMART,AVENUE SUPERMARTS LIMITED,Regulation 7 (2),,2026-06-01,,,,,,,,,https://nsearchives.nseindia.com/corporate/ixbrl/IT_20260602_002544306_WEB.html,,,,,,,,,,,,,,
TORNTPHARM,Torrent Pharmaceuticals Limited,Regulation 7 (2),,2026-06-01,,,,,,,,,https://nsearchives.nseindia.com/corporate/ixbrl/IT_20260602_002553502_WEB.html,,,,,,,,,,,,,,
TORNTPHARM,Torrent Pharmaceuticals Limited,Regulation 7 (2),,2026-06-01,,,,,,,,,https://nsearchives.nseindia.com/corporate/ixbrl/IT_20260602_002553502_WEB.html,,,,,,,,,,,,,,
REMSONSIND,REMSONS INDUSTRIES LIMITED,Regulation 7 (2),,2026-05-30,,,,,,,,,https://nsearchives.nseindia.com/corporate/ixbrl/IT_20260602_002523662_WEB.html,,,,,,,,,,,,,,
REMSONSIND,REMSONS INDUSTRIES LIMITED,Regulation 7 (2),,2026-05-30,,,,,,,,,https://nsearchives.nseindia.com/corporate/ixbrl/IT_20260602_002523662_WEB.html,,,,,,,,,,,,,,
EUROPRATIK,Euro Pratik Sales Limited,Regulation 7 (2),,2026-06-01,,,,,,,,,https://nsearchives.nseindia.com/corporate/ixbrl/IT_20260602_002532931_WEB.html,,,,,,,,,,,,,,
MACPOWER,MACPOWER CNC MACHINES LIMITED,Regulation 7 (2),,2026-06-01,,,,,,,,,https://nsearchives.nseindia.com/corporate/ixbrl/IT_20260601_184917772_WEB.html,,,,,,,,,,,,,,
CENTUM,CENTUM ELECTRONICS LIMITED,Regulation 7 (2),,2026-05-29,,,,,,,,,https://nsearchives.nseindia.com/corporate/ixbrl/IT_20260602_002714804_WEB.html,,,,,,,,,,,,,,
CENTUM,CENTUM ELECTRONICS LIMITED,Regulation 7 (2),,2026-05-29,,,,,,,,,https://nsearchives.nseindia.com/corporate/ixbrl/IT_20260602_002714804_WEB.html,,,,,,,,,,,,,,
CENTUM,CENTUM ELECTRONICS LIMITED,Regulation 7 (2),,2026-05-29,,,,,,,,,https://nsearchives.nseindia.com/corporate/ixbrl/IT_20260602_002714804_WEB.html,,,,,,,,,,,,,,
CENTUM,CENTUM ELECTRONICS LIMITED,Regulation 7 (2),,2026-05-29,,,,,,,,,https://nsearchives.nseindia.com/corporate/ixbrl/IT_20260602_002714804_WEB.html,,,,,,,,,,,,,,
TORNTPHARM,Torrent Pharmaceuticals Limited,Regulation 7 (2),,2026-06-01,,,,,,,,,https://nsearchives.nseindia.com/corporate/ixbrl/IT_20260601_182934351_WEB.html,,,,,,,,,,,,,,
TORNTPHARM,Torrent Pharmaceuticals Limited,Regulation 7 (2),,2026-06-01,,,,,,,,,https://nsearchives.nseindia.com/corporate/ixbrl/IT_20260601_182934351_WEB.html,,,,,,,,,,,,,,
ECLERX,eClerx Services Ltd,Regulation 7 (2),,2026-06-01,,,,,,,,,https://nsearchives.nseindia.com/corporate/ixbrl/IT_20260602_002839087_WEB.html,,,,,,,,,,,,,,
ECLERX,eClerx Services Ltd,Regulation 7 (2),,2026-06-01,,,,,,,,,https://nsearchives.nseindia.com/corporate/ixbrl/IT_20260602_002839087_WEB.html,,,,,,,,,,,,,,
ECLERX,eClerx Services Ltd,Regulation 7 (2),,2026-06-01,,,,,,,,,https://nsearchives.nseindia.com/corporate/ixbrl/IT_20260602_002839087_WEB.html,,,,,,,,,,,,,,
RELTD,Ravindra Energy Limited,Regulation 7 (2),,2026-06-01,,,,,,,,,https://nsearchives.nseindia.com/corporate/ixbrl/IT_20260601_195852421_WEB.html,,,,,,,,,,,,,,
PAISALO,S.E. Investments Limited,Regulation 7 (2),,2026-05-30,,,,,,,,,https://nsearchives.nseindia.com/corporate/ixbrl/IT_20260601_174359372_WEB.html,,,,,,,,,,,,,,
PAISALO,S.E. Investments Limited,Regulation 7 (2),,2026-05-30,,,,,,,,,https://nsearchives.nseindia.com/corporate/ixbrl/IT_20260601_174359372_WEB.html,,,,,,,,,,,,,,
PAISALO,S.E. Investments Limited,Regulation 7 (2),,2026-05-30,,,,,,,,,https://nsearchives.nseindia.com/corporate/ixbrl/IT_20260601_174359372_WEB.html,,,,,,,,,,,,,,
COALINDIA,COAL INDIA LIMITED,Regulation 7 (2),,2026-06-01,,,,,,,,,https://nsearchives.nseindia.com/corporate/ixbrl/IT_20260601_174823106_WEB.html,,,,,,,,,,,,,,
PAISALO,S.E. Investments Limited,Regulation 7 (2),,2026-06-01,,,,,,,,,https://nsearchives.nseindia.com/corporate/ixbrl/IT_20260601_174047108_WEB.html,,,,,,,,,,,,,,
PAISALO,S.E. Investments Limited,Regulation 7 (2),,2026-06-01,,,,,,,,,https://nsearchives.nseindia.com/corporate/ixbrl/IT_20260601_174047108_WEB.html,,,,,,,,,,,,,,
PAISALO,S.E. Investments Limited,Regulation 7 (2),,2026-06-01,,,,,,,,,https://nsearchives.nseindia.com/corporate/ixbrl/IT_20260601_174047108_WEB.html,,,,,,,,,,,,,,
APLLTD,Alembic Pharmaceuticals Limited,Regulation 7 (2),,2026-06-01,,,,,,,,,https://nsearchives.nseindia.com/corporate/ixbrl/IT_20260601_181907098_WEB.html,,,,,,,,,,,,,,
NIITLTD,NIIT Limited,Regulation 7 (2),,2026-06-01,,,,,,,,,https://nsearchives.nseindia.com/corporate/ixbrl/IT_20260601_164125968_WEB.html,,,,,,,,,,,,,,
COALINDIA,COAL INDIA LIMITED,Regulation 7 (2),,2026-06-01,,,,,,,,,https://nsearchives.nseindia.com/corporate/ixbrl/IT_20260601_173325909_WEB.html,,,,,,,,,,,,,,
PARADEEP,PARADEEP PHOSPHATES LIMITED,Regulation 7 (2),,2026-06-01,,,,,,,,,https://nsearchives.nseindia.com/corporate/ixbrl/IT_20260601_172643711_WEB.html,,,,,,,,,,,,,,
CENTUM,CENTUM ELECTRONICS LIMITED,Regulation 7 (2),,2026-05-29,,,,,,,,,https://nsearchives.nseindia.com/corporate/ixbrl/IT_20260601_172025865_WEB.html,,,,,,,,,,,,,,
CENTUM,CENTUM ELECTRONICS LIMITED,Regulation 7 (2),,2026-05-29,,,,,,,,,https://nsearchives.nseindia.com/corporate/ixbrl/IT_20260601_172025865_WEB.html,,,,,,,,,,,,,,
CENTUM,CENTUM ELECTRONICS LIMITED,Regulation 7 (2),,2026-05-29,,,,,,,,,https://nsearchives.nseindia.com/corporate/ixbrl/IT_20260601_172025865_WEB.html,,,,,,,,,,,,,,
CENTUM,CENTUM ELECTRONICS LIMITED,Regulation 7 (2),,2026-05-29,,,,,,,,,https://nsearchives.nseindia.com/corporate/ixbrl/IT_20260601_172025865_WEB.html,,,,,,,,,,,,,,
KPITTECH,KPIT TECHNOLOGIES LIMITED,Regulation 7 (2),,2026-06-01,,,,,,,,,https://nsearchives.nseindia.com/corporate/ixbrl/IT_20260601_155011760_WEB.html,,,,,,,,,,,,,,
KPITTECH,KPIT TECHNOLOGIES LIMITED,Regulation 7 (2),,2026-06-01,,,,,,,,,https://nsearchives.nseindia.com/corporate/ixbrl/IT_20260601_155011760_WEB.html,,,,,,,,,,,,,,
BIL,BHARTIYA INTERNATIONAL LIMITED,Regulation 7 (2),,2026-06-01,,,,,,,,,https://nsearchives.nseindia.com/corporate/ixbrl/IT_20260601_173130105_WEB.html,,,,,,,,,,,,,,
DIAMONDYD,Prataap Snacks Limited,Regulation 7 (2),,2026-05-29,,,,,,,,,https://nsearchives.nseindia.com/corporate/ixbrl/IT_20260529_202145_WEB.html,,,,,,,,,,,,,,
DIAMONDYD,Prataap Snacks Limited,Regulation 7 (2),,2026-05-29,,,,,,,,,https://nsearchives.nseindia.com/corporate/ixbrl/IT_20260529_202145_WEB.html,,,,,,,,,,,,,,
DIAMONDYD,Prataap Snacks Limited,Regulation 7 (2),,2026-05-29,,,,,,,,,https://nsearchives.nseindia.com/corporate/ixbrl/IT_20260529_202145_WEB.html,,,,,,,,,,,,,,
DIAMONDYD,Prataap Snacks Limited,Regulation 7 (2),,2026-05-29,,,,,,,,,https://nsearchives.nseindia.com/corporate/ixbrl/IT_20260529_202145_WEB.html,,,,,,,,,,,,,,
DIAMONDYD,Prataap Snacks Limited,Regulation 7 (2),,2026-05-29,,,,,,,,,https://nsearchives.nseindia.com/corporate/ixbrl/IT_20260529_202145_WEB.html,,,,,,,,,,,,,,
DIAMONDYD,Prataap Snacks Limited,Regulation 7 (2),,2026-05-29,,,,,,,,,https://nsearchives.nseindia.com/corporate/ixbrl/IT_20260529_202145_WEB.html,,,,,,,,,,,,,,
HCG,Healthcare Global Enterprises Limited,Regulation 7 (2),,2026-05-29,,,,,,,,,https://nsearchives.nseindia.com/corporate/ixbrl/IT_20260529_193808_WEB.html,,,,,,,,,,,,,,
MOTHERSON,Samvardhana Motherson International Limited,Regulation 7 (2),,2026-05-29,,,,,,,,,https://nsearchives.nseindia.com/corporate/ixbrl/IT_20260529_200430_WEB.html,,,,,,,,,,,,,,
MOTHERSON,Samvardhana Motherson International Limited,Regulation 7 (2),,2026-05-29,,,,,,,,,https://nsearchives.nseindia.com/corporate/ixbrl/IT_20260529_200430_WEB.html,,,,,,,,,,,,,,
ARVINDFASN,ARVIND FASHIONS LIMITED,Regulation 7 (2),,2026-05-29,,,,,,,,,https://nsearchives.nseindia.com/corporate/ixbrl/IT_20260529_193848_WEB.html,,,,,,,,,,,,,,
PAISALO,PAISALO DIGITAL LIMITED,Regulation 7 (2),,2026-05-29,,,,,,,,,https://nsearchives.nseindia.com/corporate/ixbrl/IT_20260529_173419_WEB.html,,,,,,,,,,,,,,
PAISALO,PAISALO DIGITAL LIMITED,Regulation 7 (2),,2026-05-29,,,,,,,,,https://nsearchives.nseindia.com/corporate/ixbrl/IT_20260529_173419_WEB.html,,,,,,,,,,,,,,
PAISALO,PAISALO DIGITAL LIMITED,Regulation 7 (2),,2026-05-29,,,,,,,,,https://nsearchives.nseindia.com/corporate/ixbrl/IT_20260529_173419_WEB.html,,,,,,,,,,,,,,
NRL,NUPUR RECYCLERS LIMITED,Regulation 7 (2),,2026-05-29,,,,,,,,,https://nsearchives.nseindia.com/corporate/ixbrl/IT_20260529_191618_WEB.html,,,,,,,,,,,,,,
NRL,NUPUR RECYCLERS LIMITED,Regulation 7 (2),,2026-05-29,,,,,,,,,https://nsearchives.nseindia.com/corporate/ixbrl/IT_20260529_191618_WEB.html,,,,,,,,,,,,,,
NRL,NUPUR RECYCLERS LIMITED,Regulation 7 (2),,2026-05-29,,,,,,,,,https://nsearchives.nseindia.com/corporate/ixbrl/IT_20260529_191618_WEB.html,,,,,,,,,,,,,,
SUNTV,SUN TV NETWORK LIMITED,Regulation 7 (2),,2026-05-29,,,,,,,,,https://nsearchives.nseindia.com/corporate/ixbrl/IT_20260529_165736_WEB.html,,,,,,,,,,,,,,
PREMIERENE,Premier Energies Limited,Regulation 7 (2),,2026-05-29,,,,,,,,,https://nsearchives.nseindia.com/corporate/ixbrl/IT_20260529_163800_WEB.html,,,,,,,,,,,,,,
PREMIERENE,Premier Energies Limited,Regulation 7 (2),,2026-05-29,,,,,,,,,https://nsearchives.nseindia.com/corporate/ixbrl/IT_20260529_163800_WEB.html,,,,,,,,,,,,,,
PREMIERENE,Premier Energies Limited,Regulation 7 (2),,2026-05-29,,,,,,,,,https://nsearchives.nseindia.com/corporate/ixbrl/IT_20260529_163800_WEB.html,,,,,,,,,,,,,,
PREMIERENE,Premier Energies Limited,Regulation 7 (2),,2026-05-29,,,,,,,,,https://nsearchives.nseindia.com/corporate/ixbrl/IT_20260529_163800_WEB.html,,,,,,,,,,,,,,
PREMIERENE,Premier Energies Limited,Regulation 7 (2),,2026-05-29,,,,,,,,,https://nsearchives.nseindia.com/corporate/ixbrl/IT_20260529_163800_WEB.html,,,,,,,,,,,,,,
PREMIERENE,Premier Energies Limited,Regulation 7 (2),,2026-05-29,,,,,,,,,https://nsearchives.nseindia.com/corporate/ixbrl/IT_20260529_163800_WEB.html,,,,,,,,,,,,,,
PREMIERENE,Premier Energies Limited,Regulation 7 (2),,2026-05-29,,,,,,,,,https://nsearchives.nseindia.com/corporate/ixbrl/IT_20260529_163800_WEB.html,,,,,,,,,,,,,,
PREMIERENE,Premier Energies Limited,Regulation 7 (2),,2026-05-29,,,,,,,,,https://nsearchives.nseindia.com/corporate/ixbrl/IT_20260529_163800_WEB.html,,,,,,,,,,,,,,
WIPRO,WIPRO LIMITED,Regulation 7 (2),,2026-05-29,,,,,,,,,https://nsearchives.nseindia.com/corporate/ixbrl/IT_20260529_174642_WEB.html,,,,,,,,,,,,,,
WIPRO,WIPRO LIMITED,Regulation 7 (2),,2026-05-29,,,,,,,,,https://nsearchives.nseindia.com/corporate/ixbrl/IT_20260529_174642_WEB.html,,,,,,,,,,,,,,
WIPRO,WIPRO LIMITED,Regulation 7 (2),,2026-05-29,,,,,,,,,https://nsearchives.nseindia.com/corporate/ixbrl/IT_20260529_174642_WEB.html,,,,,,,,,,,,,,
NIITMTS,NIIT Learning Systems Limited,Regulation 7 (2),,2026-05-29,,,,,,,,,https://nsearchives.nseindia.com/corporate/ixbrl/IT_20260529_164733_WEB.html,,,,,,,,,,,,,,
NIITMTS,NIIT Learning Systems Limited,Regulation 7 (2),,2026-05-29,,,,,,,,,https://nsearchives.nseindia.com/corporate/ixbrl/IT_20260529_164733_WEB.html,,,,,,,,,,,,,,
NIITMTS,NIIT Learning Systems Limited,Regulation 7 (2),,2026-05-29,,,,,,,,,https://nsearchives.nseindia.com/corporate/ixbrl/IT_20260529_162513_WEB.html,,,,,,,,,,,,,,
NIITMTS,NIIT Learning Systems Limited,Regulation 7 (2),,2026-05-29,,,,,,,,,https://nsearchives.nseindia.com/corporate/ixbrl/IT_20260529_162513_WEB.html,,,,,,,,,,,,,,
AFFLE,Affle 3i Limited,Regulation 7 (2),,2026-05-29,,,,,,,,,https://nsearchives.nseindia.com/corporate/ixbrl/IT_20260529_155538_WEB.html,,,,,,,,,,,,,,
NIITMTS,NIIT Learning Systems Limited,Regulation 7 (2),,2026-05-29,,,,,,,,,https://nsearchives.nseindia.com/corporate/ixbrl/IT_20260529_162629_WEB.html,,,,,,,,,,,,,,
NIITMTS,NIIT Learning Systems Limited,Regulation 7 (2),,2026-05-29,,,,,,,,,https://nsearchives.nseindia.com/corporate/ixbrl/IT_20260529_162629_WEB.html,,,,,,,,,,,,,,
CSLFINANCE,CSL FINANCE LIMITED,Regulation 7 (2),,2026-05-29,,,,,,,,,https://nsearchives.nseindia.com/corporate/ixbrl/IT_20260529_153614_WEB.html,,,,,,,,,,,,,,
PREMIERENE,Premier Energies Limited,Regulation 7 (2),,2026-05-29,,,,,,,,,https://nsearchives.nseindia.com/corporate/ixbrl/IT_20260529_163728_WEB.html,,,,,,,,,,,,,,
PREMIERENE,Premier Energies Limited,Regulation 7 (2),,2026-05-29,,,,,,,,,https://nsearchives.nseindia.com/corporate/ixbrl/IT_20260529_163728_WEB.html,,,,,,,,,,,,,,
PREMIERENE,Premier Energies Limited,Regulation 7 (2),,2026-05-29,,,,,,,,,https://nsearchives.nseindia.com/corporate/ixbrl/IT_20260529_163728_WEB.html,,,,,,,,,,,,,,
PREMIERENE,Premier Energies Limited,Regulation 7 (2),,2026-05-29,,,,,,,,,https://nsearchives.nseindia.com/corporate/ixbrl/IT_20260529_163728_WEB.html,,,,,,,,,,,,,,
PREMIERENE,Premier Energies Limited,Regulation 7 (2),,2026-05-29,,,,,,,,,https://nsearchives.nseindia.com/corporate/ixbrl/IT_20260529_163728_WEB.html,,,,,,,,,,,,,,
PREMIERENE,Premier Energies Limited,Regulation 7 (2),,2026-05-29,,,,,,,,,https://nsearchives.nseindia.com/corporate/ixbrl/IT_20260529_163728_WEB.html,,,,,,,,,,,,,,
PREMIERENE,Premier Energies Limited,Regulation 7 (2),,2026-05-29,,,,,,,,,https://nsearchives.nseindia.com/corporate/ixbrl/IT_20260529_163728_WEB.html,,,,,,,,,,,,,,
PREMIERENE,Premier Energies Limited,Regulation 7 (2),,2026-05-29,,,,,,,,,https://nsearchives.nseindia.com/corporate/ixbrl/IT_20260529_163728_WEB.html,,,,,,,,,,,,,,
KPITTECH,KPIT TECHNOLOGIES LIMITED,Regulation 7 (2),,2026-05-29,,,,,,,,,https://nsearchives.nseindia.com/corporate/ixbrl/IT_20260529_155107_WEB.html,,,,,,,,,,,,,,
KPITTECH,KPIT TECHNOLOGIES LIMITED,Regulation 7 (2),,2026-05-29,,,,,,,,,https://nsearchives.nseindia.com/corporate/ixbrl/IT_20260529_155107_WEB.html,,,,,,,,,,,,,,
LALPATHLAB,DR. LAL PATHLABS LIMITED,Regulation 7 (2),,2026-05-29,,,,,,,,,https://nsearchives.nseindia.com/corporate/ixbrl/IT_20260529_153521_WEB.html,,,,,,,,,,,,,,
LALPATHLAB,DR. LAL PATHLABS LIMITED,Regulation 7 (2),,2026-05-29,,,,,,,,,https://nsearchives.nseindia.com/corporate/ixbrl/IT_20260529_153521_WEB.html,,,,,,,,,,,,,,
LALPATHLAB,DR. LAL PATHLABS LIMITED,Regulation 7 (2),,2026-05-29,,,,,,,,,https://nsearchives.nseindia.com/corporate/ixbrl/IT_20260529_153521_WEB.html,,,,,,,,,,,,,,
LALPATHLAB,DR. LAL PATHLABS LIMITED,Regulation 7 (2),,2026-05-29,,,,,,,,,https://nsearchives.nseindia.com/corporate/ixbrl/IT_20260529_153521_WEB.html,,,,,,,,,,,,,,
LALPATHLAB,DR. LAL PATHLABS LIMITED,Regulation 7 (2),,2026-05-29,,,,,,,,,https://nsearchives.nseindia.com/corporate/ixbrl/IT_20260529_153521_WEB.html,,,,,,,,,,,,,,
RISHABH,RISHABH INSTRUMENTS LIMITED,Regulation 7 (2),,2026-05-29,,,,,,,,,https://nsearchives.nseindia.com/corporate/ixbrl/IT_20260529_094735_WEB.html,,,,,,,,,,,,,,
ECLERX,eClerx Services Ltd,Regulation 7 (2),,2026-05-28,,,,,,,,,https://nsearchives.nseindia.com/corporate/ixbrl/IT_20260528_182038_WEB.html,,,,,,,,,,,,,,
ECLERX,eClerx Services Ltd,Regulation 7 (2),,2026-05-28,,,,,,,,,https://nsearchives.nseindia.com/corporate/ixbrl/IT_20260528_182038_WEB.html,,,,,,,,,,,,,,
ECLERX,eClerx Services Ltd,Regulation 7 (2),,2026-05-28,,,,,,,,,https://nsearchives.nseindia.com/corporate/ixbrl/IT_20260528_182038_WEB.html,,,,,,,,,,,,,,
360ONE,360 ONE WAM LIMITED,Regulation 7 (2),,2026-05-29,,,,,,,,,https://nsearchives.nseindia.com/corporate/ixbrl/IT_20260529_151911_WEB.html,,,,,,,,,,,,,,
360ONE,360 ONE WAM LIMITED,Regulation 7 (2),,2026-05-29,,,,,,,,,https://nsearchives.nseindia.com/corporate/ixbrl/IT_20260529_151911_WEB.html,,,,,,,,,,,,,,
360ONE,360 ONE WAM LIMITED,Regulation 7 (2),,2026-05-29,,,,,,,,,https://nsearchives.nseindia.com/corporate/ixbrl/IT_20260529_151911_WEB.html,,,,,,,,,,,,,,
AURIONPRO,AURIONPRO SOLUTIONS LIMITED,Regulation 7 (2),,2026-05-28,,,,,,,,,https://nsearchives.nseindia.com/corporate/ixbrl/IT_20260528_160845_WEB.html,,,,,,,,,,,,,,
JSWSTEEL,JSW STEEL LIMITED,Regulation 7 (2),,2026-05-28,,,,,,,,,https://nsearchives.nseindia.com/corporate/ixbrl/IT_20260528_175454_WEB.html,,,,,,,,,,,,,,
JSWSTEEL,JSW STEEL LIMITED,Regulation 7 (2),,2026-05-28,,,,,,,,,https://nsearchives.nseindia.com/corporate/ixbrl/IT_20260528_175454_WEB.html,,,,,,,,,,,,,,
JSWSTEEL,JSW STEEL LIMITED,Regulation 7 (2),,2026-05-28,,,,,,,,,https://nsearchives.nseindia.com/corporate/ixbrl/IT_20260528_175454_WEB.html,,,,,,,,,,,,,,
JSWSTEEL,JSW STEEL LIMITED,Regulation 7 (2),,2026-05-28,,,,,,,,,https://nsearchives.nseindia.com/corporate/ixbrl/IT_20260528_175454_WEB.html,,,,,,,,,,,,,,
JSWSTEEL,JSW STEEL LIMITED,Regulation 7 (2),,2026-05-28,,,,,,,,,https://nsearchives.nseindia.com/corporate/ixbrl/IT_20260528_175454_WEB.html,,,,,,,,,,,,,,
JSWSTEEL,JSW STEEL LIMITED,Regulation 7 (2),,2026-05-28,,,,,,,,,https://nsearchives.nseindia.com/corporate/ixbrl/IT_20260528_175454_WEB.html,,,,,,,,,,,,,,
JSWSTEEL,JSW STEEL LIMITED,Regulation 7 (2),,2026-05-28,,,,,,,,,https://nsearchives.nseindia.com/corporate/ixbrl/IT_20260528_175454_WEB.html,,,,,,,,,,,,,,
MTARTECH,MTAR TECHNOLOGIES LIMITED,Regulation 7 (2),,2026-05-28,,,,,,,,,https://nsearchives.nseindia.com/corporate/ixbrl/IT_20260528_172856_WEB.html,,,,,,,,,,,,,,
USHAMART,USHA MARTIN LIMITED,Regulation 7 (2),,2026-05-28,,,,,,,,,https://nsearchives.nseindia.com/corporate/ixbrl/IT_20260528_154748_WEB.html,,,,,,,,,,,,,,
BERGEPAINT,BERGER PAINTS (I) LIMITED,Regulation 7 (2),,2026-05-28,,,,,,,,,https://nsearchives.nseindia.com/corporate/ixbrl/IT_20260528_160707_WEB.html,,,,,,,,,,,,,,
HAPPYFORGE,HAPPY FORGINGS LIMITED,Regulation 7 (2),,2026-05-28,,,,,,,,,https://nsearchives.nseindia.com/corporate/ixbrl/IT_20260528_132516_WEB.html,,,,,,,,,,,,,,
GLAND,GLAND PHARMA LIMITED,Regulation 7 (2),,2026-05-28,,,,,,,,,https://nsearchives.nseindia.com/corporate/ixbrl/IT_20260528_151054_WEB.html,,,,,,,,,,,,,,
GLAND,GLAND PHARMA LIMITED,Regulation 7 (2),,2026-05-28,,,,,,,,,https://nsearchives.nseindia.com/corporate/ixbrl/IT_20260528_151054_WEB.html,,,,,,,,,,,,,,
ALICON,ALICON CASTALLOY LIMITED,Regulation 7 (2),,2026-05-28,,,,,,,,,https://nsearchives.nseindia.com/corporate/ixbrl/IT_20260528_125856_WEB.html,,,,,,,,,,,,,,
BERGEPAINT,BERGER PAINTS (I) LIMITED,Regulation 7 (2),,2026-05-28,,,,,,,,,https://nsearchives.nseindia.com/corporate/ixbrl/IT_20260528_160649_WEB.html,,,,,,,,,,,,,,
NAUKRI,Info Edge (India) Limited,Regulation 7 (2),,2026-05-28,,,,,,,,,https://nsearchives.nseindia.com/corporate/ixbrl/IT_20260528_144952_WEB.html,,,,,,,,,,,,,,
NAUKRI,Info Edge (India) Limited,Regulation 7 (2),,2026-05-28,,,,,,,,,https://nsearchives.nseindia.com/corporate/ixbrl/IT_20260528_144952_WEB.html,,,,,,,,,,,,,,
APLLTD,Alembic Pharmaceuticals Limited,Regulation 7 (2),,2026-05-28,,,,,,,,,https://nsearchives.nseindia.com/corporate/ixbrl/IT_20260528_111908_WEB.html,,,,,,,,,,,,,,
SOTL,Savita Oil Technologies Limited,Regulation 7 (2),,2026-05-28,,,,,,,,,https://nsearchives.nseindia.com/corporate/ixbrl/IT_20260528_110946_WEB.html,,,,,,,,,,,,,,
SOTL,Savita Oil Technologies Limited,Regulation 7 (2),,2026-05-28,,,,,,,,,https://nsearchives.nseindia.com/corporate/ixbrl/IT_20260528_110946_WEB.html,,,,,,,,,,,,,,
ALICON,ALICON CASTALLOY LIMITED,Regulation 7 (2),,2026-05-28,,,,,,,,,https://nsearchives.nseindia.com/corporate/ixbrl/IT_20260528_125820_WEB.html,,,,,,,,,,,,,,
JUBLFOOD,JUBILANT FOODWORKS LIMITED,Regulation 7 (2),,2026-05-28,,,,,,,,,https://nsearchives.nseindia.com/corporate/ixbrl/IT_20260528_100451_WEB.html,,,,,,,,,,,,,,
NRBBEARING,NRB BEARING LIMITED,Regulation 7 (2),,2026-05-27,,,,,,,,,https://nsearchives.nseindia.com/corporate/ixbrl/IT_20260527_191944_WEB.html,,,,,,,,,,,,,,
NRBBEARING,NRB BEARING LIMITED,Regulation 7 (2),,2026-05-27,,,,,,,,,https://nsearchives.nseindia.com/corporate/ixbrl/IT_20260527_191944_WEB.html,,,,,,,,,,,,,,
NRBBEARING,NRB BEARING LIMITED,Regulation 7 (2),,2026-05-27,,,,,,,,,https://nsearchives.nseindia.com/corporate/ixbrl/IT_20260527_191944_WEB.html,,,,,,,,,,,,,,
NRBBEARING,NRB BEARING LIMITED,Regulation 7 (2),,2026-05-27,,,,,,,,,https://nsearchives.nseindia.com/corporate/ixbrl/IT_20260527_191944_WEB.html,,,,,,,,,,,,,,
SASKEN,Sasken Technologies Limited,Regulation 7 (2),,2026-05-27,,,,,,,,,https://nsearchives.nseindia.com/corporate/ixbrl/IT_20260527_220248_WEB.html,,,,,,,,,,,,,,
SASKEN,Sasken Technologies Limited,Regulation 7 (2),,2026-05-27,,,,,,,,,https://nsearchives.nseindia.com/corporate/ixbrl/IT_20260527_220248_WEB.html,,,,,,,,,,,,,,
SASKEN,Sasken Technologies Limited,Regulation 7 (2),,2026-05-27,,,,,,,,,https://nsearchives.nseindia.com/corporate/ixbrl/IT_20260527_220248_WEB.html,,,,,,,,,,,,,,
ECLERX,eClerx Services Ltd,Regulation 7 (2),,2026-05-27,,,,,,,,,https://nsearchives.nseindia.com/corporate/ixbrl/IT_20260527_183516_WEB.html,,,,,,,,,,,,,,
ECLERX,eClerx Services Ltd,Regulation 7 (2),,2026-05-27,,,,,,,,,https://nsearchives.nseindia.com/corporate/ixbrl/IT_20260527_183516_WEB.html,,,,,,,,,,,,,,
PREMIERPOL,PREMIER POLYFILM LIMITED,Regulation 7 (2),,2026-05-27,,,,,,,,,https://nsearchives.nseindia.com/corporate/ixbrl/IT_20260527_184038_WEB.html,,,,,,,,,,,,,,
TATACONSUM,Tata Consumer Products Limited,Regulation 7 (2),,2026-05-27,,,,,,,,,https://nsearchives.nseindia.com/corporate/ixbrl/IT_20260527_182546_WEB.html,,,,,,,,,,,,,,
INOXINDIA,INOX INDIA LIMITED,Regulation 7 (2),,2026-05-27,,,,,,,,,https://nsearchives.nseindia.com/corporate/ixbrl/IT_20260527_194753_WEB.html,,,,,,,,,,,,,,
SHK,S H Kelkar and Company Limited,Regulation 7 (2),,2026-05-27,,,,,,,,,https://nsearchives.nseindia.com/corporate/ixbrl/IT_20260527_181834_WEB.html,,,,,,,,,,,,,,
SHK,S H Kelkar and Company Limited,Regulation 7 (2),,2026-05-27,,,,,,,,,https://nsearchives.nseindia.com/corporate/ixbrl/IT_20260527_181834_WEB.html,,,,,,,,,,,,,,
SHK,S H Kelkar and Company Limited,Regulation 7 (2),,2026-05-27,,,,,,,,,https://nsearchives.nseindia.com/corporate/ixbrl/IT_20260527_181834_WEB.html,,,,,,,,,,,,,,
PAISALO,PAISALO DIGITAL LIMITED,Regulation 7 (2),,2026-05-27,,,,,,,,,https://nsearchives.nseindia.com/corporate/ixbrl/IT_20260527_165406_WEB.html,,,,,,,,,,,,,,
PAISALO,PAISALO DIGITAL LIMITED,Regulation 7 (2),,2026-05-27,,,,,,,,,https://nsearchives.nseindia.com/corporate/ixbrl/IT_20260527_165406_WEB.html,,,,,,,,,,,,,,
PAISALO,PAISALO DIGITAL LIMITED,Regulation 7 (2),,2026-05-27,,,,,,,,,https://nsearchives.nseindia.com/corporate/ixbrl/IT_20260527_165406_WEB.html,,,,,,,,,,,,,,
PATELENG,PATEL ENGINEERING LIMITED,Regulation 7 (2),,2026-05-28,,,,,,,,,https://nsearchives.nseindia.com/corporate/ixbrl/IT_20260528_122404_WEB.html,,,,,,,,,,,,,,
DMART,AVENUE SUPERMARTS LIMITED,Regulation 7 (2),,2026-05-27,,,,,,,,,https://nsearchives.nseindia.com/corporate/ixbrl/IT_20260527_181757_WEB.html,,,,,,,,,,,,,,
DMART,AVENUE SUPERMARTS LIMITED,Regulation 7 (2),,2026-05-27,,,,,,,,,https://nsearchives.nseindia.com/corporate/ixbrl/IT_20260527_181757_WEB.html,,,,,,,,,,,,,,
DMART,AVENUE SUPERMARTS LIMITED,Regulation 7 (2),,2026-05-27,,,,,,,,,https://nsearchives.nseindia.com/corporate/ixbrl/IT_20260527_181757_WEB.html,,,,,,,,,,,,,,
DMART,AVENUE SUPERMARTS LIMITED,Regulation 7 (2),,2026-05-27,,,,,,,,,https://nsearchives.nseindia.com/corporate/ixbrl/IT_20260527_181757_WEB.html,,,,,,,,,,,,,,
DMART,AVENUE SUPERMARTS LIMITED,Regulation 7 (2),,2026-05-27,,,,,,,,,https://nsearchives.nseindia.com/corporate/ixbrl/IT_20260527_181757_WEB.html,,,,,,,,,,,,,,
DMART,AVENUE SUPERMARTS LIMITED,Regulation 7 (2),,2026-05-27,,,,,,,,,https://nsearchives.nseindia.com/corporate/ixbrl/IT_20260527_181757_WEB.html,,,,,,,,,,,,,,
INFY,Infosys Limited,Regulation 7 (2),,2026-05-27,,,,,,,,,https://nsearchives.nseindia.com/corporate/ixbrl/IT_20260527_162416_WEB.html,,,,,,,,,,,,,,
NAM-INDIA,Nippon Life India Asset Management Limited,Regulation 7 (2),,2026-05-27,,,,,,,,,https://nsearchives.nseindia.com/corporate/ixbrl/IT_20260527_180718_WEB.html,,,,,,,,,,,,,,
NAM-INDIA,Nippon Life India Asset Management Limited,Regulation 7 (2),,2026-05-27,,,,,,,,,https://nsearchives.nseindia.com/corporate/ixbrl/IT_20260527_180718_WEB.html,,,,,,,,,,,,,,
NAM-INDIA,Nippon Life India Asset Management Limited,Regulation 7 (2),,2026-05-27,,,,,,,,,https://nsearchives.nseindia.com/corporate/ixbrl/IT_20260527_180718_WEB.html,,,,,,,,,,,,,,
NAM-INDIA,Nippon Life India Asset Management Limited,Regulation 7 (2),,2026-05-27,,,,,,,,,https://nsearchives.nseindia.com/corporate/ixbrl/IT_20260527_180718_WEB.html,,,,,,,,,,,,,,
NAM-INDIA,Nippon Life India Asset Management Limited,Regulation 7 (2),,2026-05-27,,,,,,,,,https://nsearchives.nseindia.com/corporate/ixbrl/IT_20260527_180718_WEB.html,,,,,,,,,,,,,,
NAM-INDIA,Nippon Life India Asset Management Limited,Regulation 7 (2),,2026-05-27,,,,,,,,,https://nsearchives.nseindia.com/corporate/ixbrl/IT_20260527_180718_WEB.html,,,,,,,,,,,,,,
NAM-INDIA,Nippon Life India Asset Management Limited,Regulation 7 (2),,2026-05-27,,,,,,,,,https://nsearchives.nseindia.com/corporate/ixbrl/IT_20260527_180718_WEB.html,,,,,,,,,,,,,,
NAM-INDIA,Nippon Life India Asset Management Limited,Regulation 7 (2),,2026-05-27,,,,,,,,,https://nsearchives.nseindia.com/corporate/ixbrl/IT_20260527_180718_WEB.html,,,,,,,,,,,,,,
NAM-INDIA,Nippon Life India Asset Management Limited,Regulation 7 (2),,2026-05-27,,,,,,,,,https://nsearchives.nseindia.com/corporate/ixbrl/IT_20260527_180718_WEB.html,,,,,,,,,,,,,,
NAM-INDIA,Nippon Life India Asset Management Limited,Regulation 7 (2),,2026-05-27,,,,,,,,,https://nsearchives.nseindia.com/corporate/ixbrl/IT_20260527_180718_WEB.html,,,,,,,,,,,,,,
NAM-INDIA,Nippon Life India Asset Management Limited,Regulation 7 (2),,2026-05-27,,,,,,,,,https://nsearchives.nseindia.com/corporate/ixbrl/IT_20260527_180718_WEB.html,,,,,,,,,,,,,,
KIRLOSENG,Kirloskar Oil Engines Limited,Regulation 7 (2),,2026-05-27,,,,,,,,,https://nsearchives.nseindia.com/corporate/ixbrl/IT_20260527_160132_WEB.html,,,,,,,,,,,,,,
UNIECOM,Unicommerce eSolution Limited,Regulation 7 (2),,2026-05-26,,,,,,,,,https://nsearchives.nseindia.com/corporate/ixbrl/IT_20260527_173333_WEB.html,,,,,,,,,,,,,,
RISHABH,RISHABH INSTRUMENTS LIMITED,Regulation 7 (2),,2026-05-27,,,,,,,,,https://nsearchives.nseindia.com/corporate/ixbrl/IT_20260527_160309_WEB.html,,,,,,,,,,,,,,
RISHABH,RISHABH INSTRUMENTS LIMITED,Regulation 7 (2),,2026-05-27,,,,,,,,,https://nsearchives.nseindia.com/corporate/ixbrl/IT_20260527_160309_WEB.html,,,,,,,,,,,,,,
RISHABH,RISHABH INSTRUMENTS LIMITED,Regulation 7 (2),,2026-05-27,,,,,,,,,https://nsearchives.nseindia.com/corporate/ixbrl/IT_20260527_160309_WEB.html,,,,,,,,,,,,,,
RISHABH,RISHABH INSTRUMENTS LIMITED,Regulation 7 (2),,2026-05-27,,,,,,,,,https://nsearchives.nseindia.com/corporate/ixbrl/IT_20260527_160309_WEB.html,,,,,,,,,,,,,,
RISHABH,RISHABH INSTRUMENTS LIMITED,Regulation 7 (2),,2026-05-27,,,,,,,,,https://nsearchives.nseindia.com/corporate/ixbrl/IT_20260527_160309_WEB.html,,,,,,,,,,,,,,
RISHABH,RISHABH INSTRUMENTS LIMITED,Regulation 7 (2),,2026-05-27,,,,,,,,,https://nsearchives.nseindia.com/corporate/ixbrl/IT_20260527_160309_WEB.html,,,,,,,,,,,,,,
PAISALO,PAISALO DIGITAL LIMITED,Regulation 7 (2),,2026-05-27,,,,,,,,,https://nsearchives.nseindia.com/corporate/ixbrl/IT_20260527_124146_WEB.html,,,,,,,,,,,,,,
PAISALO,PAISALO DIGITAL LIMITED,Regulation 7 (2),,2026-05-27,,,,,,,,,https://nsearchives.nseindia.com/corporate/ixbrl/IT_20260527_124146_WEB.html,,,,,,,,,,,,,,
KIRLOSENG,Kirloskar Oil Engines Limited,Regulation 7 (2),,2026-05-27,,,,,,,,,https://nsearchives.nseindia.com/corporate/ixbrl/IT_20260527_154813_WEB.html,,,,,,,,,,,,,,
PARADEEP,PARADEEP PHOSPHATES LIMITED,Regulation 7 (2),,2026-05-27,,,,,,,,,https://nsearchives.nseindia.com/corporate/ixbrl/IT_20260527_124732_WEB.html,,,,,,,,,,,,,,
NAUKRI,Info Edge (India) Limited,Regulation 7 (2),,2026-05-27,,,,,,,,,https://nsearchives.nseindia.com/corporate/ixbrl/IT_20260527_150704_WEB.html,,,,,,,,,,,,,,
NAUKRI,Info Edge (India) Limited,Regulation 7 (2),,2026-05-27,,,,,,,,,https://nsearchives.nseindia.com/corporate/ixbrl/IT_20260527_150704_WEB.html,,,,,,,,,,,,,,
EUROPRATIK,Euro Pratik Sales Limited,Regulation 7 (2),,2026-05-21,,,,,,,,,https://nsearchives.nseindia.com/corporate/ixbrl/IT_20260527_105827_WEB.html,,,,,,,,,,,,,,
EUROPRATIK,Euro Pratik Sales Limited,Regulation 7 (2),,2026-05-21,,,,,,,,,https://nsearchives.nseindia.com/corporate/ixbrl/IT_20260527_105827_WEB.html,,,,,,,,,,,,,,
EUROPRATIK,Euro Pratik Sales Limited,Regulation 7 (2),,2026-05-21,,,,,,,,,https://nsearchives.nseindia.com/corporate/ixbrl/IT_20260527_105827_WEB.html,,,,,,,,,,,,,,
IBULLSLTD,Indiabulls Limited,Regulation 7 (2),,2026-05-26,,,,,,,,,https://nsearchives.nseindia.com/corporate/ixbrl/IT_20260526_192148_WEB.html,,,,,,,,,,,,,,
IBULLSLTD,Indiabulls Limited,Regulation 7 (2),,2026-05-26,,,,,,,,,https://nsearchives.nseindia.com/corporate/ixbrl/IT_20260526_192148_WEB.html,,,,,,,,,,,,,,
INOXINDIA,INOX INDIA LIMITED,Regulation 7 (2),,2026-05-26,,,,,,,,,https://nsearchives.nseindia.com/corporate/ixbrl/IT_20260526_190649_WEB.html,,,,,,,,,,,,,,
CENTRALBK,Central Bank of India,Regulation 7 (2),,2026-05-26,,,,,,,,,https://nsearchives.nseindia.com/corporate/ixbrl/IT_20260526_184406_WEB.html,,,,,,,,,,,,,,
WIPRO,WIPRO LIMITED,Regulation 7 (2),,2026-05-26,,,,,,,,,https://nsearchives.nseindia.com/corporate/ixbrl/IT_20260526_201226_WEB.html,,,,,,,,,,,,,,
WIPRO,WIPRO LIMITED,Regulation 7 (2),,2026-05-26,,,,,,,,,https://nsearchives.nseindia.com/corporate/ixbrl/IT_20260526_201226_WEB.html,,,,,,,,,,,,,,
WIPRO,WIPRO LIMITED,Regulation 7 (2),,2026-05-26,,,,,,,,,https://nsearchives.nseindia.com/corporate/ixbrl/IT_20260526_201226_WEB.html,,,,,,,,,,,,,,
WIPRO,WIPRO LIMITED,Regulation 7 (2),,2026-05-26,,,,,,,,,https://nsearchives.nseindia.com/corporate/ixbrl/IT_20260526_201226_WEB.html,,,,,,,,,,,,,,
WIPRO,WIPRO LIMITED,Regulation 7 (2),,2026-05-26,,,,,,,,,https://nsearchives.nseindia.com/corporate/ixbrl/IT_20260526_201226_WEB.html,,,,,,,,,,,,,,
WIPRO,WIPRO LIMITED,Regulation 7 (2),,2026-05-26,,,,,,,,,https://nsearchives.nseindia.com/corporate/ixbrl/IT_20260526_201226_WEB.html,,,,,,,,,,,,,,
WIPRO,WIPRO LIMITED,Regulation 7 (2),,2026-05-26,,,,,,,,,https://nsearchives.nseindia.com/corporate/ixbrl/IT_20260526_201226_WEB.html,,,,,,,,,,,,,,
WIPRO,WIPRO LIMITED,Regulation 7 (2),,2026-05-26,,,,,,,,,https://nsearchives.nseindia.com/corporate/ixbrl/IT_20260526_201226_WEB.html,,,,,,,,,,,,,,
WIPRO,WIPRO LIMITED,Regulation 7 (2),,2026-05-26,,,,,,,,,https://nsearchives.nseindia.com/corporate/ixbrl/IT_20260526_201226_WEB.html,,,,,,,,,,,,,,
WIPRO,WIPRO LIMITED,Regulation 7 (2),,2026-05-26,,,,,,,,,https://nsearchives.nseindia.com/corporate/ixbrl/IT_20260526_201226_WEB.html,,,,,,,,,,,,,,
WIPRO,WIPRO LIMITED,Regulation 7 (2),,2026-05-26,,,,,,,,,https://nsearchives.nseindia.com/corporate/ixbrl/IT_20260526_201226_WEB.html,,,,,,,,,,,,,,
WIPRO,WIPRO LIMITED,Regulation 7 (2),,2026-05-26,,,,,,,,,https://nsearchives.nseindia.com/corporate/ixbrl/IT_20260526_201226_WEB.html,,,,,,,,,,,,,,
WIPRO,WIPRO LIMITED,Regulation 7 (2),,2026-05-26,,,,,,,,,https://nsearchives.nseindia.com/corporate/ixbrl/IT_20260526_201226_WEB.html,,,,,,,,,,,,,,
WIPRO,WIPRO LIMITED,Regulation 7 (2),,2026-05-26,,,,,,,,,https://nsearchives.nseindia.com/corporate/ixbrl/IT_20260526_201226_WEB.html,,,,,,,,,,,,,,
WIPRO,WIPRO LIMITED,Regulation 7 (2),,2026-05-26,,,,,,,,,https://nsearchives.nseindia.com/corporate/ixbrl/IT_20260526_201226_WEB.html,,,,,,,,,,,,,,
WIPRO,WIPRO LIMITED,Regulation 7 (2),,2026-05-26,,,,,,,,,https://nsearchives.nseindia.com/corporate/ixbrl/IT_20260526_201226_WEB.html,,,,,,,,,,,,,,
WIPRO,WIPRO LIMITED,Regulation 7 (2),,2026-05-26,,,,,,,,,https://nsearchives.nseindia.com/corporate/ixbrl/IT_20260526_201226_WEB.html,,,,,,,,,,,,,,
WIPRO,WIPRO LIMITED,Regulation 7 (2),,2026-05-26,,,,,,,,,https://nsearchives.nseindia.com/corporate/ixbrl/IT_20260526_201226_WEB.html,,,,,,,,,,,,,,
WIPRO,WIPRO LIMITED,Regulation 7 (2),,2026-05-26,,,,,,,,,https://nsearchives.nseindia.com/corporate/ixbrl/IT_20260526_201226_WEB.html,,,,,,,,,,,,,,
WIPRO,WIPRO LIMITED,Regulation 7 (2),,2026-05-26,,,,,,,,,https://nsearchives.nseindia.com/corporate/ixbrl/IT_20260526_201226_WEB.html,,,,,,,,,,,,,,
WIPRO,WIPRO LIMITED,Regulation 7 (2),,2026-05-26,,,,,,,,,https://nsearchives.nseindia.com/corporate/ixbrl/IT_20260526_201226_WEB.html,,,,,,,,,,,,,,
WIPRO,WIPRO LIMITED,Regulation 7 (2),,2026-05-26,,,,,,,,,https://nsearchives.nseindia.com/corporate/ixbrl/IT_20260526_201226_WEB.html,,,,,,,,,,,,,,
WIPRO,WIPRO LIMITED,Regulation 7 (2),,2026-05-26,,,,,,,,,https://nsearchives.nseindia.com/corporate/ixbrl/IT_20260526_201226_WEB.html,,,,,,,,,,,,,,
WIPRO,WIPRO LIMITED,Regulation 7 (2),,2026-05-26,,,,,,,,,https://nsearchives.nseindia.com/corporate/ixbrl/IT_20260526_201226_WEB.html,,,,,,,,,,,,,,
WIPRO,WIPRO LIMITED,Regulation 7 (2),,2026-05-26,,,,,,,,,https://nsearchives.nseindia.com/corporate/ixbrl/IT_20260526_201226_WEB.html,,,,,,,,,,,,,,
WIPRO,WIPRO LIMITED,Regulation 7 (2),,2026-05-26,,,,,,,,,https://nsearchives.nseindia.com/corporate/ixbrl/IT_20260526_201226_WEB.html,,,,,,,,,,,,,,
WIPRO,WIPRO LIMITED,Regulation 7 (2),,2026-05-26,,,,,,,,,https://nsearchives.nseindia.com/corporate/ixbrl/IT_20260526_201226_WEB.html,,,,,,,,,,,,,,
WIPRO,WIPRO LIMITED,Regulation 7 (2),,2026-05-26,,,,,,,,,https://nsearchives.nseindia.com/corporate/ixbrl/IT_20260526_201226_WEB.html,,,,,,,,,,,,,,
WIPRO,WIPRO LIMITED,Regulation 7 (2),,2026-05-26,,,,,,,,,https://nsearchives.nseindia.com/corporate/ixbrl/IT_20260526_201226_WEB.html,,,,,,,,,,,,,,
WIPRO,WIPRO LIMITED,Regulation 7 (2),,2026-05-26,,,,,,,,,https://nsearchives.nseindia.com/corporate/ixbrl/IT_20260526_201226_WEB.html,,,,,,,,,,,,,,
WIPRO,WIPRO LIMITED,Regulation 7 (2),,2026-05-26,,,,,,,,,https://nsearchives.nseindia.com/corporate/ixbrl/IT_20260526_201226_WEB.html,,,,,,,,,,,,,,
WIPRO,WIPRO LIMITED,Regulation 7 (2),,2026-05-26,,,,,,,,,https://nsearchives.nseindia.com/corporate/ixbrl/IT_20260526_201226_WEB.html,,,,,,,,,,,,,,
WIPRO,WIPRO LIMITED,Regulation 7 (2),,2026-05-26,,,,,,,,,https://nsearchives.nseindia.com/corporate/ixbrl/IT_20260526_201226_WEB.html,,,,,,,,,,,,,,
WIPRO,WIPRO LIMITED,Regulation 7 (2),,2026-05-26,,,,,,,,,https://nsearchives.nseindia.com/corporate/ixbrl/IT_20260526_201226_WEB.html,,,,,,,,,,,,,,
WIPRO,WIPRO LIMITED,Regulation 7 (2),,2026-05-26,,,,,,,,,https://nsearchives.nseindia.com/corporate/ixbrl/IT_20260526_201226_WEB.html,,,,,,,,,,,,,,
WIPRO,WIPRO LIMITED,Regulation 7 (2),,2026-05-26,,,,,,,,,https://nsearchives.nseindia.com/corporate/ixbrl/IT_20260526_201226_WEB.html,,,,,,,,,,,,,,
WIPRO,WIPRO LIMITED,Regulation 7 (2),,2026-05-26,,,,,,,,,https://nsearchives.nseindia.com/corporate/ixbrl/IT_20260526_201226_WEB.html,,,,,,,,,,,,,,
WIPRO,WIPRO LIMITED,Regulation 7 (2),,2026-05-26,,,,,,,,,https://nsearchives.nseindia.com/corporate/ixbrl/IT_20260526_201226_WEB.html,,,,,,,,,,,,,,
WIPRO,WIPRO LIMITED,Regulation 7 (2),,2026-05-26,,,,,,,,,https://nsearchives.nseindia.com/corporate/ixbrl/IT_20260526_201226_WEB.html,,,,,,,,,,,,,,
WIPRO,WIPRO LIMITED,Regulation 7 (2),,2026-05-26,,,,,,,,,https://nsearchives.nseindia.com/corporate/ixbrl/IT_20260526_201226_WEB.html,,,,,,,,,,,,,,
WIPRO,WIPRO LIMITED,Regulation 7 (2),,2026-05-26,,,,,,,,,https://nsearchives.nseindia.com/corporate/ixbrl/IT_20260526_201226_WEB.html,,,,,,,,,,,,,,
WIPRO,WIPRO LIMITED,Regulation 7 (2),,2026-05-26,,,,,,,,,https://nsearchives.nseindia.com/corporate/ixbrl/IT_20260526_201226_WEB.html,,,,,,,,,,,,,,
WIPRO,WIPRO LIMITED,Regulation 7 (2),,2026-05-26,,,,,,,,,https://nsearchives.nseindia.com/corporate/ixbrl/IT_20260526_201226_WEB.html,,,,,,,,,,,,,,
WIPRO,WIPRO LIMITED,Regulation 7 (2),,2026-05-26,,,,,,,,,https://nsearchives.nseindia.com/corporate/ixbrl/IT_20260526_201226_WEB.html,,,,,,,,,,,,,,
WIPRO,WIPRO LIMITED,Regulation 7 (2),,2026-05-26,,,,,,,,,https://nsearchives.nseindia.com/corporate/ixbrl/IT_20260526_201226_WEB.html,,,,,,,,,,,,,,
WIPRO,WIPRO LIMITED,Regulation 7 (2),,2026-05-26,,,,,,,,,https://nsearchives.nseindia.com/corporate/ixbrl/IT_20260526_201226_WEB.html,,,,,,,,,,,,,,
WIPRO,WIPRO LIMITED,Regulation 7 (2),,2026-05-26,,,,,,,,,https://nsearchives.nseindia.com/corporate/ixbrl/IT_20260526_201226_WEB.html,,,,,,,,,,,,,,
WIPRO,WIPRO LIMITED,Regulation 7 (2),,2026-05-26,,,,,,,,,https://nsearchives.nseindia.com/corporate/ixbrl/IT_20260526_201226_WEB.html,,,,,,,,,,,,,,
WIPRO,WIPRO LIMITED,Regulation 7 (2),,2026-05-26,,,,,,,,,https://nsearchives.nseindia.com/corporate/ixbrl/IT_20260526_201226_WEB.html,,,,,,,,,,,,,,
INOXINDIA,INOX INDIA LIMITED,Regulation 7 (2),,2026-05-26,,,,,,,,,https://nsearchives.nseindia.com/corporate/ixbrl/IT_20260526_190552_WEB.html,,,,,,,,,,,,,,
HNDFDS,HINDUSTAN FOODS LIMITED,Regulation 7 (2),,2026-05-26,,,,,,,,,https://nsearchives.nseindia.com/corporate/ixbrl/IT_20260526_180133_WEB.html,,,,,,,,,,,,,,
HNDFDS,HINDUSTAN FOODS LIMITED,Regulation 7 (2),,2026-05-26,,,,,,,,,https://nsearchives.nseindia.com/corporate/ixbrl/IT_20260526_180133_WEB.html,,,,,,,,,,,,,,
HNDFDS,HINDUSTAN FOODS LIMITED,Regulation 7 (2),,2026-05-26,,,,,,,,,https://nsearchives.nseindia.com/corporate/ixbrl/IT_20260526_180133_WEB.html,,,,,,,,,,,,,,
HNDFDS,HINDUSTAN FOODS LIMITED,Regulation 7 (2),,2026-05-26,,,,,,,,,https://nsearchives.nseindia.com/corporate/ixbrl/IT_20260526_180133_WEB.html,,,,,,,,,,,,,,
HNDFDS,HINDUSTAN FOODS LIMITED,Regulation 7 (2),,2026-05-26,,,,,,,,,https://nsearchives.nseindia.com/corporate/ixbrl/IT_20260526_180133_WEB.html,,,,,,,,,,,,,,
HNDFDS,HINDUSTAN FOODS LIMITED,Regulation 7 (2),,2026-05-26,,,,,,,,,https://nsearchives.nseindia.com/corporate/ixbrl/IT_20260526_180133_WEB.html,,,,,,,,,,,,,,
HNDFDS,HINDUSTAN FOODS LIMITED,Regulation 7 (2),,2026-05-26,,,,,,,,,https://nsearchives.nseindia.com/corporate/ixbrl/IT_20260526_180133_WEB.html,,,,,,,,,,,,,,
INFY,Infosys Limited,Regulation 7 (2),,2026-05-26,,,,,,,,,https://nsearchives.nseindia.com/corporate/ixbrl/IT_20260526_190912_WEB.html,,,,,,,,,,,,,,
INFY,Infosys Limited,Regulation 7 (2),,2026-05-26,,,,,,,,,https://nsearchives.nseindia.com/corporate/ixbrl/IT_20260526_190912_WEB.html,,,,,,,,,,,,,,
INFY,Infosys Limited,Regulation 7 (2),,2026-05-26,,,,,,,,,https://nsearchives.nseindia.com/corporate/ixbrl/IT_20260526_190912_WEB.html,,,,,,,,,,,,,,
INFY,Infosys Limited,Regulation 7 (2),,2026-05-26,,,,,,,,,https://nsearchives.nseindia.com/corporate/ixbrl/IT_20260526_190912_WEB.html,,,,,,,,,,,,,,
INFY,Infosys Limited,Regulation 7 (2),,2026-05-26,,,,,,,,,https://nsearchives.nseindia.com/corporate/ixbrl/IT_20260526_190912_WEB.html,,,,,,,,,,,,,,
INFY,Infosys Limited,Regulation 7 (2),,2026-05-26,,,,,,,,,https://nsearchives.nseindia.com/corporate/ixbrl/IT_20260526_190912_WEB.html,,,,,,,,,,,,,,
INFY,Infosys Limited,Regulation 7 (2),,2026-05-26,,,,,,,,,https://nsearchives.nseindia.com/corporate/ixbrl/IT_20260526_190912_WEB.html,,,,,,,,,,,,,,
INFY,Infosys Limited,Regulation 7 (2),,2026-05-26,,,,,,,,,https://nsearchives.nseindia.com/corporate/ixbrl/IT_20260526_190912_WEB.html,,,,,,,,,,,,,,
INFY,Infosys Limited,Regulation 7 (2),,2026-05-26,,,,,,,,,https://nsearchives.nseindia.com/corporate/ixbrl/IT_20260526_190912_WEB.html,,,,,,,,,,,,,,
INFY,Infosys Limited,Regulation 7 (2),,2026-05-26,,,,,,,,,https://nsearchives.nseindia.com/corporate/ixbrl/IT_20260526_190912_WEB.html,,,,,,,,,,,,,,
INFY,Infosys Limited,Regulation 7 (2),,2026-05-26,,,,,,,,,https://nsearchives.nseindia.com/corporate/ixbrl/IT_20260526_190912_WEB.html,,,,,,,,,,,,,,
INFY,Infosys Limited,Regulation 7 (2),,2026-05-26,,,,,,,,,https://nsearchives.nseindia.com/corporate/ixbrl/IT_20260526_190912_WEB.html,,,,,,,,,,,,,,
INFY,Infosys Limited,Regulation 7 (2),,2026-05-26,,,,,,,,,https://nsearchives.nseindia.com/corporate/ixbrl/IT_20260526_190912_WEB.html,,,,,,,,,,,,,,
INFY,Infosys Limited,Regulation 7 (2),,2026-05-26,,,,,,,,,https://nsearchives.nseindia.com/corporate/ixbrl/IT_20260526_190912_WEB.html,,,,,,,,,,,,,,
INFY,Infosys Limited,Regulation 7 (2),,2026-05-26,,,,,,,,,https://nsearchives.nseindia.com/corporate/ixbrl/IT_20260526_190912_WEB.html,,,,,,,,,,,,,,
INFY,Infosys Limited,Regulation 7 (2),,2026-05-26,,,,,,,,,https://nsearchives.nseindia.com/corporate/ixbrl/IT_20260526_190912_WEB.html,,,,,,,,,,,,,,
INFY,Infosys Limited,Regulation 7 (2),,2026-05-26,,,,,,,,,https://nsearchives.nseindia.com/corporate/ixbrl/IT_20260526_190912_WEB.html,,,,,,,,,,,,,,
INFY,Infosys Limited,Regulation 7 (2),,2026-05-26,,,,,,,,,https://nsearchives.nseindia.com/corporate/ixbrl/IT_20260526_190912_WEB.html,,,,,,,,,,,,,,
INFY,Infosys Limited,Regulation 7 (2),,2026-05-26,,,,,,,,,https://nsearchives.nseindia.com/corporate/ixbrl/IT_20260526_190912_WEB.html,,,,,,,,,,,,,,
INFY,Infosys Limited,Regulation 7 (2),,2026-05-26,,,,,,,,,https://nsearchives.nseindia.com/corporate/ixbrl/IT_20260526_190912_WEB.html,,,,,,,,,,,,,,
INFY,Infosys Limited,Regulation 7 (2),,2026-05-26,,,,,,,,,https://nsearchives.nseindia.com/corporate/ixbrl/IT_20260526_190912_WEB.html,,,,,,,,,,,,,,
INFY,Infosys Limited,Regulation 7 (2),,2026-05-26,,,,,,,,,https://nsearchives.nseindia.com/corporate/ixbrl/IT_20260526_190912_WEB.html,,,,,,,,,,,,,,
INFY,Infosys Limited,Regulation 7 (2),,2026-05-26,,,,,,,,,https://nsearchives.nseindia.com/corporate/ixbrl/IT_20260526_190912_WEB.html,,,,,,,,,,,,,,
INFY,Infosys Limited,Regulation 7 (2),,2026-05-26,,,,,,,,,https://nsearchives.nseindia.com/corporate/ixbrl/IT_20260526_190912_WEB.html,,,,,,,,,,,,,,
INFY,Infosys Limited,Regulation 7 (2),,2026-05-26,,,,,,,,,https://nsearchives.nseindia.com/corporate/ixbrl/IT_20260526_190912_WEB.html,,,,,,,,,,,,,,
INFY,Infosys Limited,Regulation 7 (2),,2026-05-26,,,,,,,,,https://nsearchives.nseindia.com/corporate/ixbrl/IT_20260526_190912_WEB.html,,,,,,,,,,,,,,
INFY,Infosys Limited,Regulation 7 (2),,2026-05-26,,,,,,,,,https://nsearchives.nseindia.com/corporate/ixbrl/IT_20260526_190912_WEB.html,,,,,,,,,,,,,,
INFY,Infosys Limited,Regulation 7 (2),,2026-05-26,,,,,,,,,https://nsearchives.nseindia.com/corporate/ixbrl/IT_20260526_190912_WEB.html,,,,,,,,,,,,,,
INFY,Infosys Limited,Regulation 7 (2),,2026-05-26,,,,,,,,,https://nsearchives.nseindia.com/corporate/ixbrl/IT_20260526_190912_WEB.html,,,,,,,,,,,,,,
INFY,Infosys Limited,Regulation 7 (2),,2026-05-26,,,,,,,,,https://nsearchives.nseindia.com/corporate/ixbrl/IT_20260526_190912_WEB.html,,,,,,,,,,,,,,
INFY,Infosys Limited,Regulation 7 (2),,2026-05-26,,,,,,,,,https://nsearchives.nseindia.com/corporate/ixbrl/IT_20260526_190912_WEB.html,,,,,,,,,,,,,,
INFY,Infosys Limited,Regulation 7 (2),,2026-05-26,,,,,,,,,https://nsearchives.nseindia.com/corporate/ixbrl/IT_20260526_190912_WEB.html,,,,,,,,,,,,,,
INFY,Infosys Limited,Regulation 7 (2),,2026-05-26,,,,,,,,,https://nsearchives.nseindia.com/corporate/ixbrl/IT_20260526_190912_WEB.html,,,,,,,,,,,,,,
INFY,Infosys Limited,Regulation 7 (2),,2026-05-26,,,,,,,,,https://nsearchives.nseindia.com/corporate/ixbrl/IT_20260526_190912_WEB.html,,,,,,,,,,,,,,
INFY,Infosys Limited,Regulation 7 (2),,2026-05-26,,,,,,,,,https://nsearchives.nseindia.com/corporate/ixbrl/IT_20260526_190912_WEB.html,,,,,,,,,,,,,,
INFY,Infosys Limited,Regulation 7 (2),,2026-05-26,,,,,,,,,https://nsearchives.nseindia.com/corporate/ixbrl/IT_20260526_190912_WEB.html,,,,,,,,,,,,,,
INFY,Infosys Limited,Regulation 7 (2),,2026-05-26,,,,,,,,,https://nsearchives.nseindia.com/corporate/ixbrl/IT_20260526_190912_WEB.html,,,,,,,,,,,,,,
INFY,Infosys Limited,Regulation 7 (2),,2026-05-26,,,,,,,,,https://nsearchives.nseindia.com/corporate/ixbrl/IT_20260526_190912_WEB.html,,,,,,,,,,,,,,
INFY,Infosys Limited,Regulation 7 (2),,2026-05-26,,,,,,,,,https://nsearchives.nseindia.com/corporate/ixbrl/IT_20260526_190912_WEB.html,,,,,,,,,,,,,,
INFY,Infosys Limited,Regulation 7 (2),,2026-05-26,,,,,,,,,https://nsearchives.nseindia.com/corporate/ixbrl/IT_20260526_190912_WEB.html,,,,,,,,,,,,,,
INFY,Infosys Limited,Regulation 7 (2),,2026-05-26,,,,,,,,,https://nsearchives.nseindia.com/corporate/ixbrl/IT_20260526_190912_WEB.html,,,,,,,,,,,,,,
INFY,Infosys Limited,Regulation 7 (2),,2026-05-26,,,,,,,,,https://nsearchives.nseindia.com/corporate/ixbrl/IT_20260526_190912_WEB.html,,,,,,,,,,,,,,
INFY,Infosys Limited,Regulation 7 (2),,2026-05-26,,,,,,,,,https://nsearchives.nseindia.com/corporate/ixbrl/IT_20260526_190912_WEB.html,,,,,,,,,,,,,,
INFY,Infosys Limited,Regulation 7 (2),,2026-05-26,,,,,,,,,https://nsearchives.nseindia.com/corporate/ixbrl/IT_20260526_190912_WEB.html,,,,,,,,,,,,,,
INFY,Infosys Limited,Regulation 7 (2),,2026-05-26,,,,,,,,,https://nsearchives.nseindia.com/corporate/ixbrl/IT_20260526_190912_WEB.html,,,,,,,,,,,,,,
INFY,Infosys Limited,Regulation 7 (2),,2026-05-26,,,,,,,,,https://nsearchives.nseindia.com/corporate/ixbrl/IT_20260526_190912_WEB.html,,,,,,,,,,,,,,
INFY,Infosys Limited,Regulation 7 (2),,2026-05-26,,,,,,,,,https://nsearchives.nseindia.com/corporate/ixbrl/IT_20260526_190912_WEB.html,,,,,,,,,,,,,,
INFY,Infosys Limited,Regulation 7 (2),,2026-05-26,,,,,,,,,https://nsearchives.nseindia.com/corporate/ixbrl/IT_20260526_190912_WEB.html,,,,,,,,,,,,,,
INFY,Infosys Limited,Regulation 7 (2),,2026-05-26,,,,,,,,,https://nsearchives.nseindia.com/corporate/ixbrl/IT_20260526_190912_WEB.html,,,,,,,,,,,,,,
INFY,Infosys Limited,Regulation 7 (2),,2026-05-26,,,,,,,,,https://nsearchives.nseindia.com/corporate/ixbrl/IT_20260526_190912_WEB.html,,,,,,,,,,,,,,
INFY,Infosys Limited,Regulation 7 (2),,2026-05-26,,,,,,,,,https://nsearchives.nseindia.com/corporate/ixbrl/IT_20260526_190912_WEB.html,,,,,,,,,,,,,,
INFY,Infosys Limited,Regulation 7 (2),,2026-05-26,,,,,,,,,https://nsearchives.nseindia.com/corporate/ixbrl/IT_20260526_190912_WEB.html,,,,,,,,,,,,,,
INFY,Infosys Limited,Regulation 7 (2),,2026-05-26,,,,,,,,,https://nsearchives.nseindia.com/corporate/ixbrl/IT_20260526_190912_WEB.html,,,,,,,,,,,,,,
INFY,Infosys Limited,Regulation 7 (2),,2026-05-26,,,,,,,,,https://nsearchives.nseindia.com/corporate/ixbrl/IT_20260526_190912_WEB.html,,,,,,,,,,,,,,
INFY,Infosys Limited,Regulation 7 (2),,2026-05-26,,,,,,,,,https://nsearchives.nseindia.com/corporate/ixbrl/IT_20260526_190912_WEB.html,,,,,,,,,,,,,,
INFY,Infosys Limited,Regulation 7 (2),,2026-05-26,,,,,,,,,https://nsearchives.nseindia.com/corporate/ixbrl/IT_20260526_190912_WEB.html,,,,,,,,,,,,,,
INFY,Infosys Limited,Regulation 7 (2),,2026-05-26,,,,,,,,,https://nsearchives.nseindia.com/corporate/ixbrl/IT_20260526_190912_WEB.html,,,,,,,,,,,,,,
INFY,Infosys Limited,Regulation 7 (2),,2026-05-26,,,,,,,,,https://nsearchives.nseindia.com/corporate/ixbrl/IT_20260526_190912_WEB.html,,,,,,,,,,,,,,
INFY,Infosys Limited,Regulation 7 (2),,2026-05-26,,,,,,,,,https://nsearchives.nseindia.com/corporate/ixbrl/IT_20260526_190912_WEB.html,,,,,,,,,,,,,,
INFY,Infosys Limited,Regulation 7 (2),,2026-05-26,,,,,,,,,https://nsearchives.nseindia.com/corporate/ixbrl/IT_20260526_190912_WEB.html,,,,,,,,,,,,,,
INFY,Infosys Limited,Regulation 7 (2),,2026-05-26,,,,,,,,,https://nsearchives.nseindia.com/corporate/ixbrl/IT_20260526_190912_WEB.html,,,,,,,,,,,,,,
INFY,Infosys Limited,Regulation 7 (2),,2026-05-26,,,,,,,,,https://nsearchives.nseindia.com/corporate/ixbrl/IT_20260526_190912_WEB.html,,,,,,,,,,,,,,
INFY,Infosys Limited,Regulation 7 (2),,2026-05-26,,,,,,,,,https://nsearchives.nseindia.com/corporate/ixbrl/IT_20260526_190912_WEB.html,,,,,,,,,,,,,,
INFY,Infosys Limited,Regulation 7 (2),,2026-05-26,,,,,,,,,https://nsearchives.nseindia.com/corporate/ixbrl/IT_20260526_190912_WEB.html,,,,,,,,,,,,,,
INFY,Infosys Limited,Regulation 7 (2),,2026-05-26,,,,,,,,,https://nsearchives.nseindia.com/corporate/ixbrl/IT_20260526_190912_WEB.html,,,,,,,,,,,,,,
INFY,Infosys Limited,Regulation 7 (2),,2026-05-26,,,,,,,,,https://nsearchives.nseindia.com/corporate/ixbrl/IT_20260526_190912_WEB.html,,,,,,,,,,,,,,
INFY,Infosys Limited,Regulation 7 (2),,2026-05-26,,,,,,,,,https://nsearchives.nseindia.com/corporate/ixbrl/IT_20260526_190912_WEB.html,,,,,,,,,,,,,,
INFY,Infosys Limited,Regulation 7 (2),,2026-05-26,,,,,,,,,https://nsearchives.nseindia.com/corporate/ixbrl/IT_20260526_190912_WEB.html,,,,,,,,,,,,,,
INFY,Infosys Limited,Regulation 7 (2),,2026-05-26,,,,,,,,,https://nsearchives.nseindia.com/corporate/ixbrl/IT_20260526_190912_WEB.html,,,,,,,,,,,,,,
INFY,Infosys Limited,Regulation 7 (2),,2026-05-26,,,,,,,,,https://nsearchives.nseindia.com/corporate/ixbrl/IT_20260526_190912_WEB.html,,,,,,,,,,,,,,
INFY,Infosys Limited,Regulation 7 (2),,2026-05-26,,,,,,,,,https://nsearchives.nseindia.com/corporate/ixbrl/IT_20260526_190912_WEB.html,,,,,,,,,,,,,,
INFY,Infosys Limited,Regulation 7 (2),,2026-05-26,,,,,,,,,https://nsearchives.nseindia.com/corporate/ixbrl/IT_20260526_190912_WEB.html,,,,,,,,,,,,,,
INFY,Infosys Limited,Regulation 7 (2),,2026-05-26,,,,,,,,,https://nsearchives.nseindia.com/corporate/ixbrl/IT_20260526_190912_WEB.html,,,,,,,,,,,,,,
INFY,Infosys Limited,Regulation 7 (2),,2026-05-26,,,,,,,,,https://nsearchives.nseindia.com/corporate/ixbrl/IT_20260526_190912_WEB.html,,,,,,,,,,,,,,
INFY,Infosys Limited,Regulation 7 (2),,2026-05-26,,,,,,,,,https://nsearchives.nseindia.com/corporate/ixbrl/IT_20260526_190912_WEB.html,,,,,,,,,,,,,,
INFY,Infosys Limited,Regulation 7 (2),,2026-05-26,,,,,,,,,https://nsearchives.nseindia.com/corporate/ixbrl/IT_20260526_190912_WEB.html,,,,,,,,,,,,,,
INFY,Infosys Limited,Regulation 7 (2),,2026-05-26,,,,,,,,,https://nsearchives.nseindia.com/corporate/ixbrl/IT_20260526_190912_WEB.html,,,,,,,,,,,,,,
INFY,Infosys Limited,Regulation 7 (2),,2026-05-26,,,,,,,,,https://nsearchives.nseindia.com/corporate/ixbrl/IT_20260526_190912_WEB.html,,,,,,,,,,,,,,
INFY,Infosys Limited,Regulation 7 (2),,2026-05-26,,,,,,,,,https://nsearchives.nseindia.com/corporate/ixbrl/IT_20260526_190912_WEB.html,,,,,,,,,,,,,,
INFY,Infosys Limited,Regulation 7 (2),,2026-05-26,,,,,,,,,https://nsearchives.nseindia.com/corporate/ixbrl/IT_20260526_190912_WEB.html,,,,,,,,,,,,,,
INFY,Infosys Limited,Regulation 7 (2),,2026-05-26,,,,,,,,,https://nsearchives.nseindia.com/corporate/ixbrl/IT_20260526_190912_WEB.html,,,,,,,,,,,,,,
INFY,Infosys Limited,Regulation 7 (2),,2026-05-26,,,,,,,,,https://nsearchives.nseindia.com/corporate/ixbrl/IT_20260526_190912_WEB.html,,,,,,,,,,,,,,
INFY,Infosys Limited,Regulation 7 (2),,2026-05-26,,,,,,,,,https://nsearchives.nseindia.com/corporate/ixbrl/IT_20260526_190912_WEB.html,,,,,,,,,,,,,,
INFY,Infosys Limited,Regulation 7 (2),,2026-05-26,,,,,,,,,https://nsearchives.nseindia.com/corporate/ixbrl/IT_20260526_190912_WEB.html,,,,,,,,,,,,,,
INFY,Infosys Limited,Regulation 7 (2),,2026-05-26,,,,,,,,,https://nsearchives.nseindia.com/corporate/ixbrl/IT_20260526_190912_WEB.html,,,,,,,,,,,,,,
INFY,Infosys Limited,Regulation 7 (2),,2026-05-26,,,,,,,,,https://nsearchives.nseindia.com/corporate/ixbrl/IT_20260526_190912_WEB.html,,,,,,,,,,,,,,
INFY,Infosys Limited,Regulation 7 (2),,2026-05-26,,,,,,,,,https://nsearchives.nseindia.com/corporate/ixbrl/IT_20260526_190912_WEB.html,,,,,,,,,,,,,,
INFY,Infosys Limited,Regulation 7 (2),,2026-05-26,,,,,,,,,https://nsearchives.nseindia.com/corporate/ixbrl/IT_20260526_190912_WEB.html,,,,,,,,,,,,,,
INFY,Infosys Limited,Regulation 7 (2),,2026-05-26,,,,,,,,,https://nsearchives.nseindia.com/corporate/ixbrl/IT_20260526_190912_WEB.html,,,,,,,,,,,,,,
INFY,Infosys Limited,Regulation 7 (2),,2026-05-26,,,,,,,,,https://nsearchives.nseindia.com/corporate/ixbrl/IT_20260526_190912_WEB.html,,,,,,,,,,,,,,
INFY,Infosys Limited,Regulation 7 (2),,2026-05-26,,,,,,,,,https://nsearchives.nseindia.com/corporate/ixbrl/IT_20260526_190912_WEB.html,,,,,,,,,,,,,,
INFY,Infosys Limited,Regulation 7 (2),,2026-05-26,,,,,,,,,https://nsearchives.nseindia.com/corporate/ixbrl/IT_20260526_190912_WEB.html,,,,,,,,,,,,,,
INFY,Infosys Limited,Regulation 7 (2),,2026-05-26,,,,,,,,,https://nsearchives.nseindia.com/corporate/ixbrl/IT_20260526_190912_WEB.html,,,,,,,,,,,,,,
INFY,Infosys Limited,Regulation 7 (2),,2026-05-26,,,,,,,,,https://nsearchives.nseindia.com/corporate/ixbrl/IT_20260526_190912_WEB.html,,,,,,,,,,,,,,
INFY,Infosys Limited,Regulation 7 (2),,2026-05-26,,,,,,,,,https://nsearchives.nseindia.com/corporate/ixbrl/IT_20260526_190912_WEB.html,,,,,,,,,,,,,,
INFY,Infosys Limited,Regulation 7 (2),,2026-05-26,,,,,,,,,https://nsearchives.nseindia.com/corporate/ixbrl/IT_20260526_190912_WEB.html,,,,,,,,,,,,,,
INFY,Infosys Limited,Regulation 7 (2),,2026-05-26,,,,,,,,,https://nsearchives.nseindia.com/corporate/ixbrl/IT_20260526_190912_WEB.html,,,,,,,,,,,,,,
INFY,Infosys Limited,Regulation 7 (2),,2026-05-26,,,,,,,,,https://nsearchives.nseindia.com/corporate/ixbrl/IT_20260526_190912_WEB.html,,,,,,,,,,,,,,
INFY,Infosys Limited,Regulation 7 (2),,2026-05-26,,,,,,,,,https://nsearchives.nseindia.com/corporate/ixbrl/IT_20260526_190912_WEB.html,,,,,,,,,,,,,,
INFY,Infosys Limited,Regulation 7 (2),,2026-05-26,,,,,,,,,https://nsearchives.nseindia.com/corporate/ixbrl/IT_20260526_190912_WEB.html,,,,,,,,,,,,,,
INFY,Infosys Limited,Regulation 7 (2),,2026-05-26,,,,,,,,,https://nsearchives.nseindia.com/corporate/ixbrl/IT_20260526_190912_WEB.html,,,,,,,,,,,,,,
INFY,Infosys Limited,Regulation 7 (2),,2026-05-26,,,,,,,,,https://nsearchives.nseindia.com/corporate/ixbrl/IT_20260526_190912_WEB.html,,,,,,,,,,,,,,
INFY,Infosys Limited,Regulation 7 (2),,2026-05-26,,,,,,,,,https://nsearchives.nseindia.com/corporate/ixbrl/IT_20260526_190912_WEB.html,,,,,,,,,,,,,,
INFY,Infosys Limited,Regulation 7 (2),,2026-05-26,,,,,,,,,https://nsearchives.nseindia.com/corporate/ixbrl/IT_20260526_190912_WEB.html,,,,,,,,,,,,,,
INFY,Infosys Limited,Regulation 7 (2),,2026-05-26,,,,,,,,,https://nsearchives.nseindia.com/corporate/ixbrl/IT_20260526_190912_WEB.html,,,,,,,,,,,,,,
INFY,Infosys Limited,Regulation 7 (2),,2026-05-26,,,,,,,,,https://nsearchives.nseindia.com/corporate/ixbrl/IT_20260526_190912_WEB.html,,,,,,,,,,,,,,
INFY,Infosys Limited,Regulation 7 (2),,2026-05-26,,,,,,,,,https://nsearchives.nseindia.com/corporate/ixbrl/IT_20260526_190912_WEB.html,,,,,,,,,,,,,,
AFFLE,Affle 3i Limited,Regulation 7 (2),,2026-05-26,,,,,,,,,https://nsearchives.nseindia.com/corporate/ixbrl/IT_20260526_172234_WEB.html,,,,,,,,,,,,,,
ATULAUTO,ATUL AUTO LIMITED,Regulation 7 (2),,2026-05-26,,,,,,,,,https://nsearchives.nseindia.com/corporate/ixbrl/IT_20260526_164018_WEB.html,,,,,,,,,,,,,,
ATULAUTO,ATUL AUTO LIMITED,Regulation 7 (2),,2026-05-26,,,,,,,,,https://nsearchives.nseindia.com/corporate/ixbrl/IT_20260526_164018_WEB.html,,,,,,,,,,,,,,
ZYDUSLIFE,ZYDUS LIFESCIENCES LIMITED,Regulation 7 (2),,2026-05-26,,,,,,,,,https://nsearchives.nseindia.com/corporate/ixbrl/IT_20260526_154101_WEB.html,,,,,,,,,,,,,,
ZYDUSWELL,ZYDUS WELLNESS LIMITED,Regulation 7 (2),,2026-05-26,,,,,,,,,https://nsearchives.nseindia.com/corporate/ixbrl/IT_20260526_140718_WEB.html,,,,,,,,,,,,,,
PAISALO,PAISALO DIGITAL LIMITED,Regulation 7 (2),,2026-05-26,,,,,,,,,https://nsearchives.nseindia.com/corporate/ixbrl/IT_20260526_164744_WEB.html,,,,,,,,,,,,,,
PAISALO,PAISALO DIGITAL LIMITED,Regulation 7 (2),,2026-05-26,,,,,,,,,https://nsearchives.nseindia.com/corporate/ixbrl/IT_20260526_164744_WEB.html,,,,,,,,,,,,,,
PAISALO,PAISALO DIGITAL LIMITED,Regulation 7 (2),,2026-05-26,,,,,,,,,https://nsearchives.nseindia.com/corporate/ixbrl/IT_20260526_164744_WEB.html,,,,,,,,,,,,,,
FSL,Firstsource Solutions Limited,Regulation 7 (2),,2026-05-26,,,,,,,,,https://nsearchives.nseindia.com/corporate/ixbrl/IT_20260526_162003_WEB.html,,,,,,,,,,,,,,
FSL,Firstsource Solutions Limited,Regulation 7 (2),,2026-05-26,,,,,,,,,https://nsearchives.nseindia.com/corporate/ixbrl/IT_20260526_162003_WEB.html,,,,,,,,,,,,,,
FSL,Firstsource Solutions Limited,Regulation 7 (2),,2026-05-26,,,,,,,,,https://nsearchives.nseindia.com/corporate/ixbrl/IT_20260526_162003_WEB.html,,,,,,,,,,,,,,
FSL,Firstsource Solutions Limited,Regulation 7 (2),,2026-05-26,,,,,,,,,https://nsearchives.nseindia.com/corporate/ixbrl/IT_20260526_162003_WEB.html,,,,,,,,,,,,,,
SAKAR,Sakar Healthcare Limited,Regulation 7 (2),,2026-05-26,,,,,,,,,https://nsearchives.nseindia.com/corporate/ixbrl/IT_20260526_171058_WEB.html,,,,,,,,,,,,,,
HAPPYFORGE,HAPPY FORGINGS LIMITED,Regulation 7 (2),,2026-05-26,,,,,,,,,https://nsearchives.nseindia.com/corporate/ixbrl/IT_20260526_143249_WEB.html,,,,,,,,,,,,,,
PARSVNATH,PARSVNATH DEVELOPERS LIMITED,Regulation 7 (2),,2026-05-26,,,,,,,,,https://nsearchives.nseindia.com/corporate/ixbrl/IT_20260526_134739_WEB.html,,,,,,,,,,,,,,
PARSVNATH,PARSVNATH DEVELOPERS LIMITED,Regulation 7 (2),,2026-05-26,,,,,,,,,https://nsearchives.nseindia.com/corporate/ixbrl/IT_20260526_134739_WEB.html,,,,,,,,,,,,,,
PARSVNATH,PARSVNATH DEVELOPERS LIMITED,Regulation 7 (2),,2026-05-26,,,,,,,,,https://nsearchives.nseindia.com/corporate/ixbrl/IT_20260526_134739_WEB.html,,,,,,,,,,,,,,
VGUARD,V-Guard Industries Limited,Regulation 7 (2),,2026-05-26,,,,,,,,,https://nsearchives.nseindia.com/corporate/ixbrl/IT_20260526_131900_WEB.html,,,,,,,,,,,,,,
VGUARD,V-Guard Industries Limited,Regulation 7 (2),,2026-05-26,,,,,,,,,https://nsearchives.nseindia.com/corporate/ixbrl/IT_20260526_131900_WEB.html,,,,,,,,,,,,,,
DAMODARIND,DAMODAR INDUSTRIES LIMITED,Regulation 7 (2),,2026-05-25,,,,,,,,,https://nsearchives.nseindia.com/corporate/ixbrl/IT_20260525_202100_WEB.html,,,,,,,,,,,,,,
DAMODARIND,DAMODAR INDUSTRIES LIMITED,Regulation 7 (2),,2026-05-25,,,,,,,,,https://nsearchives.nseindia.com/corporate/ixbrl/IT_20260525_202100_WEB.html,,,,,,,,,,,,,,
SASKEN,Sasken Technologies Limited,Regulation 7 (2),,2026-05-25,,,,,,,,,https://nsearchives.nseindia.com/corporate/ixbrl/IT_20260525_212122_WEB.html,,,,,,,,,,,,,,
SASKEN,Sasken Technologies Limited,Regulation 7 (2),,2026-05-25,,,,,,,,,https://nsearchives.nseindia.com/corporate/ixbrl/IT_20260525_212122_WEB.html,,,,,,,,,,,,,,
SASKEN,Sasken Technologies Limited,Regulation 7 (2),,2026-05-25,,,,,,,,,https://nsearchives.nseindia.com/corporate/ixbrl/IT_20260525_212122_WEB.html,,,,,,,,,,,,,,
APLLTD,Alembic Pharmaceuticals Limited,Regulation 7 (2),,2026-05-25,,,,,,,,,https://nsearchives.nseindia.com/corporate/ixbrl/IT_20260525_195303_WEB.html,,,,,,,,,,,,,,
ECLERX,eClerx Services Ltd,Regulation 7 (2),,2026-05-26,,,,,,,,,https://nsearchives.nseindia.com/corporate/ixbrl/IT_20260526_105626_WEB.html,,,,,,,,,,,,,,
INOXINDIA,INOX INDIA LIMITED,Regulation 7 (2),,2026-05-25,,,,,,,,,https://nsearchives.nseindia.com/corporate/ixbrl/IT_20260525_200820_WEB.html,,,,,,,,,,,,,,
IBULLSLTD,Indiabulls Limited,Regulation 7 (2),,2026-05-25,,,,,,,,,https://nsearchives.nseindia.com/corporate/ixbrl/IT_20260525_184739_WEB.html,,,,,,,,,,,,,,
AURUM,AURUM PROPTECH LIMITED,Regulation 7 (2),,2026-05-25,,,,,,,,,https://nsearchives.nseindia.com/corporate/ixbrl/IT_20260525_202919_WEB.html,,,,,,,,,,,,,,
SBCL,SHIVALIK BIMETAL CONTROLS LIMITED,Regulation 7 (2),,2026-05-25,,,,,,,,,https://nsearchives.nseindia.com/corporate/ixbrl/IT_20260525_173312_WEB.html,,,,,,,,,,,,,,
SBCL,SHIVALIK BIMETAL CONTROLS LIMITED,Regulation 7 (2),,2026-05-25,,,,,,,,,https://nsearchives.nseindia.com/corporate/ixbrl/IT_20260525_173312_WEB.html,,,,,,,,,,,,,,
WIPRO,WIPRO LIMITED,Regulation 7 (2),,2026-05-25,,,,,,,,,https://nsearchives.nseindia.com/corporate/ixbrl/IT_20260525_184044_WEB.html,,,,,,,,,,,,,,
WIPRO,WIPRO LIMITED,Regulation 7 (2),,2026-05-25,,,,,,,,,https://nsearchives.nseindia.com/corporate/ixbrl/IT_20260525_184044_WEB.html,,,,,,,,,,,,,,
APLLTD,Alembic Pharmaceuticals Limited,Regulation 7 (2),,2026-05-25,,,,,,,,,https://nsearchives.nseindia.com/corporate/ixbrl/IT_20260525_194950_WEB.html,,,,,,,,,,,,,,
GHCL,GHCL Limited,Regulation 7 (2),,2026-05-25,,,,,,,,,https://nsearchives.nseindia.com/corporate/ixbrl/IT_20260525_170100_WEB.html,,,,,,,,,,,,,,
GHCL,GHCL Limited,Regulation 7 (2),,2026-05-25,,,,,,,,,https://nsearchives.nseindia.com/corporate/ixbrl/IT_20260525_170100_WEB.html,,,,,,,,,,,,,,
GHCL,GHCL Limited,Regulation 7 (2),,2026-05-25,,,,,,,,,https://nsearchives.nseindia.com/corporate/ixbrl/IT_20260525_170100_WEB.html,,,,,,,,,,,,,,
GHCL,GHCL Limited,Regulation 7 (2),,2026-05-25,,,,,,,,,https://nsearchives.nseindia.com/corporate/ixbrl/IT_20260525_170100_WEB.html,,,,,,,,,,,,,,
GHCL,GHCL Limited,Regulation 7 (2),,2026-05-25,,,,,,,,,https://nsearchives.nseindia.com/corporate/ixbrl/IT_20260525_170100_WEB.html,,,,,,,,,,,,,,
GHCL,GHCL Limited,Regulation 7 (2),,2026-05-25,,,,,,,,,https://nsearchives.nseindia.com/corporate/ixbrl/IT_20260525_170100_WEB.html,,,,,,,,,,,,,,
GHCL,GHCL Limited,Regulation 7 (2),,2026-05-25,,,,,,,,,https://nsearchives.nseindia.com/corporate/ixbrl/IT_20260525_170100_WEB.html,,,,,,,,,,,,,,
KAVDEFENCE,Kavveri Defence & Wireless Technologies Limited,Regulation 7 (2),,2026-05-25,,,,,,,,,https://nsearchives.nseindia.com/corporate/ixbrl/IT_20260525_180444_WEB.html,,,,,,,,,,,,,,
KAVDEFENCE,Kavveri Defence & Wireless Technologies Limited,Regulation 7 (2),,2026-05-25,,,,,,,,,https://nsearchives.nseindia.com/corporate/ixbrl/IT_20260525_180444_WEB.html,,,,,,,,,,,,,,
KAVDEFENCE,Kavveri Defence & Wireless Technologies Limited,Regulation 7 (2),,2026-05-25,,,,,,,,,https://nsearchives.nseindia.com/corporate/ixbrl/IT_20260525_180444_WEB.html,,,,,,,,,,,,,,
KAVDEFENCE,Kavveri Defence & Wireless Technologies Limited,Regulation 7 (2),,2026-05-25,,,,,,,,,https://nsearchives.nseindia.com/corporate/ixbrl/IT_20260525_180444_WEB.html,,,,,,,,,,,,,,
WEBELSOLAR,WEBSOL ENERGY SYSTEM LIMITED,Regulation 7 (2),,2026-05-25,,,,,,,,,https://nsearchives.nseindia.com/corporate/ixbrl/IT_20260525_172642_WEB.html,,,,,,,,,,,,,,
VASCONEQ,VASCON ENGINEERS LIMITED,Regulation 7 (2),,2026-05-25,,,,,,,,,https://nsearchives.nseindia.com/corporate/ixbrl/IT_20260525_153249_WEB.html,,,,,,,,,,,,,,
SHAILY,Shaily Engineering Plastics Limited,Regulation 7 (2),,2026-05-25,,,,,,,,,https://nsearchives.nseindia.com/corporate/ixbrl/IT_20260525_162944_WEB.html,,,,,,,,,,,,,,
LALPATHLAB,DR. LAL PATHLABS LIMITED,Regulation 7 (2),,2026-05-23,,,,,,,,,https://nsearchives.nseindia.com/corporate/ixbrl/IT_20260525_155322_WEB.html,,,,,,,,,,,,,,
LALPATHLAB,DR. LAL PATHLABS LIMITED,Regulation 7 (2),,2026-05-23,,,,,,,,,https://nsearchives.nseindia.com/corporate/ixbrl/IT_20260525_155322_WEB.html,,,,,,,,,,,,,,
LALPATHLAB,DR. LAL PATHLABS LIMITED,Regulation 7 (2),,2026-05-23,,,,,,,,,https://nsearchives.nseindia.com/corporate/ixbrl/IT_20260525_155322_WEB.html,,,,,,,,,,,,,,
LALPATHLAB,DR. LAL PATHLABS LIMITED,Regulation 7 (2),,2026-05-23,,,,,,,,,https://nsearchives.nseindia.com/corporate/ixbrl/IT_20260525_155322_WEB.html,,,,,,,,,,,,,,
LALPATHLAB,DR. LAL PATHLABS LIMITED,Regulation 7 (2),,2026-05-23,,,,,,,,,https://nsearchives.nseindia.com/corporate/ixbrl/IT_20260525_155322_WEB.html,,,,,,,,,,,,,,
LALPATHLAB,DR. LAL PATHLABS LIMITED,Regulation 7 (2),,2026-05-23,,,,,,,,,https://nsearchives.nseindia.com/corporate/ixbrl/IT_20260525_155322_WEB.html,,,,,,,,,,,,,,
LALPATHLAB,DR. LAL PATHLABS LIMITED,Regulation 7 (2),,2026-05-23,,,,,,,,,https://nsearchives.nseindia.com/corporate/ixbrl/IT_20260525_155322_WEB.html,,,,,,,,,,,,,,
LALPATHLAB,DR. LAL PATHLABS LIMITED,Regulation 7 (2),,2026-05-23,,,,,,,,,https://nsearchives.nseindia.com/corporate/ixbrl/IT_20260525_155322_WEB.html,,,,,,,,,,,,,,
GHCL,GHCL Limited,Regulation 7 (2),,2026-05-25,,,,,,,,,https://nsearchives.nseindia.com/corporate/ixbrl/IT_20260525_165756_WEB.html,,,,,,,,,,,,,,
GHCL,GHCL Limited,Regulation 7 (2),,2026-05-25,,,,,,,,,https://nsearchives.nseindia.com/corporate/ixbrl/IT_20260525_165756_WEB.html,,,,,,,,,,,,,,
GHCL,GHCL Limited,Regulation 7 (2),,2026-05-25,,,,,,,,,https://nsearchives.nseindia.com/corporate/ixbrl/IT_20260525_165756_WEB.html,,,,,,,,,,,,,,
GHCL,GHCL Limited,Regulation 7 (2),,2026-05-25,,,,,,,,,https://nsearchives.nseindia.com/corporate/ixbrl/IT_20260525_165756_WEB.html,,,,,,,,,,,,,,
GHCL,GHCL Limited,Regulation 7 (2),,2026-05-25,,,,,,,,,https://nsearchives.nseindia.com/corporate/ixbrl/IT_20260525_165756_WEB.html,,,,,,,,,,,,,,
GHCL,GHCL Limited,Regulation 7 (2),,2026-05-25,,,,,,,,,https://nsearchives.nseindia.com/corporate/ixbrl/IT_20260525_165756_WEB.html,,,,,,,,,,,,,,
GHCL,GHCL Limited,Regulation 7 (2),,2026-05-25,,,,,,,,,https://nsearchives.nseindia.com/corporate/ixbrl/IT_20260525_165756_WEB.html,,,,,,,,,,,,,,
SHEKHAWATI,SHEKHAWATI INDUSTRIES LIMITED,Regulation 7 (2),,2026-05-25,,,,,,,,,https://nsearchives.nseindia.com/corporate/ixbrl/IT_20260525_151358_WEB.html,,,,,,,,,,,,,,
SHEKHAWATI,SHEKHAWATI INDUSTRIES LIMITED,Regulation 7 (2),,2026-05-25,,,,,,,,,https://nsearchives.nseindia.com/corporate/ixbrl/IT_20260525_151358_WEB.html,,,,,,,,,,,,,,
PARADEEP,PARADEEP PHOSPHATES LIMITED,Regulation 7 (2),,2026-05-25,,,,,,,,,https://nsearchives.nseindia.com/corporate/ixbrl/IT_20260525_152729_WEB.html,,,,,,,,,,,,,,
PARADEEP,PARADEEP PHOSPHATES LIMITED,Regulation 7 (2),,2026-05-25,,,,,,,,,https://nsearchives.nseindia.com/corporate/ixbrl/IT_20260525_152729_WEB.html,,,,,,,,,,,,,,
GREENPANEL,Greenpanel Industries Limited,Regulation 7 (2),,2026-05-25,,,,,,,,,https://nsearchives.nseindia.com/corporate/ixbrl/IT_20260525_142730_WEB.html,,,,,,,,,,,,,,
GLAND,GLAND PHARMA LIMITED,Regulation 7 (2),,2026-05-25,,,,,,,,,https://nsearchives.nseindia.com/corporate/ixbrl/IT_20260525_165904_WEB.html,,,,,,,,,,,,,,
GLAND,GLAND PHARMA LIMITED,Regulation 7 (2),,2026-05-25,,,,,,,,,https://nsearchives.nseindia.com/corporate/ixbrl/IT_20260525_165904_WEB.html,,,,,,,,,,,,,,
FIBERWEB,Fiberweb (India) Limited,Regulation 7 (2),,2026-05-25,,,,,,,,,https://nsearchives.nseindia.com/corporate/ixbrl/IT_20260525_130504_WEB.html,,,,,,,,,,,,,,
FIBERWEB,Fiberweb (India) Limited,Regulation 7 (2),,2026-05-25,,,,,,,,,https://nsearchives.nseindia.com/corporate/ixbrl/IT_20260525_130504_WEB.html,,,,,,,,,,,,,,
FIBERWEB,Fiberweb (India) Limited,Regulation 7 (2),,2026-05-25,,,,,,,,,https://nsearchives.nseindia.com/corporate/ixbrl/IT_20260525_125628_WEB.html,,,,,,,,,,,,,,
FIBERWEB,Fiberweb (India) Limited,Regulation 7 (2),,2026-05-25,,,,,,,,,https://nsearchives.nseindia.com/corporate/ixbrl/IT_20260525_125628_WEB.html,,,,,,,,,,,,,,
VASCONEQ,VASCON ENGINEERS LIMITED,Regulation 7 (2),,2026-05-25,,,,,,,,,https://nsearchives.nseindia.com/corporate/ixbrl/IT_20260525_152828_WEB.html,,,,,,,,,,,,,,
FIBERWEB,Fiberweb (India) Limited,Regulation 7 (2),,2026-05-25,,,,,,,,,https://nsearchives.nseindia.com/corporate/ixbrl/IT_20260525_130430_WEB.html,,,,,,,,,,,,,,
FIBERWEB,Fiberweb (India) Limited,Regulation 7 (2),,2026-05-25,,,,,,,,,https://nsearchives.nseindia.com/corporate/ixbrl/IT_20260525_130430_WEB.html,,,,,,,,,,,,,,
AQYLON,AQYLON NEXUS LIMITED,Regulation 7 (2),,2026-05-25,,,,,,,,,https://nsearchives.nseindia.com/corporate/ixbrl/IT_20260525_114751_WEB.html,,,,,,,,,,,,,,
SHAREINDIA,Share India Securities Limited,Regulation 7 (2),,2026-05-22,,,,,,,,,https://nsearchives.nseindia.com/corporate/ixbrl/IT_20260523_172718_WEB.html,,,,,,,,,,,,,,
SHAREINDIA,Share India Securities Limited,Regulation 7 (2),,2026-05-22,,,,,,,,,https://nsearchives.nseindia.com/corporate/ixbrl/IT_20260523_172718_WEB.html,,,,,,,,,,,,,,
SHAREINDIA,Share India Securities Limited,Regulation 7 (2),,2026-05-22,,,,,,,,,https://nsearchives.nseindia.com/corporate/ixbrl/IT_20260523_172746_WEB.html,,,,,,,,,,,,,,
SHAREINDIA,Share India Securities Limited,Regulation 7 (2),,2026-05-22,,,,,,,,,https://nsearchives.nseindia.com/corporate/ixbrl/IT_20260523_172746_WEB.html,,,,,,,,,,,,,,
EUROPRATIK,Euro Pratik Sales Limited,Regulation 7 (2),,2026-05-22,,,,,,,,,https://nsearchives.nseindia.com/corporate/ixbrl/IT_20260525_111946_WEB.html,,,,,,,,,,,,,,
MTARTECH,MTAR TECHNOLOGIES LIMITED,Regulation 7 (2),,2026-05-23,,,,,,,,,https://nsearchives.nseindia.com/corporate/ixbrl/IT_20260523_162019_WEB.html,,,,,,,,,,,,,,
MTARTECH,MTAR TECHNOLOGIES LIMITED,Regulation 7 (2),,2026-05-23,,,,,,,,,https://nsearchives.nseindia.com/corporate/ixbrl/IT_20260523_162019_WEB.html,,,,,,,,,,,,,,
MTARTECH,MTAR TECHNOLOGIES LIMITED,Regulation 7 (2),,2026-05-23,,,,,,,,,https://nsearchives.nseindia.com/corporate/ixbrl/IT_20260523_162019_WEB.html,,,,,,,,,,,,,,
SAKAR,Sakar Healthcare Limited,Regulation 7 (2),,2026-05-23,,,,,,,,,https://nsearchives.nseindia.com/corporate/ixbrl/IT_20260523_165639_WEB.html,,,,,,,,,,,,,,
SHAREINDIA,Share India Securities Limited,Regulation 7 (2),,2026-05-22,,,,,,,,,https://nsearchives.nseindia.com/corporate/ixbrl/IT_20260523_172855_WEB.html,,,,,,,,,,,,,,
SHAREINDIA,Share India Securities Limited,Regulation 7 (2),,2026-05-22,,,,,,,,,https://nsearchives.nseindia.com/corporate/ixbrl/IT_20260523_172855_WEB.html,,,,,,,,,,,,,,
SERVOTECH,Servotech Renewable Power System Limited,Regulation 7 (2),,2026-05-23,,,,,,,,,https://nsearchives.nseindia.com/corporate/ixbrl/IT_20260523_100352_WEB.html,,,,,,,,,,,,,,
JARO,JARO INSTITUTE OF TECHNOLOGY MANAGEMENT AND RESEARCH LIMITED,Regulation 7 (2),,2026-05-23,,,,,,,,,https://nsearchives.nseindia.com/corporate/ixbrl/IT_20260523_151831_WEB.html,,,,,,,,,,,,,,
ALICON,ALICON CASTALLOY LIMITED,Regulation 7 (2),,2026-05-23,,,,,,,,,https://nsearchives.nseindia.com/corporate/ixbrl/IT_20260523_104336_WEB.html,,,,,,,,,,,,,,
UNIECOM,Unicommerce eSolution Limited,Regulation 7 (2),,2026-05-22,,,,,,,,,https://nsearchives.nseindia.com/corporate/ixbrl/IT_20260522_205952_WEB.html,,,,,,,,,,,,,,
ATLASCYCLE,Atlas Cycles (Haryana) Ltd,Regulation 7 (2),,2026-05-22,,,,,,,,,https://nsearchives.nseindia.com/corporate/ixbrl/IT_20260522_201110_WEB.html,,,,,,,,,,,,,,
ATLASCYCLE,Atlas Cycles (Haryana) Ltd,Regulation 7 (2),,2026-05-22,,,,,,,,,https://nsearchives.nseindia.com/corporate/ixbrl/IT_20260522_201110_WEB.html,,,,,,,,,,,,,,
RELIANCE,Reliance Industries Limited,Regulation 7 (2),,2026-05-22,,,,,,,,,https://nsearchives.nseindia.com/corporate/ixbrl/IT_20260522_220704_WEB.html,,,,,,,,,,,,,,
360ONE,360 ONE WAM LIMITED,Regulation 7 (2),,2026-05-22,,,,,,,,,https://nsearchives.nseindia.com/corporate/ixbrl/IT_20260522_220550_WEB.html,,,,,,,,,,,,,,
360ONE,360 ONE WAM LIMITED,Regulation 7 (2),,2026-05-22,,,,,,,,,https://nsearchives.nseindia.com/corporate/ixbrl/IT_20260522_220550_WEB.html,,,,,,,,,,,,,,
360ONE,360 ONE WAM LIMITED,Regulation 7 (2),,2026-05-22,,,,,,,,,https://nsearchives.nseindia.com/corporate/ixbrl/IT_20260522_220550_WEB.html,,,,,,,,,,,,,,
NRBBEARING,NRB BEARING LIMITED,Regulation 7 (2),,2026-05-22,,,,,,,,,https://nsearchives.nseindia.com/corporate/ixbrl/IT_20260522_191733_WEB.html,,,,,,,,,,,,,,
NRBBEARING,NRB BEARING LIMITED,Regulation 7 (2),,2026-05-22,,,,,,,,,https://nsearchives.nseindia.com/corporate/ixbrl/IT_20260522_191733_WEB.html,,,,,,,,,,,,,,
NRBBEARING,NRB BEARING LIMITED,Regulation 7 (2),,2026-05-22,,,,,,,,,https://nsearchives.nseindia.com/corporate/ixbrl/IT_20260522_191733_WEB.html,,,,,,,,,,,,,,
NRBBEARING,NRB BEARING LIMITED,Regulation 7 (2),,2026-05-22,,,,,,,,,https://nsearchives.nseindia.com/corporate/ixbrl/IT_20260522_191659_WEB.html,,,,,,,,,,,,,,
NRBBEARING,NRB BEARING LIMITED,Regulation 7 (2),,2026-05-22,,,,,,,,,https://nsearchives.nseindia.com/corporate/ixbrl/IT_20260522_191659_WEB.html,,,,,,,,,,,,,,
NRBBEARING,NRB BEARING LIMITED,Regulation 7 (2),,2026-05-22,,,,,,,,,https://nsearchives.nseindia.com/corporate/ixbrl/IT_20260522_191659_WEB.html,,,,,,,,,,,,,,
JSWSTEEL,JSW STEEL LIMITED,Regulation 7 (2),,2026-05-22,,,,,,,,,https://nsearchives.nseindia.com/corporate/ixbrl/IT_20260522_181737_WEB.html,,,,,,,,,,,,,,
JSWSTEEL,JSW STEEL LIMITED,Regulation 7 (2),,2026-05-22,,,,,,,,,https://nsearchives.nseindia.com/corporate/ixbrl/IT_20260522_181737_WEB.html,,,,,,,,,,,,,,
JSWSTEEL,JSW STEEL LIMITED,Regulation 7 (2),,2026-05-22,,,,,,,,,https://nsearchives.nseindia.com/corporate/ixbrl/IT_20260522_181737_WEB.html,,,,,,,,,,,,,,
JSWSTEEL,JSW STEEL LIMITED,Regulation 7 (2),,2026-05-22,,,,,,,,,https://nsearchives.nseindia.com/corporate/ixbrl/IT_20260522_181737_WEB.html,,,,,,,,,,,,,,
JSWSTEEL,JSW STEEL LIMITED,Regulation 7 (2),,2026-05-22,,,,,,,,,https://nsearchives.nseindia.com/corporate/ixbrl/IT_20260522_181737_WEB.html,,,,,,,,,,,,,,
JSWSTEEL,JSW STEEL LIMITED,Regulation 7 (2),,2026-05-22,,,,,,,,,https://nsearchives.nseindia.com/corporate/ixbrl/IT_20260522_181737_WEB.html,,,,,,,,,,,,,,
JSWSTEEL,JSW STEEL LIMITED,Regulation 7 (2),,2026-05-22,,,,,,,,,https://nsearchives.nseindia.com/corporate/ixbrl/IT_20260522_181737_WEB.html,,,,,,,,,,,,,,
JSWSTEEL,JSW STEEL LIMITED,Regulation 7 (2),,2026-05-22,,,,,,,,,https://nsearchives.nseindia.com/corporate/ixbrl/IT_20260522_181737_WEB.html,,,,,,,,,,,,,,
SASKEN,Sasken Technologies Limited,Regulation 7 (2),,2024-05-22,,,,,,,,,https://nsearchives.nseindia.com/corporate/ixbrl/IT_20260522_190239_WEB.html,,,,,,,,,,,,,,
SASKEN,Sasken Technologies Limited,Regulation 7 (2),,2024-05-22,,,,,,,,,https://nsearchives.nseindia.com/corporate/ixbrl/IT_20260522_190239_WEB.html,,,,,,,,,,,,,,
SASKEN,Sasken Technologies Limited,Regulation 7 (2),,2024-05-22,,,,,,,,,https://nsearchives.nseindia.com/corporate/ixbrl/IT_20260522_190239_WEB.html,,,,,,,,,,,,,,
SASKEN,Sasken Technologies Limited,Regulation 7 (2),,2024-05-22,,,,,,,,,https://nsearchives.nseindia.com/corporate/ixbrl/IT_20260522_190239_WEB.html,,,,,,,,,,,,,,
SASKEN,Sasken Technologies Limited,Regulation 7 (2),,2024-05-22,,,,,,,,,https://nsearchives.nseindia.com/corporate/ixbrl/IT_20260522_190239_WEB.html,,,,,,,,,,,,,,
SASKEN,Sasken Technologies Limited,Regulation 7 (2),,2024-05-22,,,,,,,,,https://nsearchives.nseindia.com/corporate/ixbrl/IT_20260522_190239_WEB.html,,,,,,,,,,,,,,
CLEANMAX,CLEAN MAX ENVIRO ENERGY SOLUTIONS LIMITED,Regulation 7 (2),,2026-05-22,,,,,,,,,https://nsearchives.nseindia.com/corporate/ixbrl/IT_20260522_184842_WEB.html,,,,,,,,,,,,,,
CLEANMAX,CLEAN MAX ENVIRO ENERGY SOLUTIONS LIMITED,Regulation 7 (2),,2026-05-22,,,,,,,,,https://nsearchives.nseindia.com/corporate/ixbrl/IT_20260522_184842_WEB.html,,,,,,,,,,,,,,
CLEANMAX,CLEAN MAX ENVIRO ENERGY SOLUTIONS LIMITED,Regulation 7 (2),,2026-05-22,,,,,,,,,https://nsearchives.nseindia.com/corporate/ixbrl/IT_20260522_184842_WEB.html,,,,,,,,,,,,,,
CLEANMAX,CLEAN MAX ENVIRO ENERGY SOLUTIONS LIMITED,Regulation 7 (2),,2026-05-22,,,,,,,,,https://nsearchives.nseindia.com/corporate/ixbrl/IT_20260522_184842_WEB.html,,,,,,,,,,,,,,
CLEANMAX,CLEAN MAX ENVIRO ENERGY SOLUTIONS LIMITED,Regulation 7 (2),,2026-05-22,,,,,,,,,https://nsearchives.nseindia.com/corporate/ixbrl/IT_20260522_184842_WEB.html,,,,,,,,,,,,,,
CLEANMAX,CLEAN MAX ENVIRO ENERGY SOLUTIONS LIMITED,Regulation 7 (2),,2026-05-22,,,,,,,,,https://nsearchives.nseindia.com/corporate/ixbrl/IT_20260522_184842_WEB.html,,,,,,,,,,,,,,
CLEANMAX,CLEAN MAX ENVIRO ENERGY SOLUTIONS LIMITED,Regulation 7 (2),,2026-05-22,,,,,,,,,https://nsearchives.nseindia.com/corporate/ixbrl/IT_20260522_184842_WEB.html,,,,,,,,,,,,,,
NRBBEARING,NRB BEARING LIMITED,Regulation 7 (2),,2026-05-22,,,,,,,,,https://nsearchives.nseindia.com/corporate/ixbrl/IT_20260522_191304_WEB.html,,,,,,,,,,,,,,
NRBBEARING,NRB BEARING LIMITED,Regulation 7 (2),,2026-05-22,,,,,,,,,https://nsearchives.nseindia.com/corporate/ixbrl/IT_20260522_191304_WEB.html,,,,,,,,,,,,,,
NRBBEARING,NRB BEARING LIMITED,Regulation 7 (2),,2026-05-22,,,,,,,,,https://nsearchives.nseindia.com/corporate/ixbrl/IT_20260522_191304_WEB.html,,,,,,,,,,,,,,
PAISALO,PAISALO DIGITAL LIMITED,Regulation 7 (2),,2026-05-22,,,,,,,,,https://nsearchives.nseindia.com/corporate/ixbrl/IT_20260522_174412_WEB.html,,,,,,,,,,,,,,
PAISALO,PAISALO DIGITAL LIMITED,Regulation 7 (2),,2026-05-22,,,,,,,,,https://nsearchives.nseindia.com/corporate/ixbrl/IT_20260522_174412_WEB.html,,,,,,,,,,,,,,
SHK,S H Kelkar and Company Limited,Regulation 7 (2),,2026-05-22,,,,,,,,,https://nsearchives.nseindia.com/corporate/ixbrl/IT_20260522_174920_WEB.html,,,,,,,,,,,,,,
FSL,Firstsource Solutions Limited,Regulation 7 (2),,2026-05-22,,,,,,,,,https://nsearchives.nseindia.com/corporate/ixbrl/IT_20260522_162436_WEB.html,,,,,,,,,,,,,,
SHK,S H Kelkar and Company Limited,Regulation 7 (2),,2026-05-22,,,,,,,,,https://nsearchives.nseindia.com/corporate/ixbrl/IT_20260522_174808_WEB.html,,,,,,,,,,,,,,
DMART,AVENUE SUPERMARTS LIMITED,Regulation 7 (2),,2026-05-22,,,,,,,,,https://nsearchives.nseindia.com/corporate/ixbrl/IT_20260522_173738_WEB.html,,,,,,,,,,,,,,
DMART,AVENUE SUPERMARTS LIMITED,Regulation 7 (2),,2026-05-22,,,,,,,,,https://nsearchives.nseindia.com/corporate/ixbrl/IT_20260522_173738_WEB.html,,,,,,,,,,,,,,
DMART,AVENUE SUPERMARTS LIMITED,Regulation 7 (2),,2026-05-22,,,,,,,,,https://nsearchives.nseindia.com/corporate/ixbrl/IT_20260522_173738_WEB.html,,,,,,,,,,,,,,
GREENPANEL,Greenpanel Industries Limited,Regulation 7 (2),,2026-05-22,,,,,,,,,https://nsearchives.nseindia.com/corporate/ixbrl/IT_20260522_141756_WEB.html,,,,,,,,,,,,,,
EUROPRATIK,Euro Pratik Sales Limited,Regulation 7 (2),,2026-05-21,,,,,,,,,https://nsearchives.nseindia.com/corporate/ixbrl/IT_20260521_223344_WEB.html,,,,,,,,,,,,,,
EUROPRATIK,Euro Pratik Sales Limited,Regulation 7 (2),,2026-05-21,,,,,,,,,https://nsearchives.nseindia.com/corporate/ixbrl/IT_20260521_223344_WEB.html,,,,,,,,,,,,,,
EUROPRATIK,Euro Pratik Sales Limited,Regulation 7 (2),,2026-05-21,,,,,,,,,https://nsearchives.nseindia.com/corporate/ixbrl/IT_20260521_223344_WEB.html,,,,,,,,,,,,,,
GREENPANEL,Greenpanel Industries Limited,Regulation 7 (2),,2026-05-22,,,,,,,,,https://nsearchives.nseindia.com/corporate/ixbrl/IT_20260522_141743_WEB.html,,,,,,,,,,,,,,
JARO,JARO INSTITUTE OF TECHNOLOGY MANAGEMENT AND RESEARCH LIMITED,Regulation 7 (2),,2026-05-22,,,,,,,,,https://nsearchives.nseindia.com/corporate/ixbrl/IT_20260522_133554_WEB.html,,,,,,,,,,,,,,
EUROPRATIK,Euro Pratik Sales Limited,Regulation 7 (2),,2026-05-21,,,,,,,,,https://nsearchives.nseindia.com/corporate/ixbrl/IT_20260521_222534_WEB.html,,,,,,,,,,,,,,
EUROPRATIK,Euro Pratik Sales Limited,Regulation 7 (2),,2026-05-21,,,,,,,,,https://nsearchives.nseindia.com/corporate/ixbrl/IT_20260521_222534_WEB.html,,,,,,,,,,,,,,
EUROPRATIK,Euro Pratik Sales Limited,Regulation 7 (2),,2026-05-21,,,,,,,,,https://nsearchives.nseindia.com/corporate/ixbrl/IT_20260521_222534_WEB.html,,,,,,,,,,,,,,
ECLERX,eClerx Services Ltd,Regulation 7 (2),,2026-05-22,,,,,,,,,https://nsearchives.nseindia.com/corporate/ixbrl/IT_20260522_182512_WEB.html,,,,,,,,,,,,,,
JSWENERGY,JSW Energy Limited,Regulation 7 (2),,2026-05-21,,,,,,,,,https://nsearchives.nseindia.com/corporate/ixbrl/IT_20260521_193738_WEB.html,,,,,,,,,,,,,,
JSWENERGY,JSW Energy Limited,Regulation 7 (2),,2026-05-21,,,,,,,,,https://nsearchives.nseindia.com/corporate/ixbrl/IT_20260521_193738_WEB.html,,,,,,,,,,,,,,
JSWENERGY,JSW Energy Limited,Regulation 7 (2),,2026-05-21,,,,,,,,,https://nsearchives.nseindia.com/corporate/ixbrl/IT_20260521_193738_WEB.html,,,,,,,,,,,,,,
SASKEN,Sasken Technologies Limited,Regulation 7 (2),,2026-05-21,,,,,,,,,https://nsearchives.nseindia.com/corporate/ixbrl/IT_20260521_235252_WEB.html,,,,,,,,,,,,,,
SASKEN,Sasken Technologies Limited,Regulation 7 (2),,2026-05-21,,,,,,,,,https://nsearchives.nseindia.com/corporate/ixbrl/IT_20260521_235252_WEB.html,,,,,,,,,,,,,,
SASKEN,Sasken Technologies Limited,Regulation 7 (2),,2026-05-21,,,,,,,,,https://nsearchives.nseindia.com/corporate/ixbrl/IT_20260521_235252_WEB.html,,,,,,,,,,,,,,
SASKEN,Sasken Technologies Limited,Regulation 7 (2),,2026-05-21,,,,,,,,,https://nsearchives.nseindia.com/corporate/ixbrl/IT_20260521_235252_WEB.html,,,,,,,,,,,,,,
SASKEN,Sasken Technologies Limited,Regulation 7 (2),,2026-05-21,,,,,,,,,https://nsearchives.nseindia.com/corporate/ixbrl/IT_20260521_235252_WEB.html,,,,,,,,,,,,,,
SASKEN,Sasken Technologies Limited,Regulation 7 (2),,2026-05-21,,,,,,,,,https://nsearchives.nseindia.com/corporate/ixbrl/IT_20260521_235252_WEB.html,,,,,,,,,,,,,,
JARO,JARO INSTITUTE OF TECHNOLOGY MANAGEMENT AND RESEARCH LIMITED,Regulation 7 (2),,2026-05-21,,,,,,,,,https://nsearchives.nseindia.com/corporate/ixbrl/IT_20260521_181348_WEB.html,,,,,,,,,,,,,,
WIPRO,WIPRO LIMITED,Regulation 7 (2),,2026-05-21,,,,,,,,,https://nsearchives.nseindia.com/corporate/ixbrl/IT_20260521_193743_WEB.html,,,,,,,,,,,,,,
WIPRO,WIPRO LIMITED,Regulation 7 (2),,2026-05-21,,,,,,,,,https://nsearchives.nseindia.com/corporate/ixbrl/IT_20260521_193743_WEB.html,,,,,,,,,,,,,,
SPARC,SUN PHARMA ADVANCED RESEARCH COMPANY LIMITED,Regulation 7 (2),,2026-05-21,,,,,,,,,https://nsearchives.nseindia.com/corporate/ixbrl/IT_20260521_180028_WEB.html,,,,,,,,,,,,,,
MTARTECH,MTAR TECHNOLOGIES LIMITED,Regulation 7 (2),,2026-05-21,,,,,,,,,https://nsearchives.nseindia.com/corporate/ixbrl/IT_20260521_173356_WEB.html,,,,,,,,,,,,,,
AFFLE,Affle 3i Limited,Regulation 7 (2),,2026-05-21,,,,,,,,,https://nsearchives.nseindia.com/corporate/ixbrl/IT_20260521_170340_WEB.html,,,,,,,,,,,,,,
AFFLE,Affle 3i Limited,Regulation 7 (2),,2026-05-21,,,,,,,,,https://nsearchives.nseindia.com/corporate/ixbrl/IT_20260521_170340_WEB.html,,,,,,,,,,,,,,
LALPATHLAB,DR. LAL PATHLABS LIMITED,Regulation 7 (2),,2026-05-21,,,,,,,,,https://nsearchives.nseindia.com/corporate/ixbrl/IT_20260521_173101_WEB.html,,,,,,,,,,,,,,
LALPATHLAB,DR. LAL PATHLABS LIMITED,Regulation 7 (2),,2026-05-21,,,,,,,,,https://nsearchives.nseindia.com/corporate/ixbrl/IT_20260521_173101_WEB.html,,,,,,,,,,,,,,
LALPATHLAB,DR. LAL PATHLABS LIMITED,Regulation 7 (2),,2026-05-21,,,,,,,,,https://nsearchives.nseindia.com/corporate/ixbrl/IT_20260521_173101_WEB.html,,,,,,,,,,,,,,
LALPATHLAB,DR. LAL PATHLABS LIMITED,Regulation 7 (2),,2026-05-21,,,,,,,,,https://nsearchives.nseindia.com/corporate/ixbrl/IT_20260521_173101_WEB.html,,,,,,,,,,,,,,
MANAPPURAM,MANAPPURAM FINANCE LIMITED,Regulation 7 (2),,2026-05-19,,,,,,,,,https://nsearchives.nseindia.com/corporate/ixbrl/IT_20260521_170241_WEB.html,,,,,,,,,,,,,,
MANAPPURAM,MANAPPURAM FINANCE LIMITED,Regulation 7 (2),,2026-05-19,,,,,,,,,https://nsearchives.nseindia.com/corporate/ixbrl/IT_20260521_170241_WEB.html,,,,,,,,,,,,,,
MANAPPURAM,MANAPPURAM FINANCE LIMITED,Regulation 7 (2),,2026-05-19,,,,,,,,,https://nsearchives.nseindia.com/corporate/ixbrl/IT_20260521_170241_WEB.html,,,,,,,,,,,,,,
MTARTECH,MTAR TECHNOLOGIES LIMITED,Regulation 7 (2),,2026-05-21,,,,,,,,,https://nsearchives.nseindia.com/corporate/ixbrl/IT_20260521_172802_WEB.html,,,,,,,,,,,,,,
ECLERX,eClerx Services Ltd,Regulation 7 (2),,2026-05-21,,,,,,,,,https://nsearchives.nseindia.com/corporate/ixbrl/IT_20260521_200610_WEB.html,,,,,,,,,,,,,,
ECLERX,eClerx Services Ltd,Regulation 7 (2),,2026-05-21,,,,,,,,,https://nsearchives.nseindia.com/corporate/ixbrl/IT_20260521_200610_WEB.html,,,,,,,,,,,,,,
ECLERX,eClerx Services Ltd,Regulation 7 (2),,2026-05-21,,,,,,,,,https://nsearchives.nseindia.com/corporate/ixbrl/IT_20260521_200610_WEB.html,,,,,,,,,,,,,,
ECLERX,eClerx Services Ltd,Regulation 7 (2),,2026-05-21,,,,,,,,,https://nsearchives.nseindia.com/corporate/ixbrl/IT_20260521_200610_WEB.html,,,,,,,,,,,,,,
FUSION,FUSION FINANCE LIMITED,Regulation 7 (2),,2026-05-21,,,,,,,,,https://nsearchives.nseindia.com/corporate/ixbrl/IT_20260521_170329_WEB.html,,,,,,,,,,,,,,
INFY,Infosys Limited,Regulation 7 (2),,2026-05-21,,,,,,,,,https://nsearchives.nseindia.com/corporate/ixbrl/IT_20260521_163818_WEB.html,,,,,,,,,,,,,,
FUSION,FUSION FINANCE LIMITED,Regulation 7 (2),,2026-05-21,,,,,,,,,https://nsearchives.nseindia.com/corporate/ixbrl/IT_20260521_165632_WEB.html,,,,,,,,,,,,,,
THOMASCOOK,THOMAS COOK  (INDIA)  LIMITED,Regulation 7 (3),,2026-05-21,,,,,,,,,https://nsearchives.nseindia.com/corporate/ixbrl/IT_20260521_151434_WEB.html,,,,,,,,,,,,,,
PAISALO,PAISALO DIGITAL LIMITED,Regulation 7 (2),,2026-05-21,,,,,,,,,https://nsearchives.nseindia.com/corporate/ixbrl/IT_20260521_160240_WEB.html,,,,,,,,,,,,,,
PAISALO,PAISALO DIGITAL LIMITED,Regulation 7 (2),,2026-05-21,,,,,,,,,https://nsearchives.nseindia.com/corporate/ixbrl/IT_20260521_160240_WEB.html,,,,,,,,,,,,,,
GLAND,GLAND PHARMA LIMITED,Regulation 7 (2),,2026-05-21,,,,,,,,,https://nsearchives.nseindia.com/corporate/ixbrl/IT_20260521_155057_WEB.html,,,,,,,,,,,,,,
GLAND,GLAND PHARMA LIMITED,Regulation 7 (2),,2026-05-21,,,,,,,,,https://nsearchives.nseindia.com/corporate/ixbrl/IT_20260521_155057_WEB.html,,,,,,,,,,,,,,
GLAND,GLAND PHARMA LIMITED,Regulation 7 (2),,2026-05-21,,,,,,,,,https://nsearchives.nseindia.com/corporate/ixbrl/IT_20260521_155057_WEB.html,,,,,,,,,,,,,,
INFY,Infosys Limited,Regulation 7 (2),,2026-05-21,,,,,,,,,https://nsearchives.nseindia.com/corporate/ixbrl/IT_20260521_162446_WEB.html,,,,,,,,,,,,,,
PARSVNATH,PARSVNATH DEVELOPERS LIMITED,Regulation 7 (2),,2026-05-21,,,,,,,,,https://nsearchives.nseindia.com/corporate/ixbrl/IT_20260521_125320_WEB.html,,,,,,,,,,,,,,
PARSVNATH,PARSVNATH DEVELOPERS LIMITED,Regulation 7 (2),,2026-05-21,,,,,,,,,https://nsearchives.nseindia.com/corporate/ixbrl/IT_20260521_125320_WEB.html,,,,,,,,,,,,,,
STLTECH,STERLITE TECHNOLOGIES LIMITED,Regulation 7 (2),,2026-05-21,,,,,,,,,https://nsearchives.nseindia.com/corporate/ixbrl/IT_20260521_151052_WEB.html,,,,,,,,,,,,,,
STLTECH,STERLITE TECHNOLOGIES LIMITED,Regulation 7 (2),,2026-05-21,,,,,,,,,https://nsearchives.nseindia.com/corporate/ixbrl/IT_20260521_151052_WEB.html,,,,,,,,,,,,,,
KPITTECH,KPIT TECHNOLOGIES LIMITED,Regulation 7 (2),,2026-05-21,,,,,,,,,https://nsearchives.nseindia.com/corporate/ixbrl/IT_20260521_114126_WEB.html,,,,,,,,,,,,,,
KPITTECH,KPIT TECHNOLOGIES LIMITED,Regulation 7 (2),,2026-05-21,,,,,,,,,https://nsearchives.nseindia.com/corporate/ixbrl/IT_20260521_114126_WEB.html,,,,,,,,,,,,,,
BLISSGVS,BLISS GVS PHARMA LIMITED,Regulation 7 (2),,2026-05-21,,,,,,,,,https://nsearchives.nseindia.com/corporate/ixbrl/IT_20260521_115632_WEB.html,,,,,,,,,,,,,,
BLISSGVS,BLISS GVS PHARMA LIMITED,Regulation 7 (2),,2026-05-21,,,,,,,,,https://nsearchives.nseindia.com/corporate/ixbrl/IT_20260521_115632_WEB.html,,,,,,,,,,,,,,
BLISSGVS,BLISS GVS PHARMA LIMITED,Regulation 7 (2),,2026-05-21,,,,,,,,,https://nsearchives.nseindia.com/corporate/ixbrl/IT_20260521_114630_WEB.html,,,,,,,,,,,,,,
BLISSGVS,BLISS GVS PHARMA LIMITED,Regulation 7 (2),,2026-05-21,,,,,,,,,https://nsearchives.nseindia.com/corporate/ixbrl/IT_20260521_114630_WEB.html,,,,,,,,,,,,,,
CLEANMAX,CLEAN MAX ENVIRO ENERGY SOLUTIONS LIMITED,Regulation 7 (2),,2026-05-20,,,,,,,,,https://nsearchives.nseindia.com/corporate/ixbrl/IT_20260520_215614_WEB.html,,,,,,,,,,,,,,
CLEANMAX,CLEAN MAX ENVIRO ENERGY SOLUTIONS LIMITED,Regulation 7 (2),,2026-05-20,,,,,,,,,https://nsearchives.nseindia.com/corporate/ixbrl/IT_20260520_215614_WEB.html,,,,,,,,,,,,,,
CLEANMAX,CLEAN MAX ENVIRO ENERGY SOLUTIONS LIMITED,Regulation 7 (2),,2026-05-20,,,,,,,,,https://nsearchives.nseindia.com/corporate/ixbrl/IT_20260520_215614_WEB.html,,,,,,,,,,,,,,
CLEANMAX,CLEAN MAX ENVIRO ENERGY SOLUTIONS LIMITED,Regulation 7 (2),,2026-05-20,,,,,,,,,https://nsearchives.nseindia.com/corporate/ixbrl/IT_20260520_215614_WEB.html,,,,,,,,,,,,,,
CLEANMAX,CLEAN MAX ENVIRO ENERGY SOLUTIONS LIMITED,Regulation 7 (2),,2026-05-20,,,,,,,,,https://nsearchives.nseindia.com/corporate/ixbrl/IT_20260520_215614_WEB.html,,,,,,,,,,,,,,
CLEANMAX,CLEAN MAX ENVIRO ENERGY SOLUTIONS LIMITED,Regulation 7 (2),,2026-05-20,,,,,,,,,https://nsearchives.nseindia.com/corporate/ixbrl/IT_20260520_215614_WEB.html,,,,,,,,,,,,,,
RELIANCE,Reliance Industries Limited,Regulation 7 (2),,2026-05-20,,,,,,,,,https://nsearchives.nseindia.com/corporate/ixbrl/IT_20260520_233748_WEB.html,,,,,,,,,,,,,,
PAISALO,PAISALO DIGITAL LIMITED,Regulation 7 (2),,2026-05-20,,,,,,,,,https://nsearchives.nseindia.com/corporate/ixbrl/IT_20260520_202548_WEB.html,,,,,,,,,,,,,,
PAISALO,PAISALO DIGITAL LIMITED,Regulation 7 (2),,2026-05-20,,,,,,,,,https://nsearchives.nseindia.com/corporate/ixbrl/IT_20260520_202548_WEB.html,,,,,,,,,,,,,,
PAISALO,PAISALO DIGITAL LIMITED,Regulation 7 (2),,2026-05-20,,,,,,,,,https://nsearchives.nseindia.com/corporate/ixbrl/IT_20260520_202548_WEB.html,,,,,,,,,,,,,,
PAISALO,PAISALO DIGITAL LIMITED,Regulation 7 (2),,2026-05-20,,,,,,,,,https://nsearchives.nseindia.com/corporate/ixbrl/IT_20260520_202548_WEB.html,,,,,,,,,,,,,,
PAISALO,PAISALO DIGITAL LIMITED,Regulation 7 (2),,2026-05-20,,,,,,,,,https://nsearchives.nseindia.com/corporate/ixbrl/IT_20260520_202548_WEB.html,,,,,,,,,,,,,,
PARSVNATH,PARSVNATH DEVELOPERS LIMITED,Regulation 7 (2),,2026-05-21,,,,,,,,,https://nsearchives.nseindia.com/corporate/ixbrl/IT_20260521_125513_WEB.html,,,,,,,,,,,,,,
PARSVNATH,PARSVNATH DEVELOPERS LIMITED,Regulation 7 (2),,2026-05-21,,,,,,,,,https://nsearchives.nseindia.com/corporate/ixbrl/IT_20260521_125513_WEB.html,,,,,,,,,,,,,,
INOXINDIA,INOX INDIA LIMITED,Regulation 7 (2),,2026-05-20,,,,,,,,,https://nsearchives.nseindia.com/corporate/ixbrl/IT_20260520_190925_WEB.html,,,,,,,,,,,,,,
INOXINDIA,INOX INDIA LIMITED,Regulation 7 (2),,2026-05-20,,,,,,,,,https://nsearchives.nseindia.com/corporate/ixbrl/IT_20260520_190509_WEB.html,,,,,,,,,,,,,,
VIKRAMSOLR,VIKRAM SOLAR LIMITED,Regulation 7 (2),,2026-05-20,,,,,,,,,https://nsearchives.nseindia.com/corporate/ixbrl/IT_20260520_182710_WEB.html,,,,,,,,,,,,,,
INOXINDIA,INOX INDIA LIMITED,Regulation 7 (2),,2026-05-20,,,,,,,,,https://nsearchives.nseindia.com/corporate/ixbrl/IT_20260520_190741_WEB.html,,,,,,,,,,,,,,
SENCO,SENCO GOLD LIMITED,Regulation 7 (2),,2026-05-20,,,,,,,,,https://nsearchives.nseindia.com/corporate/ixbrl/IT_20260520_184406_WEB.html,,,,,,,,,,,,,,
SENCO,SENCO GOLD LIMITED,Regulation 7 (2),,2026-05-20,,,,,,,,,https://nsearchives.nseindia.com/corporate/ixbrl/IT_20260520_184406_WEB.html,,,,,,,,,,,,,,
JARO,JARO INSTITUTE OF TECHNOLOGY MANAGEMENT AND RESEARCH LIMITED,Regulation 7 (2),,2026-05-20,,,,,,,,,https://nsearchives.nseindia.com/corporate/ixbrl/IT_20260520_211824_WEB.html,,,,,,,,,,,,,,
360ONE,360 ONE WAM LIMITED,Regulation 7 (2),,2026-05-20,,,,,,,,,https://nsearchives.nseindia.com/corporate/ixbrl/IT_20260520_175844_WEB.html,,,,,,,,,,,,,,
360ONE,360 ONE WAM LIMITED,Regulation 7 (2),,2026-05-20,,,,,,,,,https://nsearchives.nseindia.com/corporate/ixbrl/IT_20260520_175844_WEB.html,,,,,,,,,,,,,,
LTFOODS,LT FOODS LIMITED,Regulation 7 (2),,2026-05-20,,,,,,,,,https://nsearchives.nseindia.com/corporate/ixbrl/IT_20260520_165446_WEB.html,,,,,,,,,,,,,,
PAISALO,PAISALO DIGITAL LIMITED,Regulation 7 (2),,2026-05-20,,,,,,,,,https://nsearchives.nseindia.com/corporate/ixbrl/IT_20260520_165246_WEB.html,,,,,,,,,,,,,,
PAISALO,PAISALO DIGITAL LIMITED,Regulation 7 (2),,2026-05-20,,,,,,,,,https://nsearchives.nseindia.com/corporate/ixbrl/IT_20260520_165246_WEB.html,,,,,,,,,,,,,,
PAISALO,PAISALO DIGITAL LIMITED,Regulation 7 (2),,2026-05-20,,,,,,,,,https://nsearchives.nseindia.com/corporate/ixbrl/IT_20260520_165246_WEB.html,,,,,,,,,,,,,,
PAISALO,PAISALO DIGITAL LIMITED,Regulation 7 (2),,2026-05-20,,,,,,,,,https://nsearchives.nseindia.com/corporate/ixbrl/IT_20260520_165246_WEB.html,,,,,,,,,,,,,,
PAISALO,PAISALO DIGITAL LIMITED,Regulation 7 (2),,2026-05-20,,,,,,,,,https://nsearchives.nseindia.com/corporate/ixbrl/IT_20260520_165246_WEB.html,,,,,,,,,,,,,,
SASKEN,Saken Technologies Limited,Regulation 7 (2),,2026-05-19,,,,,,,,,https://nsearchives.nseindia.com/corporate/ixbrl/IT_20260519_232222_WEB.html,,,,,,,,,,,,,,
SASKEN,Saken Technologies Limited,Regulation 7 (2),,2026-05-19,,,,,,,,,https://nsearchives.nseindia.com/corporate/ixbrl/IT_20260519_232222_WEB.html,,,,,,,,,,,,,,
SASKEN,Saken Technologies Limited,Regulation 7 (2),,2026-05-19,,,,,,,,,https://nsearchives.nseindia.com/corporate/ixbrl/IT_20260519_232222_WEB.html,,,,,,,,,,,,,,
SASKEN,Saken Technologies Limited,Regulation 7 (2),,2026-05-19,,,,,,,,,https://nsearchives.nseindia.com/corporate/ixbrl/IT_20260519_232222_WEB.html,,,,,,,,,,,,,,
SASKEN,Saken Technologies Limited,Regulation 7 (2),,2026-05-19,,,,,,,,,https://nsearchives.nseindia.com/corporate/ixbrl/IT_20260519_232222_WEB.html,,,,,,,,,,,,,,
SASKEN,Saken Technologies Limited,Regulation 7 (2),,2026-05-19,,,,,,,,,https://nsearchives.nseindia.com/corporate/ixbrl/IT_20260519_232222_WEB.html,,,,,,,,,,,,,,
SASKEN,Saken Technologies Limited,Regulation 7 (2),,2026-05-19,,,,,,,,,https://nsearchives.nseindia.com/corporate/ixbrl/IT_20260519_232222_WEB.html,,,,,,,,,,,,,,
WIPRO,WIPRO LIMITED,Regulation 7 (2),,2026-05-20,,,,,,,,,https://nsearchives.nseindia.com/corporate/ixbrl/IT_20260520_160951_WEB.html,,,,,,,,,,,,,,
WIPRO,WIPRO LIMITED,Regulation 7 (2),,2026-05-20,,,,,,,,,https://nsearchives.nseindia.com/corporate/ixbrl/IT_20260520_160951_WEB.html,,,,,,,,,,,,,,
WIPRO,WIPRO LIMITED,Regulation 7 (2),,2026-05-20,,,,,,,,,https://nsearchives.nseindia.com/corporate/ixbrl/IT_20260520_160951_WEB.html,,,,,,,,,,,,,,
WIPRO,WIPRO LIMITED,Regulation 7 (2),,2026-05-20,,,,,,,,,https://nsearchives.nseindia.com/corporate/ixbrl/IT_20260520_160951_WEB.html,,,,,,,,,,,,,,
WIPRO,WIPRO LIMITED,Regulation 7 (2),,2026-05-20,,,,,,,,,https://nsearchives.nseindia.com/corporate/ixbrl/IT_20260520_160951_WEB.html,,,,,,,,,,,,,,
WIPRO,WIPRO LIMITED,Regulation 7 (2),,2026-05-20,,,,,,,,,https://nsearchives.nseindia.com/corporate/ixbrl/IT_20260520_160951_WEB.html,,,,,,,,,,,,,,
WIPRO,WIPRO LIMITED,Regulation 7 (2),,2026-05-20,,,,,,,,,https://nsearchives.nseindia.com/corporate/ixbrl/IT_20260520_160951_WEB.html,,,,,,,,,,,,,,
WIPRO,WIPRO LIMITED,Regulation 7 (2),,2026-05-20,,,,,,,,,https://nsearchives.nseindia.com/corporate/ixbrl/IT_20260520_160951_WEB.html,,,,,,,,,,,,,,
WIPRO,WIPRO LIMITED,Regulation 7 (2),,2026-05-20,,,,,,,,,https://nsearchives.nseindia.com/corporate/ixbrl/IT_20260520_160951_WEB.html,,,,,,,,,,,,,,
WIPRO,WIPRO LIMITED,Regulation 7 (2),,2026-05-20,,,,,,,,,https://nsearchives.nseindia.com/corporate/ixbrl/IT_20260520_160951_WEB.html,,,,,,,,,,,,,,
WIPRO,WIPRO LIMITED,Regulation 7 (2),,2026-05-20,,,,,,,,,https://nsearchives.nseindia.com/corporate/ixbrl/IT_20260520_160951_WEB.html,,,,,,,,,,,,,,
WIPRO,WIPRO LIMITED,Regulation 7 (2),,2026-05-20,,,,,,,,,https://nsearchives.nseindia.com/corporate/ixbrl/IT_20260520_160951_WEB.html,,,,,,,,,,,,,,
WIPRO,WIPRO LIMITED,Regulation 7 (2),,2026-05-20,,,,,,,,,https://nsearchives.nseindia.com/corporate/ixbrl/IT_20260520_160951_WEB.html,,,,,,,,,,,,,,
WIPRO,WIPRO LIMITED,Regulation 7 (2),,2026-05-20,,,,,,,,,https://nsearchives.nseindia.com/corporate/ixbrl/IT_20260520_160951_WEB.html,,,,,,,,,,,,,,
WIPRO,WIPRO LIMITED,Regulation 7 (2),,2026-05-20,,,,,,,,,https://nsearchives.nseindia.com/corporate/ixbrl/IT_20260520_160951_WEB.html,,,,,,,,,,,,,,
WIPRO,WIPRO LIMITED,Regulation 7 (2),,2026-05-20,,,,,,,,,https://nsearchives.nseindia.com/corporate/ixbrl/IT_20260520_160951_WEB.html,,,,,,,,,,,,,,
WIPRO,WIPRO LIMITED,Regulation 7 (2),,2026-05-20,,,,,,,,,https://nsearchives.nseindia.com/corporate/ixbrl/IT_20260520_160951_WEB.html,,,,,,,,,,,,,,
WIPRO,WIPRO LIMITED,Regulation 7 (2),,2026-05-20,,,,,,,,,https://nsearchives.nseindia.com/corporate/ixbrl/IT_20260520_160951_WEB.html,,,,,,,,,,,,,,
WIPRO,WIPRO LIMITED,Regulation 7 (2),,2026-05-20,,,,,,,,,https://nsearchives.nseindia.com/corporate/ixbrl/IT_20260520_160951_WEB.html,,,,,,,,,,,,,,
WIPRO,WIPRO LIMITED,Regulation 7 (2),,2026-05-20,,,,,,,,,https://nsearchives.nseindia.com/corporate/ixbrl/IT_20260520_160951_WEB.html,,,,,,,,,,,,,,
WIPRO,WIPRO LIMITED,Regulation 7 (2),,2026-05-20,,,,,,,,,https://nsearchives.nseindia.com/corporate/ixbrl/IT_20260520_160951_WEB.html,,,,,,,,,,,,,,
WIPRO,WIPRO LIMITED,Regulation 7 (2),,2026-05-20,,,,,,,,,https://nsearchives.nseindia.com/corporate/ixbrl/IT_20260520_160951_WEB.html,,,,,,,,,,,,,,
WIPRO,WIPRO LIMITED,Regulation 7 (2),,2026-05-20,,,,,,,,,https://nsearchives.nseindia.com/corporate/ixbrl/IT_20260520_160951_WEB.html,,,,,,,,,,,,,,
WIPRO,WIPRO LIMITED,Regulation 7 (2),,2026-05-20,,,,,,,,,https://nsearchives.nseindia.com/corporate/ixbrl/IT_20260520_160951_WEB.html,,,,,,,,,,,,,,
WIPRO,WIPRO LIMITED,Regulation 7 (2),,2026-05-20,,,,,,,,,https://nsearchives.nseindia.com/corporate/ixbrl/IT_20260520_160951_WEB.html,,,,,,,,,,,,,,
WIPRO,WIPRO LIMITED,Regulation 7 (2),,2026-05-20,,,,,,,,,https://nsearchives.nseindia.com/corporate/ixbrl/IT_20260520_160951_WEB.html,,,,,,,,,,,,,,
WIPRO,WIPRO LIMITED,Regulation 7 (2),,2026-05-20,,,,,,,,,https://nsearchives.nseindia.com/corporate/ixbrl/IT_20260520_160951_WEB.html,,,,,,,,,,,,,,
WIPRO,WIPRO LIMITED,Regulation 7 (2),,2026-05-20,,,,,,,,,https://nsearchives.nseindia.com/corporate/ixbrl/IT_20260520_160951_WEB.html,,,,,,,,,,,,,,
WIPRO,WIPRO LIMITED,Regulation 7 (2),,2026-05-20,,,,,,,,,https://nsearchives.nseindia.com/corporate/ixbrl/IT_20260520_160951_WEB.html,,,,,,,,,,,,,,
WIPRO,WIPRO LIMITED,Regulation 7 (2),,2026-05-20,,,,,,,,,https://nsearchives.nseindia.com/corporate/ixbrl/IT_20260520_160951_WEB.html,,,,,,,,,,,,,,
WIPRO,WIPRO LIMITED,Regulation 7 (2),,2026-05-20,,,,,,,,,https://nsearchives.nseindia.com/corporate/ixbrl/IT_20260520_160951_WEB.html,,,,,,,,,,,,,,
WIPRO,WIPRO LIMITED,Regulation 7 (2),,2026-05-20,,,,,,,,,https://nsearchives.nseindia.com/corporate/ixbrl/IT_20260520_160951_WEB.html,,,,,,,,,,,,,,
WIPRO,WIPRO LIMITED,Regulation 7 (2),,2026-05-20,,,,,,,,,https://nsearchives.nseindia.com/corporate/ixbrl/IT_20260520_160951_WEB.html,,,,,,,,,,,,,,
WIPRO,WIPRO LIMITED,Regulation 7 (2),,2026-05-20,,,,,,,,,https://nsearchives.nseindia.com/corporate/ixbrl/IT_20260520_160951_WEB.html,,,,,,,,,,,,,,
WIPRO,WIPRO LIMITED,Regulation 7 (2),,2026-05-20,,,,,,,,,https://nsearchives.nseindia.com/corporate/ixbrl/IT_20260520_160951_WEB.html,,,,,,,,,,,,,,
WIPRO,WIPRO LIMITED,Regulation 7 (2),,2026-05-20,,,,,,,,,https://nsearchives.nseindia.com/corporate/ixbrl/IT_20260520_160951_WEB.html,,,,,,,,,,,,,,
WIPRO,WIPRO LIMITED,Regulation 7 (2),,2026-05-20,,,,,,,,,https://nsearchives.nseindia.com/corporate/ixbrl/IT_20260520_160951_WEB.html,,,,,,,,,,,,,,
WIPRO,WIPRO LIMITED,Regulation 7 (2),,2026-05-20,,,,,,,,,https://nsearchives.nseindia.com/corporate/ixbrl/IT_20260520_160951_WEB.html,,,,,,,,,,,,,,
WIPRO,WIPRO LIMITED,Regulation 7 (2),,2026-05-20,,,,,,,,,https://nsearchives.nseindia.com/corporate/ixbrl/IT_20260520_160951_WEB.html,,,,,,,,,,,,,,
WIPRO,WIPRO LIMITED,Regulation 7 (2),,2026-05-20,,,,,,,,,https://nsearchives.nseindia.com/corporate/ixbrl/IT_20260520_160951_WEB.html,,,,,,,,,,,,,,
WIPRO,WIPRO LIMITED,Regulation 7 (2),,2026-05-20,,,,,,,,,https://nsearchives.nseindia.com/corporate/ixbrl/IT_20260520_160951_WEB.html,,,,,,,,,,,,,,
WIPRO,WIPRO LIMITED,Regulation 7 (2),,2026-05-20,,,,,,,,,https://nsearchives.nseindia.com/corporate/ixbrl/IT_20260520_160951_WEB.html,,,,,,,,,,,,,,
WIPRO,WIPRO LIMITED,Regulation 7 (2),,2026-05-20,,,,,,,,,https://nsearchives.nseindia.com/corporate/ixbrl/IT_20260520_160951_WEB.html,,,,,,,,,,,,,,
WIPRO,WIPRO LIMITED,Regulation 7 (2),,2026-05-20,,,,,,,,,https://nsearchives.nseindia.com/corporate/ixbrl/IT_20260520_160951_WEB.html,,,,,,,,,,,,,,
WIPRO,WIPRO LIMITED,Regulation 7 (2),,2026-05-20,,,,,,,,,https://nsearchives.nseindia.com/corporate/ixbrl/IT_20260520_160951_WEB.html,,,,,,,,,,,,,,
WIPRO,WIPRO LIMITED,Regulation 7 (2),,2026-05-20,,,,,,,,,https://nsearchives.nseindia.com/corporate/ixbrl/IT_20260520_160951_WEB.html,,,,,,,,,,,,,,
WIPRO,WIPRO LIMITED,Regulation 7 (2),,2026-05-20,,,,,,,,,https://nsearchives.nseindia.com/corporate/ixbrl/IT_20260520_160951_WEB.html,,,,,,,,,,,,,,
AURUM,AURUM PROPTECH LIMITED,Regulation 7 (2),,2026-05-19,,,,,,,,,https://nsearchives.nseindia.com/corporate/ixbrl/IT_20260519_194828_WEB.html,,,,,,,,,,,,,,
CLEANMAX,CLEAN MAX ENVIRO ENERGY SOLUTIONS LIMITED,Regulation 7 (2),,2026-05-19,,,,,,,,,https://nsearchives.nseindia.com/corporate/ixbrl/IT_20260519_192142_WEB.html,,,,,,,,,,,,,,
CLEANMAX,CLEAN MAX ENVIRO ENERGY SOLUTIONS LIMITED,Regulation 7 (2),,2026-05-19,,,,,,,,,https://nsearchives.nseindia.com/corporate/ixbrl/IT_20260519_192942_WEB.html,,,,,,,,,,,,,,
INOXINDIA,INOX INDIA LIMITED,Regulation 7 (2),,2026-05-20,,,,,,,,,https://nsearchives.nseindia.com/corporate/ixbrl/IT_20260520_190858_WEB.html,,,,,,,,,,,,,,
HCLTECH,HCL Technologies Limited,Regulation 7 (2),,2026-05-19,,,,,,,,,https://nsearchives.nseindia.com/corporate/ixbrl/IT_20260519_183238_WEB.html,,,,,,,,,,,,,,
IBULLSLTD,Indiabulls Limited,Regulation 7 (2),,2026-05-20,,,,,,,,,https://nsearchives.nseindia.com/corporate/ixbrl/IT_20260520_175014_WEB.html,,,,,,,,,,,,,,
KHANDSE,KHANDWALA SECURITIES LIMITED,Regulation 7 (2),,2026-05-19,,,,,,,,,https://nsearchives.nseindia.com/corporate/ixbrl/IT_20260519_181740_WEB.html,,,,,,,,,,,,,,"In previous submission, the number of shares acquired on 18-02-2026 was 850  "
KHANDSE,KHANDWALA SECURITIES LIMITED,Regulation 7 (2),,2026-05-19,,,,,,,,,https://nsearchives.nseindia.com/corporate/ixbrl/IT_20260519_181740_WEB.html,,,,,,,,,,,,,,"In previous submission, the number of shares acquired on 18-02-2026 was 850  "
KHANDSE,KHANDWALA SECURITIES LIMITED,Regulation 7 (2),,2026-05-19,,,,,,,,,https://nsearchives.nseindia.com/corporate/ixbrl/IT_20260519_181740_WEB.html,,,,,,,,,,,,,,"In previous submission, the number of shares acquired on 18-02-2026 was 850  "
KHANDSE,KHANDWALA SECURITIES LIMITED,Regulation 7 (2),,2026-05-19,,,,,,,,,https://nsearchives.nseindia.com/corporate/ixbrl/IT_20260519_181740_WEB.html,,,,,,,,,,,,,,"In previous submission, the number of shares acquired on 18-02-2026 was 850  "
KHANDSE,KHANDWALA SECURITIES LIMITED,Regulation 7 (2),,2026-05-19,,,,,,,,,https://nsearchives.nseindia.com/corporate/ixbrl/IT_20260519_181740_WEB.html,,,,,,,,,,,,,,"In previous submission, the number of shares acquired on 18-02-2026 was 850  "
PREMIERPOL,PREMIER POLYFILM LIMITED,Regulation 7 (2),,2026-05-19,,,,,,,,,https://nsearchives.nseindia.com/corporate/ixbrl/IT_20260519_173852_WEB.html,,,,,,,,,,,,,,
DMART,AVENUE SUPERMARTS LIMITED,Regulation 7 (2),,2026-05-20,,,,,,,,,https://nsearchives.nseindia.com/corporate/ixbrl/IT_20260520_165253_WEB.html,,,,,,,,,,,,,,
DMART,AVENUE SUPERMARTS LIMITED,Regulation 7 (2),,2026-05-20,,,,,,,,,https://nsearchives.nseindia.com/corporate/ixbrl/IT_20260520_165253_WEB.html,,,,,,,,,,,,,,
DMART,AVENUE SUPERMARTS LIMITED,Regulation 7 (2),,2026-05-20,,,,,,,,,https://nsearchives.nseindia.com/corporate/ixbrl/IT_20260520_165253_WEB.html,,,,,,,,,,,,,,
DMART,AVENUE SUPERMARTS LIMITED,Regulation 7 (2),,2026-05-20,,,,,,,,,https://nsearchives.nseindia.com/corporate/ixbrl/IT_20260520_165253_WEB.html,,,,,,,,,,,,,,
DMART,AVENUE SUPERMARTS LIMITED,Regulation 7 (2),,2026-05-20,,,,,,,,,https://nsearchives.nseindia.com/corporate/ixbrl/IT_20260520_165253_WEB.html,,,,,,,,,,,,,,
HCLTECH,HCL Technologies Limited,Regulation 7 (2),,2026-05-19,,,,,,,,,https://nsearchives.nseindia.com/corporate/ixbrl/IT_20260519_182910_WEB.html,,,,,,,,,,,,,,
AFFLE,Affle 3i Limited,Regulation 7 (2),,2026-05-19,,,,,,,,,https://nsearchives.nseindia.com/corporate/ixbrl/IT_20260519_175828_WEB.html,,,,,,,,,,,,,,
AFFLE,Affle 3i Limited,Regulation 7 (2),,2026-05-19,,,,,,,,,https://nsearchives.nseindia.com/corporate/ixbrl/IT_20260519_175828_WEB.html,,,,,,,,,,,,,,
PREMIERPOL,PREMIER POLYFILM LIMITED,Regulation 7 (2),,2026-05-19,,,,,,,,,https://nsearchives.nseindia.com/corporate/ixbrl/IT_20260519_173746_WEB.html,,,,,,,,,,,,,,
PAISALO,PAISALO DIGITAL LIMITED,Regulation 7 (2),,2026-05-19,,,,,,,,,https://nsearchives.nseindia.com/corporate/ixbrl/IT_20260519_161737_WEB.html,,,,,,,,,,,,,,
PAISALO,PAISALO DIGITAL LIMITED,Regulation 7 (2),,2026-05-19,,,,,,,,,https://nsearchives.nseindia.com/corporate/ixbrl/IT_20260519_161737_WEB.html,,,,,,,,,,,,,,
AFCONS,Afcons Infrastructure Limited,Regulation 7 (2),,2026-05-19,,,,,,,,,https://nsearchives.nseindia.com/corporate/ixbrl/IT_20260519_142334_WEB.html,,,,,,,,,,,,,,
360ONE,360 ONE WAM LIMITED,Regulation 7 (2),,2026-05-19,,,,,,,,,https://nsearchives.nseindia.com/corporate/ixbrl/IT_20260519_182832_WEB.html,,,,,,,,,,,,,,
360ONE,360 ONE WAM LIMITED,Regulation 7 (2),,2026-05-19,,,,,,,,,https://nsearchives.nseindia.com/corporate/ixbrl/IT_20260519_182832_WEB.html,,,,,,,,,,,,,,
PNGSREVA,PNGS Reva Diamond Jewellery Limited,Regulation 7 (2),,2026-05-18,,,,,,,,,https://nsearchives.nseindia.com/corporate/ixbrl/IT_20260518_201422_WEB.html,,,,,,,,,,,,,,
PNGSREVA,PNGS Reva Diamond Jewellery Limited,Regulation 7 (2),,2026-05-18,,,,,,,,,https://nsearchives.nseindia.com/corporate/ixbrl/IT_20260518_201422_WEB.html,,,,,,,,,,,,,,
AFCONS,Afcons Infrastructure Limited,Regulation 7 (2),,2026-05-19,,,,,,,,,https://nsearchives.nseindia.com/corporate/ixbrl/IT_20260519_142637_WEB.html,,,,,,,,,,,,,,
THYROCARE,Thyrocare Technologies Limited,Regulation 7 (2),,2026-05-19,,,,,,,,,https://nsearchives.nseindia.com/corporate/ixbrl/IT_20260519_115814_WEB.html,,,,,,,,,,,,,,
PREMIERPOL,PREMIER POLYFILM LIMITED,Regulation 7 (2),,2026-05-18,,,,,,,,,https://nsearchives.nseindia.com/corporate/ixbrl/IT_20260518_194812_WEB.html,,,,,,,,,,,,,,
BLUESTONE,BlueStone Jewellery and Lifestyle Limited,Regulation 7 (2),,2026-05-18,,,,,,,,,https://nsearchives.nseindia.com/corporate/ixbrl/IT_20260518_193249_WEB.html,,,,,,,,,,,,,,
DMART,AVENUE SUPERMARTS LIMITED,Regulation 7 (2),,2026-05-18,,,,,,,,,https://nsearchives.nseindia.com/corporate/ixbrl/IT_20260518_184746_WEB.html,,,,,,,,,,,,,,
DMART,AVENUE SUPERMARTS LIMITED,Regulation 7 (2),,2026-05-18,,,,,,,,,https://nsearchives.nseindia.com/corporate/ixbrl/IT_20260518_184746_WEB.html,,,,,,,,,,,,,,
DMART,AVENUE SUPERMARTS LIMITED,Regulation 7 (2),,2026-05-18,,,,,,,,,https://nsearchives.nseindia.com/corporate/ixbrl/IT_20260518_184746_WEB.html,,,,,,,,,,,,,,
DMART,AVENUE SUPERMARTS LIMITED,Regulation 7 (2),,2026-05-18,,,,,,,,,https://nsearchives.nseindia.com/corporate/ixbrl/IT_20260518_184746_WEB.html,,,,,,,,,,,,,,
DMART,AVENUE SUPERMARTS LIMITED,Regulation 7 (2),,2026-05-18,,,,,,,,,https://nsearchives.nseindia.com/corporate/ixbrl/IT_20260518_184746_WEB.html,,,,,,,,,,,,,,
DMART,AVENUE SUPERMARTS LIMITED,Regulation 7 (2),,2026-05-18,,,,,,,,,https://nsearchives.nseindia.com/corporate/ixbrl/IT_20260518_184746_WEB.html,,,,,,,,,,,,,,
PREMIERPOL,PREMIER POLYFILM LIMITED,Regulation 7 (2),,2026-05-18,,,,,,,,,https://nsearchives.nseindia.com/corporate/ixbrl/IT_20260518_194738_WEB.html,,,,,,,,,,,,,,
ECLERX,eClerx Services Ltd,Regulation 7 (2),,2026-05-18,,,,,,,,,https://nsearchives.nseindia.com/corporate/ixbrl/IT_20260518_182306_WEB.html,,,,,,,,,,,,,,
AFCONS,Afcons Infrastructure Limited,Regulation 7 (2),,2026-05-19,,,,,,,,,https://nsearchives.nseindia.com/corporate/ixbrl/IT_20260519_142558_WEB.html,,,,,,,,,,,,,,
BLUESTONE,BlueStone Jewellery and Lifestyle Limited,Regulation 7 (2),,2026-05-18,,,,,,,,,https://nsearchives.nseindia.com/corporate/ixbrl/IT_20260518_193309_WEB.html,,,,,,,,,,,,,,
GRAVITA,GRAVITA INDIA LIMITED,Regulation 7 (2),,2026-05-18,,,,,,,,,https://nsearchives.nseindia.com/corporate/ixbrl/IT_20260518_174144_WEB.html,,,,,,,,,,,,,,
AURUM,AURUM PROPTECH LIMITED,Regulation 7 (2),,2026-05-18,,,,,,,,,https://nsearchives.nseindia.com/corporate/ixbrl/IT_20260518_194958_WEB.html,,,,,,,,,,,,,,
PAISALO,PAISALO DIGITAL LIMITED,Regulation 7 (2),,2026-05-18,,,,,,,,,https://nsearchives.nseindia.com/corporate/ixbrl/IT_20260518_171322_WEB.html,,,,,,,,,,,,,,
PAISALO,PAISALO DIGITAL LIMITED,Regulation 7 (2),,2026-05-18,,,,,,,,,https://nsearchives.nseindia.com/corporate/ixbrl/IT_20260518_171322_WEB.html,,,,,,,,,,,,,,
LALPATHLAB,DR. LAL PATHLABS LIMITED,Regulation 7 (2),,2026-05-18,,,,,,,,,https://nsearchives.nseindia.com/corporate/ixbrl/IT_20260518_153248_WEB.html,,,,,,,,,,,,,,
LALPATHLAB,DR. LAL PATHLABS LIMITED,Regulation 7 (2),,2026-05-18,,,,,,,,,https://nsearchives.nseindia.com/corporate/ixbrl/IT_20260518_153248_WEB.html,,,,,,,,,,,,,,
STYLAMIND,STYLAM INDUSTRIES LIMITED,Regulation 7 (2),,2026-05-18,,,,,,,,,https://nsearchives.nseindia.com/corporate/ixbrl/IT_20260518_170920_WEB.html,,,,,,,,,,,,,,
ADVENZYMES,Advanced Enzyme Technologies Limited,Regulation 7 (2),,2026-05-18,,,,,,,,,https://nsearchives.nseindia.com/corporate/ixbrl/IT_20260518_160342_WEB.html,,,,,,,,,,,,,,
MHRIL,MAHINDRA HOLIDAYS & RESORTS INDIA LIMITED,Regulation 7 (2),,2026-05-18,,,,,,,,,https://nsearchives.nseindia.com/corporate/ixbrl/IT_20260518_130204_WEB.html,,,,,,,,,,,,,,
PAISALO,PAISALO DIGITAL LIMITED,Regulation 7 (2),,2026-05-18,,,,,,,,,https://nsearchives.nseindia.com/corporate/ixbrl/IT_20260518_162326_WEB.html,,,,,,,,,,,,,,
PAISALO,PAISALO DIGITAL LIMITED,Regulation 7 (2),,2026-05-18,,,,,,,,,https://nsearchives.nseindia.com/corporate/ixbrl/IT_20260518_162326_WEB.html,,,,,,,,,,,,,,
PAISALO,PAISALO DIGITAL LIMITED,Regulation 7 (2),,2026-05-18,,,,,,,,,https://nsearchives.nseindia.com/corporate/ixbrl/IT_20260518_162326_WEB.html,,,,,,,,,,,,,,
BERGEPAINT,BERGER PAINTS (I) LIMITED,Regulation 7 (2),,2026-05-18,,,,,,,,,https://nsearchives.nseindia.com/corporate/ixbrl/IT_20260518_124858_WEB.html,,,,,,,,,,,,,,
NAUKRI,Info Edge (India) Limited,Regulation 7 (2),,2026-05-18,,,,,,,,,https://nsearchives.nseindia.com/corporate/ixbrl/IT_20260518_105852_WEB.html,,,,,,,,,,,,,,
BERGEPAINT,BERGER PAINTS (I) LIMITED,Regulation 7 (2),,2026-05-18,,,,,,,,,https://nsearchives.nseindia.com/corporate/ixbrl/IT_20260518_125558_WEB.html,,,,,,,,,,,,,,
MHRIL,MAHINDRA HOLIDAYS & RESORTS INDIA LIMITED,Regulation 7 (2),,2026-05-18,,,,,,,,,https://nsearchives.nseindia.com/corporate/ixbrl/IT_20260518_125734_WEB.html,,,,,,,,,,,,,,
KWIL,Kwality Wall's (India) Limited,Regulation 7 (2),,2026-05-16,,,,,,,,,https://nsearchives.nseindia.com/corporate/ixbrl/IT_20260516_225509_WEB.html,,,,,,,,,,,,,,
KWIL,Kwality Wall's (India) Limited,Regulation 7 (2),,2026-05-16,,,,,,,,,https://nsearchives.nseindia.com/corporate/ixbrl/IT_20260516_225144_WEB.html,,,,,,,,,,,,,,
STYLAMIND,STYLAM INDUSTRIES LIMITED,Regulation 7 (2),,2026-05-18,,,,,,,,,https://nsearchives.nseindia.com/corporate/ixbrl/IT_20260518_170912_WEB.html,,,,,,,,,,,,,,
ALKYLAMINE,ALKYL AMINES CHEMICALS LIMITED,Regulation 7 (2),,2026-05-16,,,,,,,,,https://nsearchives.nseindia.com/corporate/ixbrl/IT_20260516_210554_WEB.html,,,,,,,,,,,,,,
PAISALO,PAISALO DIGITAL LIMITED,Regulation 7 (2),,2026-05-16,,,,,,,,,https://nsearchives.nseindia.com/corporate/ixbrl/IT_20260516_182914_WEB.html,,,,,,,,,,,,,,
PAISALO,PAISALO DIGITAL LIMITED,Regulation 7 (2),,2026-05-16,,,,,,,,,https://nsearchives.nseindia.com/corporate/ixbrl/IT_20260516_182914_WEB.html,,,,,,,,,,,,,,
PAISALO,PAISALO DIGITAL LIMITED,Regulation 7 (2),,2026-05-16,,,,,,,,,https://nsearchives.nseindia.com/corporate/ixbrl/IT_20260516_182914_WEB.html,,,,,,,,,,,,,,
PAISALO,PAISALO DIGITAL LIMITED,Regulation 7 (2),,2026-05-16,,,,,,,,,https://nsearchives.nseindia.com/corporate/ixbrl/IT_20260516_182914_WEB.html,,,,,,,,,,,,,,
PAISALO,PAISALO DIGITAL LIMITED,Regulation 7 (2),,2026-05-16,,,,,,,,,https://nsearchives.nseindia.com/corporate/ixbrl/IT_20260516_182914_WEB.html,,,,,,,,,,,,,,
AFFLE,Affle 3i Limited,Regulation 7 (2),,2026-05-18,,,,,,,,,https://nsearchives.nseindia.com/corporate/ixbrl/IT_20260518_120653_WEB.html,,,,,,,,,,,,,,
AFFLE,Affle 3i Limited,Regulation 7 (2),,2026-05-18,,,,,,,,,https://nsearchives.nseindia.com/corporate/ixbrl/IT_20260518_120653_WEB.html,,,,,,,,,,,,,,
UNIECOM,UNICOMMERCE ESOLUTIONS LIMITED,Regulation 7 (2),,2026-05-16,,,,,,,,,https://nsearchives.nseindia.com/corporate/ixbrl/IT_20260516_200516_WEB.html,,,,,,,,,,,,,,
UNIECOM,UNICOMMERCE ESOLUTIONS LIMITED,Regulation 7 (2),,2026-05-16,,,,,,,,,https://nsearchives.nseindia.com/corporate/ixbrl/IT_20260516_200516_WEB.html,,,,,,,,,,,,,,
UNIECOM,UNICOMMERCE ESOLUTIONS LIMITED,Regulation 7 (2),,2026-05-16,,,,,,,,,https://nsearchives.nseindia.com/corporate/ixbrl/IT_20260516_200516_WEB.html,,,,,,,,,,,,,,
AURUM,AURUM PROPTECH LIMITED,Regulation 7 (2),,2026-05-16,,,,,,,,,https://nsearchives.nseindia.com/corporate/ixbrl/IT_20260516_165730_WEB.html,,,,,,,,,,,,,,
AURUM,AURUM PROPTECH LIMITED,Regulation 7 (2),,2026-05-16,,,,,,,,,https://nsearchives.nseindia.com/corporate/ixbrl/IT_20260516_165730_WEB.html,,,,,,,,,,,,,,
PARSVNATH,PARSVNATH DEVELOPERS LIMITED,Regulation 7 (2),,2026-05-16,,,,,,,,,https://nsearchives.nseindia.com/corporate/ixbrl/IT_20260516_144927_WEB.html,,,,,,,,,,,,,,
PREMIERPOL,PREMIER POLYFILM LIMITED,Regulation 7 (2),,2026-05-16,,,,,,,,,https://nsearchives.nseindia.com/corporate/ixbrl/IT_20260516_163531_WEB.html,,,,,,,,,,,,,,In earlier submission under mode of acquisition/disposal we wrongly mentioned as off market instead of gift. So submission is being revised.
PREMIERPOL,PREMIER POLYFILM LIMITED,Regulation 7 (2),,2026-05-16,,,,,,,,,https://nsearchives.nseindia.com/corporate/ixbrl/IT_20260516_163531_WEB.html,,,,,,,,,,,,,,In earlier submission under mode of acquisition/disposal we wrongly mentioned as off market instead of gift. So submission is being revised.
PREMIERPOL,PREMIER POLYFILM LIMITED,Regulation 7 (2),,2026-05-16,,,,,,,,,https://nsearchives.nseindia.com/corporate/ixbrl/IT_20260516_163531_WEB.html,,,,,,,,,,,,,,In earlier submission under mode of acquisition/disposal we wrongly mentioned as off market instead of gift. So submission is being revised.
PREMIERPOL,PREMIER POLYFILM LIMITED,Regulation 7 (2),,2026-05-16,,,,,,,,,https://nsearchives.nseindia.com/corporate/ixbrl/IT_20260516_144258_WEB.html,,,,,,,,,,,,,,
PREMIERPOL,PREMIER POLYFILM LIMITED,Regulation 7 (2),,2026-05-16,,,,,,,,,https://nsearchives.nseindia.com/corporate/ixbrl/IT_20260516_144258_WEB.html,,,,,,,,,,,,,,
PREMIERPOL,PREMIER POLYFILM LIMITED,Regulation 7 (2),,2026-05-16,,,,,,,,,https://nsearchives.nseindia.com/corporate/ixbrl/IT_20260516_144258_WEB.html,,,,,,,,,,,,,,
JARO,JARO INSTITUTE OF TECHNOLOGY MANAGEMENT AND RESEARCH LIMITED,Regulation 7 (2),,2026-05-16,,,,,,,,,https://nsearchives.nseindia.com/corporate/ixbrl/IT_20260516_152950_WEB.html,,,,,,,,,,,,,,
PARSVNATH,PARSVNATH DEVELOPERS LIMITED,Regulation 7 (2),,2026-05-16,,,,,,,,,https://nsearchives.nseindia.com/corporate/ixbrl/IT_20260516_144742_WEB.html,,,,,,,,,,,,,,
PARSVNATH,PARSVNATH DEVELOPERS LIMITED,Regulation 7 (2),,2026-05-16,,,,,,,,,https://nsearchives.nseindia.com/corporate/ixbrl/IT_20260516_145101_WEB.html,,,,,,,,,,,,,,
PREMIERPOL,PREMIER POLYFILM LIMITED,Regulation 7 (2),,2026-05-16,,,,,,,,,https://nsearchives.nseindia.com/corporate/ixbrl/IT_20260516_135626_WEB.html,,,,,,,,,,,,,,
PREMIERPOL,PREMIER POLYFILM LIMITED,Regulation 7 (2),,2026-05-16,,,,,,,,,https://nsearchives.nseindia.com/corporate/ixbrl/IT_20260516_135626_WEB.html,,,,,,,,,,,,,,
PREMIERPOL,PREMIER POLYFILM LIMITED,Regulation 7 (2),,2026-05-16,,,,,,,,,https://nsearchives.nseindia.com/corporate/ixbrl/IT_20260516_135626_WEB.html,,,,,,,,,,,,,,
PARSVNATH,PARSVNATH DEVELOPERS LIMITED,Regulation 7 (2),,2026-05-16,,,,,,,,,https://nsearchives.nseindia.com/corporate/ixbrl/IT_20260516_144240_WEB.html,,,,,,,,,,,,,,
PAISALO,PAISALO DIGITAL LIMITED,Regulation 7 (2),,2026-05-15,,,,,,,,,https://nsearchives.nseindia.com/corporate/ixbrl/IT_20260515_191112_WEB.html,,,,,,,,,,,,,,
PAISALO,PAISALO DIGITAL LIMITED,Regulation 7 (2),,2026-05-15,,,,,,,,,https://nsearchives.nseindia.com/corporate/ixbrl/IT_20260515_191112_WEB.html,,,,,,,,,,,,,,
PAISALO,PAISALO DIGITAL LIMITED,Regulation 7 (2),,2026-05-15,,,,,,,,,https://nsearchives.nseindia.com/corporate/ixbrl/IT_20260515_191112_WEB.html,,,,,,,,,,,,,,
PAISALO,PAISALO DIGITAL LIMITED,Regulation 7 (2),,2026-05-15,,,,,,,,,https://nsearchives.nseindia.com/corporate/ixbrl/IT_20260515_191112_WEB.html,,,,,,,,,,,,,,
PAISALO,PAISALO DIGITAL LIMITED,Regulation 7 (2),,2026-05-15,,,,,,,,,https://nsearchives.nseindia.com/corporate/ixbrl/IT_20260515_191112_WEB.html,,,,,,,,,,,,,,
THYROCARE,Thyrocare Technologies Limited,Regulation 7 (2),,2026-05-15,,,,,,,,,https://nsearchives.nseindia.com/corporate/ixbrl/IT_20260515_193752_WEB.html,,,,,,,,,,,,,,
PAISALO,PAISALO DIGITAL LIMITED,Regulation 7 (2),,2026-05-15,,,,,,,,,https://nsearchives.nseindia.com/corporate/ixbrl/IT_20260515_192304_WEB.html,,,,,,,,,,,,,,
PAISALO,PAISALO DIGITAL LIMITED,Regulation 7 (2),,2026-05-15,,,,,,,,,https://nsearchives.nseindia.com/corporate/ixbrl/IT_20260515_192304_WEB.html,,,,,,,,,,,,,,
DMART,AVENUE SUPERMARTS LIMITED,Regulation 7 (2),,2026-05-15,,,,,,,,,https://nsearchives.nseindia.com/corporate/ixbrl/IT_20260515_184436_WEB.html,,,,,,,,,,,,,,
DMART,AVENUE SUPERMARTS LIMITED,Regulation 7 (2),,2026-05-15,,,,,,,,,https://nsearchives.nseindia.com/corporate/ixbrl/IT_20260515_184436_WEB.html,,,,,,,,,,,,,,
DMART,AVENUE SUPERMARTS LIMITED,Regulation 7 (2),,2026-05-15,,,,,,,,,https://nsearchives.nseindia.com/corporate/ixbrl/IT_20260515_184436_WEB.html,,,,,,,,,,,,,,
DMART,AVENUE SUPERMARTS LIMITED,Regulation 7 (2),,2026-05-15,,,,,,,,,https://nsearchives.nseindia.com/corporate/ixbrl/IT_20260515_184436_WEB.html,,,,,,,,,,,,,,
SASKEN,Sasken Technologies Limited,Regulation 7 (2),,2026-05-15,,,,,,,,,https://nsearchives.nseindia.com/corporate/ixbrl/IT_20260515_231734_WEB.html,,,,,,,,,,,,,,
SASKEN,Sasken Technologies Limited,Regulation 7 (2),,2026-05-15,,,,,,,,,https://nsearchives.nseindia.com/corporate/ixbrl/IT_20260515_231734_WEB.html,,,,,,,,,,,,,,
SASKEN,Sasken Technologies Limited,Regulation 7 (2),,2026-05-15,,,,,,,,,https://nsearchives.nseindia.com/corporate/ixbrl/IT_20260515_231734_WEB.html,,,,,,,,,,,,,,
JARO,JARO INSTITUTE OF TECHNOLOGY MANAGEMENT AND RESEARCH LIMITED,Regulation 7 (2),,2026-05-15,,,,,,,,,https://nsearchives.nseindia.com/corporate/ixbrl/IT_20260515_183244_WEB.html,,,,,,,,,,,,,,
PAISALO,PAISALO DIGITAL LIMITED,Regulation 7 (2),,2026-05-15,,,,,,,,,https://nsearchives.nseindia.com/corporate/ixbrl/IT_20260515_155146_WEB.html,,,,,,,,,,,,,,
PAISALO,PAISALO DIGITAL LIMITED,Regulation 7 (2),,2026-05-15,,,,,,,,,https://nsearchives.nseindia.com/corporate/ixbrl/IT_20260515_155146_WEB.html,,,,,,,,,,,,,,
PAISALO,PAISALO DIGITAL LIMITED,Regulation 7 (2),,2026-05-15,,,,,,,,,https://nsearchives.nseindia.com/corporate/ixbrl/IT_20260515_155146_WEB.html,,,,,,,,,,,,,,
STLTECH,STERLITE TECHNOLOGIES LIMITED,Regulation 7 (2),,2026-05-15,,,,,,,,,https://nsearchives.nseindia.com/corporate/ixbrl/IT_20260515_181800_WEB.html,,,,,,,,,,,,,,
WIPRO,WIPRO LIMITED,Regulation 7 (2),,2026-05-15,,,,,,,,,https://nsearchives.nseindia.com/corporate/ixbrl/IT_20260515_172414_WEB.html,,,,,,,,,,,,,,
FSL,Firstsource Solutions Limited,Regulation 7 (2),,2026-05-15,,,,,,,,,https://nsearchives.nseindia.com/corporate/ixbrl/IT_20260515_165210_WEB.html,,,,,,,,,,,,,,
FSL,Firstsource Solutions Limited,Regulation 7 (2),,2026-05-15,,,,,,,,,https://nsearchives.nseindia.com/corporate/ixbrl/IT_20260515_165210_WEB.html,,,,,,,,,,,,,,
HCLTECH,HCL Technologies Limited,Regulation 7 (2),,2026-05-15,,,,,,,,,https://nsearchives.nseindia.com/corporate/ixbrl/IT_20260515_160636_WEB.html,,,,,,,,,,,,,,
INFY,Infosys Limited,Regulation 7 (2),,2026-05-15,,,,,,,,,https://nsearchives.nseindia.com/corporate/ixbrl/IT_20260515_155037_WEB.html,,,,,,,,,,,,,,
ECLERX,eClerx Services Limited,Regulation 7 (2),,2026-05-15,,,,,,,,,https://nsearchives.nseindia.com/corporate/ixbrl/IT_20260515_151331_WEB.html,,,,,,,,,,,,,,
360ONE,360 ONE WAM LIMITED,Regulation 7 (2),,2026-05-14,,,,,,,,,https://nsearchives.nseindia.com/corporate/ixbrl/IT_20260514_235814_WEB.html,,,,,,,,,,,,,,
360ONE,360 ONE WAM LIMITED,Regulation 7 (2),,2026-05-14,,,,,,,,,https://nsearchives.nseindia.com/corporate/ixbrl/IT_20260514_235814_WEB.html,,,,,,,,,,,,,,
360ONE,360 ONE WAM LIMITED,Regulation 7 (2),,2026-05-14,,,,,,,,,https://nsearchives.nseindia.com/corporate/ixbrl/IT_20260514_235814_WEB.html,,,,,,,,,,,,,,
360ONE,360 ONE WAM LIMITED,Regulation 7 (2),,2026-05-14,,,,,,,,,https://nsearchives.nseindia.com/corporate/ixbrl/IT_20260514_235814_WEB.html,,,,,,,,,,,,,,
360ONE,360 ONE WAM LIMITED,Regulation 7 (2),,2026-05-14,,,,,,,,,https://nsearchives.nseindia.com/corporate/ixbrl/IT_20260514_235814_WEB.html,,,,,,,,,,,,,,
AVANTEL,AVANTEL LIMITED,Regulation 7 (2),,2026-05-15,,,,,,,,,https://nsearchives.nseindia.com/corporate/ixbrl/IT_20260515_145020_WEB.html,,,,,,,,,,,,,,
BAJFINANCE,BAJAJ FINANCE LIMITED,Regulation 7 (2),,2026-05-14,,,,,,,,,https://nsearchives.nseindia.com/corporate/ixbrl/IT_20260514_201704_WEB.html,,,,,,,,,,,,,,
BAJFINANCE,BAJAJ FINANCE LIMITED,Regulation 7 (2),,2026-05-14,,,,,,,,,https://nsearchives.nseindia.com/corporate/ixbrl/IT_20260514_201704_WEB.html,,,,,,,,,,,,,,
BAJFINANCE,BAJAJ FINANCE LIMITED,Regulation 7 (2),,2026-05-14,,,,,,,,,https://nsearchives.nseindia.com/corporate/ixbrl/IT_20260514_201704_WEB.html,,,,,,,,,,,,,,
BAJFINANCE,BAJAJ FINANCE LIMITED,Regulation 7 (2),,2026-05-14,,,,,,,,,https://nsearchives.nseindia.com/corporate/ixbrl/IT_20260514_201704_WEB.html,,,,,,,,,,,,,,
WIPRO,WIPRO LIMITED,Regulation 7 (2),,2026-05-14,,,,,,,,,https://nsearchives.nseindia.com/corporate/ixbrl/IT_20260514_203829_WEB.html,,,,,,,,,,,,,,
WIPRO,WIPRO LIMITED,Regulation 7 (2),,2026-05-14,,,,,,,,,https://nsearchives.nseindia.com/corporate/ixbrl/IT_20260514_203829_WEB.html,,,,,,,,,,,,,,
WIPRO,WIPRO LIMITED,Regulation 7 (2),,2026-05-14,,,,,,,,,https://nsearchives.nseindia.com/corporate/ixbrl/IT_20260514_203829_WEB.html,,,,,,,,,,,,,,
WIPRO,WIPRO LIMITED,Regulation 7 (2),,2026-05-14,,,,,,,,,https://nsearchives.nseindia.com/corporate/ixbrl/IT_20260514_203829_WEB.html,,,,,,,,,,,,,,
WIPRO,WIPRO LIMITED,Regulation 7 (2),,2026-05-14,,,,,,,,,https://nsearchives.nseindia.com/corporate/ixbrl/IT_20260514_203829_WEB.html,,,,,,,,,,,,,,
WIPRO,WIPRO LIMITED,Regulation 7 (2),,2026-05-14,,,,,,,,,https://nsearchives.nseindia.com/corporate/ixbrl/IT_20260514_203829_WEB.html,,,,,,,,,,,,,,
WIPRO,WIPRO LIMITED,Regulation 7 (2),,2026-05-14,,,,,,,,,https://nsearchives.nseindia.com/corporate/ixbrl/IT_20260514_203829_WEB.html,,,,,,,,,,,,,,
WIPRO,WIPRO LIMITED,Regulation 7 (2),,2026-05-14,,,,,,,,,https://nsearchives.nseindia.com/corporate/ixbrl/IT_20260514_203829_WEB.html,,,,,,,,,,,,,,
WIPRO,WIPRO LIMITED,Regulation 7 (2),,2026-05-14,,,,,,,,,https://nsearchives.nseindia.com/corporate/ixbrl/IT_20260514_203829_WEB.html,,,,,,,,,,,,,,
WIPRO,WIPRO LIMITED,Regulation 7 (2),,2026-05-14,,,,,,,,,https://nsearchives.nseindia.com/corporate/ixbrl/IT_20260514_203829_WEB.html,,,,,,,,,,,,,,
WIPRO,WIPRO LIMITED,Regulation 7 (2),,2026-05-14,,,,,,,,,https://nsearchives.nseindia.com/corporate/ixbrl/IT_20260514_203829_WEB.html,,,,,,,,,,,,,,
WIPRO,WIPRO LIMITED,Regulation 7 (2),,2026-05-14,,,,,,,,,https://nsearchives.nseindia.com/corporate/ixbrl/IT_20260514_203829_WEB.html,,,,,,,,,,,,,,
WIPRO,WIPRO LIMITED,Regulation 7 (2),,2026-05-14,,,,,,,,,https://nsearchives.nseindia.com/corporate/ixbrl/IT_20260514_203829_WEB.html,,,,,,,,,,,,,,
WIPRO,WIPRO LIMITED,Regulation 7 (2),,2026-05-14,,,,,,,,,https://nsearchives.nseindia.com/corporate/ixbrl/IT_20260514_203829_WEB.html,,,,,,,,,,,,,,
WIPRO,WIPRO LIMITED,Regulation 7 (2),,2026-05-14,,,,,,,,,https://nsearchives.nseindia.com/corporate/ixbrl/IT_20260514_203829_WEB.html,,,,,,,,,,,,,,
WIPRO,WIPRO LIMITED,Regulation 7 (2),,2026-05-14,,,,,,,,,https://nsearchives.nseindia.com/corporate/ixbrl/IT_20260514_203829_WEB.html,,,,,,,,,,,,,,
WIPRO,WIPRO LIMITED,Regulation 7 (2),,2026-05-14,,,,,,,,,https://nsearchives.nseindia.com/corporate/ixbrl/IT_20260514_203829_WEB.html,,,,,,,,,,,,,,
WIPRO,WIPRO LIMITED,Regulation 7 (2),,2026-05-14,,,,,,,,,https://nsearchives.nseindia.com/corporate/ixbrl/IT_20260514_203829_WEB.html,,,,,,,,,,,,,,
WIPRO,WIPRO LIMITED,Regulation 7 (2),,2026-05-14,,,,,,,,,https://nsearchives.nseindia.com/corporate/ixbrl/IT_20260514_203829_WEB.html,,,,,,,,,,,,,,
WIPRO,WIPRO LIMITED,Regulation 7 (2),,2026-05-14,,,,,,,,,https://nsearchives.nseindia.com/corporate/ixbrl/IT_20260514_203829_WEB.html,,,,,,,,,,,,,,
WIPRO,WIPRO LIMITED,Regulation 7 (2),,2026-05-14,,,,,,,,,https://nsearchives.nseindia.com/corporate/ixbrl/IT_20260514_203829_WEB.html,,,,,,,,,,,,,,
WIPRO,WIPRO LIMITED,Regulation 7 (2),,2026-05-14,,,,,,,,,https://nsearchives.nseindia.com/corporate/ixbrl/IT_20260514_203829_WEB.html,,,,,,,,,,,,,,
WIPRO,WIPRO LIMITED,Regulation 7 (2),,2026-05-14,,,,,,,,,https://nsearchives.nseindia.com/corporate/ixbrl/IT_20260514_203829_WEB.html,,,,,,,,,,,,,,
WIPRO,WIPRO LIMITED,Regulation 7 (2),,2026-05-14,,,,,,,,,https://nsearchives.nseindia.com/corporate/ixbrl/IT_20260514_203829_WEB.html,,,,,,,,,,,,,,
WIPRO,WIPRO LIMITED,Regulation 7 (2),,2026-05-14,,,,,,,,,https://nsearchives.nseindia.com/corporate/ixbrl/IT_20260514_203829_WEB.html,,,,,,,,,,,,,,
WIPRO,WIPRO LIMITED,Regulation 7 (2),,2026-05-14,,,,,,,,,https://nsearchives.nseindia.com/corporate/ixbrl/IT_20260514_203829_WEB.html,,,,,,,,,,,,,,
WIPRO,WIPRO LIMITED,Regulation 7 (2),,2026-05-14,,,,,,,,,https://nsearchives.nseindia.com/corporate/ixbrl/IT_20260514_203829_WEB.html,,,,,,,,,,,,,,
WIPRO,WIPRO LIMITED,Regulation 7 (2),,2026-05-14,,,,,,,,,https://nsearchives.nseindia.com/corporate/ixbrl/IT_20260514_203829_WEB.html,,,,,,,,,,,,,,
WIPRO,WIPRO LIMITED,Regulation 7 (2),,2026-05-14,,,,,,,,,https://nsearchives.nseindia.com/corporate/ixbrl/IT_20260514_203829_WEB.html,,,,,,,,,,,,,,
WIPRO,WIPRO LIMITED,Regulation 7 (2),,2026-05-14,,,,,,,,,https://nsearchives.nseindia.com/corporate/ixbrl/IT_20260514_203829_WEB.html,,,,,,,,,,,,,,
WIPRO,WIPRO LIMITED,Regulation 7 (2),,2026-05-14,,,,,,,,,https://nsearchives.nseindia.com/corporate/ixbrl/IT_20260514_203829_WEB.html,,,,,,,,,,,,,,
WIPRO,WIPRO LIMITED,Regulation 7 (2),,2026-05-14,,,,,,,,,https://nsearchives.nseindia.com/corporate/ixbrl/IT_20260514_203829_WEB.html,,,,,,,,,,,,,,
WIPRO,WIPRO LIMITED,Regulation 7 (2),,2026-05-14,,,,,,,,,https://nsearchives.nseindia.com/corporate/ixbrl/IT_20260514_203829_WEB.html,,,,,,,,,,,,,,
WIPRO,WIPRO LIMITED,Regulation 7 (2),,2026-05-14,,,,,,,,,https://nsearchives.nseindia.com/corporate/ixbrl/IT_20260514_203829_WEB.html,,,,,,,,,,,,,,
WIPRO,WIPRO LIMITED,Regulation 7 (2),,2026-05-14,,,,,,,,,https://nsearchives.nseindia.com/corporate/ixbrl/IT_20260514_203829_WEB.html,,,,,,,,,,,,,,
WIPRO,WIPRO LIMITED,Regulation 7 (2),,2026-05-14,,,,,,,,,https://nsearchives.nseindia.com/corporate/ixbrl/IT_20260514_203829_WEB.html,,,,,,,,,,,,,,
WIPRO,WIPRO LIMITED,Regulation 7 (2),,2026-05-14,,,,,,,,,https://nsearchives.nseindia.com/corporate/ixbrl/IT_20260514_203829_WEB.html,,,,,,,,,,,,,,
WIPRO,WIPRO LIMITED,Regulation 7 (2),,2026-05-14,,,,,,,,,https://nsearchives.nseindia.com/corporate/ixbrl/IT_20260514_203829_WEB.html,,,,,,,,,,,,,,
WIPRO,WIPRO LIMITED,Regulation 7 (2),,2026-05-14,,,,,,,,,https://nsearchives.nseindia.com/corporate/ixbrl/IT_20260514_203829_WEB.html,,,,,,,,,,,,,,
WIPRO,WIPRO LIMITED,Regulation 7 (2),,2026-05-14,,,,,,,,,https://nsearchives.nseindia.com/corporate/ixbrl/IT_20260514_203829_WEB.html,,,,,,,,,,,,,,
WIPRO,WIPRO LIMITED,Regulation 7 (2),,2026-05-14,,,,,,,,,https://nsearchives.nseindia.com/corporate/ixbrl/IT_20260514_203829_WEB.html,,,,,,,,,,,,,,
WIPRO,WIPRO LIMITED,Regulation 7 (2),,2026-05-14,,,,,,,,,https://nsearchives.nseindia.com/corporate/ixbrl/IT_20260514_203829_WEB.html,,,,,,,,,,,,,,
WIPRO,WIPRO LIMITED,Regulation 7 (2),,2026-05-14,,,,,,,,,https://nsearchives.nseindia.com/corporate/ixbrl/IT_20260514_203829_WEB.html,,,,,,,,,,,,,,
WIPRO,WIPRO LIMITED,Regulation 7 (2),,2026-05-14,,,,,,,,,https://nsearchives.nseindia.com/corporate/ixbrl/IT_20260514_203829_WEB.html,,,,,,,,,,,,,,
WIPRO,WIPRO LIMITED,Regulation 7 (2),,2026-05-14,,,,,,,,,https://nsearchives.nseindia.com/corporate/ixbrl/IT_20260514_203829_WEB.html,,,,,,,,,,,,,,
WIPRO,WIPRO LIMITED,Regulation 7 (2),,2026-05-14,,,,,,,,,https://nsearchives.nseindia.com/corporate/ixbrl/IT_20260514_203829_WEB.html,,,,,,,,,,,,,,
WIPRO,WIPRO LIMITED,Regulation 7 (2),,2026-05-14,,,,,,,,,https://nsearchives.nseindia.com/corporate/ixbrl/IT_20260514_203829_WEB.html,,,,,,,,,,,,,,
SASKEN,Sasken Technologies Limited,Regulation 7 (2),,2026-05-14,,,,,,,,,https://nsearchives.nseindia.com/corporate/ixbrl/IT_20260514_213233_WEB.html,,,,,,,,,,,,,,
SASKEN,Sasken Technologies Limited,Regulation 7 (2),,2026-05-14,,,,,,,,,https://nsearchives.nseindia.com/corporate/ixbrl/IT_20260514_213233_WEB.html,,,,,,,,,,,,,,
SASKEN,Sasken Technologies Limited,Regulation 7 (2),,2026-05-14,,,,,,,,,https://nsearchives.nseindia.com/corporate/ixbrl/IT_20260514_213233_WEB.html,,,,,,,,,,,,,,
SASKEN,Sasken Technologies Limited,Regulation 7 (2),,2026-05-14,,,,,,,,,https://nsearchives.nseindia.com/corporate/ixbrl/IT_20260514_213233_WEB.html,,,,,,,,,,,,,,
SASKEN,Sasken Technologies Limited,Regulation 7 (2),,2026-05-14,,,,,,,,,https://nsearchives.nseindia.com/corporate/ixbrl/IT_20260514_213233_WEB.html,,,,,,,,,,,,,,
SASKEN,Sasken Technologies Limited,Regulation 7 (2),,2026-05-14,,,,,,,,,https://nsearchives.nseindia.com/corporate/ixbrl/IT_20260514_213233_WEB.html,,,,,,,,,,,,,,
SASKEN,Sasken Technologies Limited,Regulation 7 (2),,2026-05-14,,,,,,,,,https://nsearchives.nseindia.com/corporate/ixbrl/IT_20260514_213233_WEB.html,,,,,,,,,,,,,,
DMART,AVENUE SUPERMARTS LIMITED,Regulation 7 (2),,2026-05-14,,,,,,,,,https://nsearchives.nseindia.com/corporate/ixbrl/IT_20260514_183958_WEB.html,,,,,,,,,,,,,,
DMART,AVENUE SUPERMARTS LIMITED,Regulation 7 (2),,2026-05-14,,,,,,,,,https://nsearchives.nseindia.com/corporate/ixbrl/IT_20260514_183958_WEB.html,,,,,,,,,,,,,,
DMART,AVENUE SUPERMARTS LIMITED,Regulation 7 (2),,2026-05-14,,,,,,,,,https://nsearchives.nseindia.com/corporate/ixbrl/IT_20260514_183958_WEB.html,,,,,,,,,,,,,,
DMART,AVENUE SUPERMARTS LIMITED,Regulation 7 (2),,2026-05-14,,,,,,,,,https://nsearchives.nseindia.com/corporate/ixbrl/IT_20260514_183958_WEB.html,,,,,,,,,,,,,,
DMART,AVENUE SUPERMARTS LIMITED,Regulation 7 (2),,2026-05-14,,,,,,,,,https://nsearchives.nseindia.com/corporate/ixbrl/IT_20260514_183958_WEB.html,,,,,,,,,,,,,,
DMART,AVENUE SUPERMARTS LIMITED,Regulation 7 (2),,2026-05-14,,,,,,,,,https://nsearchives.nseindia.com/corporate/ixbrl/IT_20260514_183958_WEB.html,,,,,,,,,,,,,,
BAJFINANCE,BAJAJ FINANCE LIMITED,Regulation 7 (2),,2026-05-14,,,,,,,,,https://nsearchives.nseindia.com/corporate/ixbrl/IT_20260514_201431_WEB.html,,,,,,,,,,,,,,
BAJFINANCE,BAJAJ FINANCE LIMITED,Regulation 7 (2),,2026-05-14,,,,,,,,,https://nsearchives.nseindia.com/corporate/ixbrl/IT_20260514_201431_WEB.html,,,,,,,,,,,,,,
BAJFINANCE,BAJAJ FINANCE LIMITED,Regulation 7 (2),,2026-05-14,,,,,,,,,https://nsearchives.nseindia.com/corporate/ixbrl/IT_20260514_201431_WEB.html,,,,,,,,,,,,,,
BAJFINANCE,BAJAJ FINANCE LIMITED,Regulation 7 (2),,2026-05-14,,,,,,,,,https://nsearchives.nseindia.com/corporate/ixbrl/IT_20260514_201431_WEB.html,,,,,,,,,,,,,,
BAJFINANCE,BAJAJ FINANCE LIMITED,Regulation 7 (2),,2026-05-14,,,,,,,,,https://nsearchives.nseindia.com/corporate/ixbrl/IT_20260514_200832_WEB.html,,,,,,,,,,,,,,
BAJFINANCE,BAJAJ FINANCE LIMITED,Regulation 7 (2),,2026-05-14,,,,,,,,,https://nsearchives.nseindia.com/corporate/ixbrl/IT_20260514_200832_WEB.html,,,,,,,,,,,,,,
BAJFINANCE,BAJAJ FINANCE LIMITED,Regulation 7 (2),,2026-05-14,,,,,,,,,https://nsearchives.nseindia.com/corporate/ixbrl/IT_20260514_200832_WEB.html,,,,,,,,,,,,,,
BAJFINANCE,BAJAJ FINANCE LIMITED,Regulation 7 (2),,2026-05-14,,,,,,,,,https://nsearchives.nseindia.com/corporate/ixbrl/IT_20260514_200832_WEB.html,,,,,,,,,,,,,,
KIRLPNU,KIRLOSKAR PNEUMATIC COMPANY LIMITED,Regulation 7 (2),,2026-05-14,,,,,,,,,https://nsearchives.nseindia.com/corporate/ixbrl/IT_20260514_185332_WEB.html,,,,,,,,,,,,,,
PNGSREVA,PNGS Reva Diamond Jewellery Limited,Regulation 7 (2),,2026-05-14,,,,,,,,,https://nsearchives.nseindia.com/corporate/ixbrl/IT_20260514_180925_WEB.html,,,,,,,,,,,,,,
GREENPLY,GREENPLY INDUSTRIES LIMITED,Regulation 7 (2),,2026-05-14,,,,,,,,,https://nsearchives.nseindia.com/corporate/ixbrl/IT_20260514_181825_WEB.html,,,,,,,,,,,,,,
PAISALO,PAISALO DIGITAL LIMITED,Regulation 7 (2),,2026-05-14,,,,,,,,,https://nsearchives.nseindia.com/corporate/ixbrl/IT_20260514_164735_WEB.html,,,,,,,,,,,,,,
PAISALO,PAISALO DIGITAL LIMITED,Regulation 7 (2),,2026-05-14,,,,,,,,,https://nsearchives.nseindia.com/corporate/ixbrl/IT_20260514_164735_WEB.html,,,,,,,,,,,,,,
PAISALO,PAISALO DIGITAL LIMITED,Regulation 7 (2),,2026-05-14,,,,,,,,,https://nsearchives.nseindia.com/corporate/ixbrl/IT_20260514_164735_WEB.html,,,,,,,,,,,,,,
PAISALO,PAISALO DIGITAL LIMITED,Regulation 7 (2),,2026-05-14,,,,,,,,,https://nsearchives.nseindia.com/corporate/ixbrl/IT_20260514_164735_WEB.html,,,,,,,,,,,,,,
PAISALO,PAISALO DIGITAL LIMITED,Regulation 7 (2),,2026-05-14,,,,,,,,,https://nsearchives.nseindia.com/corporate/ixbrl/IT_20260514_164735_WEB.html,,,,,,,,,,,,,,
ESTER,ESTER INDUSTRIES LIMITED,Regulation 7 (2),,2026-05-14,,,,,,,,,https://nsearchives.nseindia.com/corporate/ixbrl/IT_20260514_164224_WEB.html,,,,,,,,,,,,,,
AFFLE,Affle 3i Limited,Regulation 7 (2),,2026-05-14,,,,,,,,,https://nsearchives.nseindia.com/corporate/ixbrl/IT_20260514_155928_WEB.html,,,,,,,,,,,,,,
INFY,Infosys Limited,Regulation 7 (2),,2026-05-14,,,,,,,,,https://nsearchives.nseindia.com/corporate/ixbrl/IT_20260514_161145_WEB.html,,,,,,,,,,,,,,
INFY,Infosys Limited,Regulation 7 (2),,2026-05-14,,,,,,,,,https://nsearchives.nseindia.com/corporate/ixbrl/IT_20260514_161145_WEB.html,,,,,,,,,,,,,,
WIPRO,WIPRO LIMITED,Regulation 7 (2),,2026-05-14,,,,,,,,,https://nsearchives.nseindia.com/corporate/ixbrl/IT_20260514_154138_WEB.html,,,,,,,,,,,,,,
AURUM,AURUM PROPTECH LIMITED,Regulation 7 (2),,2026-05-13,,,,,,,,,https://nsearchives.nseindia.com/corporate/ixbrl/IT_20260513_194740_WEB.html,,,,,,,,,,,,,,
USHAMART,USHA MARTIN LIMITED,Regulation 7 (2),,2026-05-13,,,,,,,,,https://nsearchives.nseindia.com/corporate/ixbrl/IT_20260513_191752_WEB.html,,,,,,,,,,,,,,
STLTECH,STERLITE TECHNOLOGIES LIMITED,Regulation 7 (2),,2026-05-13,,,,,,,,,https://nsearchives.nseindia.com/corporate/ixbrl/IT_20260514_124335_WEB.html,,,,,,,,,,,,,,
STLTECH,STERLITE TECHNOLOGIES LIMITED,Regulation 7 (2),,2026-05-13,,,,,,,,,https://nsearchives.nseindia.com/corporate/ixbrl/IT_20260514_124335_WEB.html,,,,,,,,,,,,,,
JINDALSAW,Jindal Saw Limited,Regulation 7 (2),,2026-05-14,,,,,,,,,https://nsearchives.nseindia.com/corporate/ixbrl/IT_20260514_143820_WEB.html,,,,,,,,,,,,,,
PAISALO,S.E. Investments Limited,Regulation 7 (2),,2026-05-13,,,,,,,,,https://nsearchives.nseindia.com/corporate/ixbrl/IT_20260513_181540_WEB.html,,,,,,,,,,,,,,
TATACONSUM,Tata Consumer Products Limited,Regulation 7 (2),,2026-05-14,,,,,,,,,https://nsearchives.nseindia.com/corporate/ixbrl/IT_20260514_131751_WEB.html,,,,,,,,,,,,,,
USHAMART,USHA MARTIN LIMITED,Regulation 7 (2),,2026-05-13,,,,,,,,,https://nsearchives.nseindia.com/corporate/ixbrl/IT_20260513_190644_WEB.html,,,,,,,,,,,,,,
INFY,Infosys Limited,Regulation 7 (2),,2026-05-13,,,,,,,,,https://nsearchives.nseindia.com/corporate/ixbrl/IT_20260513_173905_WEB.html,,,,,,,,,,,,,,
NAM-INDIA,Nippon Life India Asset Management Limited,Regulation 7 (2),,2026-05-13,,,,,,,,,https://nsearchives.nseindia.com/corporate/ixbrl/IT_20260513_181733_WEB.html,,,,,,,,,,,,,,
NAM-INDIA,Nippon Life India Asset Management Limited,Regulation 7 (2),,2026-05-13,,,,,,,,,https://nsearchives.nseindia.com/corporate/ixbrl/IT_20260513_181733_WEB.html,,,,,,,,,,,,,,
NAM-INDIA,Nippon Life India Asset Management Limited,Regulation 7 (2),,2026-05-13,,,,,,,,,https://nsearchives.nseindia.com/corporate/ixbrl/IT_20260513_181733_WEB.html,,,,,,,,,,,,,,
NAM-INDIA,Nippon Life India Asset Management Limited,Regulation 7 (2),,2026-05-13,,,,,,,,,https://nsearchives.nseindia.com/corporate/ixbrl/IT_20260513_181733_WEB.html,,,,,,,,,,,,,,
NAM-INDIA,Nippon Life India Asset Management Limited,Regulation 7 (2),,2026-05-13,,,,,,,,,https://nsearchives.nseindia.com/corporate/ixbrl/IT_20260513_181733_WEB.html,,,,,,,,,,,,,,
NAM-INDIA,Nippon Life India Asset Management Limited,Regulation 7 (2),,2026-05-13,,,,,,,,,https://nsearchives.nseindia.com/corporate/ixbrl/IT_20260513_181733_WEB.html,,,,,,,,,,,,,,
NAM-INDIA,Nippon Life India Asset Management Limited,Regulation 7 (2),,2026-05-13,,,,,,,,,https://nsearchives.nseindia.com/corporate/ixbrl/IT_20260513_181733_WEB.html,,,,,,,,,,,,,,
NAM-INDIA,Nippon Life India Asset Management Limited,Regulation 7 (2),,2026-05-13,,,,,,,,,https://nsearchives.nseindia.com/corporate/ixbrl/IT_20260513_181733_WEB.html,,,,,,,,,,,,,,
NAM-INDIA,Nippon Life India Asset Management Limited,Regulation 7 (2),,2026-05-13,,,,,,,,,https://nsearchives.nseindia.com/corporate/ixbrl/IT_20260513_181733_WEB.html,,,,,,,,,,,,,,
NAM-INDIA,Nippon Life India Asset Management Limited,Regulation 7 (2),,2026-05-13,,,,,,,,,https://nsearchives.nseindia.com/corporate/ixbrl/IT_20260513_181733_WEB.html,,,,,,,,,,,,,,
NAM-INDIA,Nippon Life India Asset Management Limited,Regulation 7 (2),,2026-05-13,,,,,,,,,https://nsearchives.nseindia.com/corporate/ixbrl/IT_20260513_181733_WEB.html,,,,,,,,,,,,,,
NAM-INDIA,Nippon Life India Asset Management Limited,Regulation 7 (2),,2026-05-13,,,,,,,,,https://nsearchives.nseindia.com/corporate/ixbrl/IT_20260513_181733_WEB.html,,,,,,,,,,,,,,
NAM-INDIA,Nippon Life India Asset Management Limited,Regulation 7 (2),,2026-05-13,,,,,,,,,https://nsearchives.nseindia.com/corporate/ixbrl/IT_20260513_181733_WEB.html,,,,,,,,,,,,,,
GOACARBON,Goa Carbon Limited,Regulation 7 (2),,2026-05-13,,,,,,,,,https://nsearchives.nseindia.com/corporate/ixbrl/IT_20260513_161222_WEB.html,,,,,,,,,,,,,,
LALPATHLAB,DR. LAL PATHLABS LIMITED,Regulation 7 (2),,2026-05-13,,,,,,,,,https://nsearchives.nseindia.com/corporate/ixbrl/IT_20260513_172501_WEB.html,,,,,,,,,,,,,,
OMAXAUTO,OMAX AUTOS LIMITED,Regulation 7 (2),,2026-05-13,,,,,,,,,https://nsearchives.nseindia.com/corporate/ixbrl/IT_20260513_112336_WEB.html,,,,,,,,,,,,,,
OMAXAUTO,OMAX AUTOS LIMITED,Regulation 7 (2),,2026-05-13,,,,,,,,,https://nsearchives.nseindia.com/corporate/ixbrl/IT_20260513_112336_WEB.html,,,,,,,,,,,,,,
AVANTEL,AVANTEL LIMITED,Regulation 7 (2),,2026-05-13,,,,,,,,,https://nsearchives.nseindia.com/corporate/ixbrl/IT_20260513_131446_WEB.html,,,,,,,,,,,,,,
WIPRO,WIPRO LIMITED,Regulation 7 (2),,2026-05-13,,,,,,,,,https://nsearchives.nseindia.com/corporate/ixbrl/IT_20260513_160331_WEB.html,,,,,,,,,,,,,,
WIPRO,WIPRO LIMITED,Regulation 7 (2),,2026-05-13,,,,,,,,,https://nsearchives.nseindia.com/corporate/ixbrl/IT_20260513_160331_WEB.html,,,,,,,,,,,,,,
WIPRO,WIPRO LIMITED,Regulation 7 (2),,2026-05-13,,,,,,,,,https://nsearchives.nseindia.com/corporate/ixbrl/IT_20260513_160331_WEB.html,,,,,,,,,,,,,,
WIPRO,WIPRO LIMITED,Regulation 7 (2),,2026-05-13,,,,,,,,,https://nsearchives.nseindia.com/corporate/ixbrl/IT_20260513_160331_WEB.html,,,,,,,,,,,,,,
WIPRO,WIPRO LIMITED,Regulation 7 (2),,2026-05-13,,,,,,,,,https://nsearchives.nseindia.com/corporate/ixbrl/IT_20260513_160331_WEB.html,,,,,,,,,,,,,,
WIPRO,WIPRO LIMITED,Regulation 7 (2),,2026-05-13,,,,,,,,,https://nsearchives.nseindia.com/corporate/ixbrl/IT_20260513_160331_WEB.html,,,,,,,,,,,,,,
WIPRO,WIPRO LIMITED,Regulation 7 (2),,2026-05-13,,,,,,,,,https://nsearchives.nseindia.com/corporate/ixbrl/IT_20260513_160331_WEB.html,,,,,,,,,,,,,,
WIPRO,WIPRO LIMITED,Regulation 7 (2),,2026-05-13,,,,,,,,,https://nsearchives.nseindia.com/corporate/ixbrl/IT_20260513_160331_WEB.html,,,,,,,,,,,,,,
WIPRO,WIPRO LIMITED,Regulation 7 (2),,2026-05-13,,,,,,,,,https://nsearchives.nseindia.com/corporate/ixbrl/IT_20260513_160331_WEB.html,,,,,,,,,,,,,,
WIPRO,WIPRO LIMITED,Regulation 7 (2),,2026-05-13,,,,,,,,,https://nsearchives.nseindia.com/corporate/ixbrl/IT_20260513_160331_WEB.html,,,,,,,,,,,,,,
WIPRO,WIPRO LIMITED,Regulation 7 (2),,2026-05-13,,,,,,,,,https://nsearchives.nseindia.com/corporate/ixbrl/IT_20260513_160331_WEB.html,,,,,,,,,,,,,,
WIPRO,WIPRO LIMITED,Regulation 7 (2),,2026-05-13,,,,,,,,,https://nsearchives.nseindia.com/corporate/ixbrl/IT_20260513_160331_WEB.html,,,,,,,,,,,,,,
WIPRO,WIPRO LIMITED,Regulation 7 (2),,2026-05-13,,,,,,,,,https://nsearchives.nseindia.com/corporate/ixbrl/IT_20260513_160331_WEB.html,,,,,,,,,,,,,,
WIPRO,WIPRO LIMITED,Regulation 7 (2),,2026-05-13,,,,,,,,,https://nsearchives.nseindia.com/corporate/ixbrl/IT_20260513_160331_WEB.html,,,,,,,,,,,,,,
WIPRO,WIPRO LIMITED,Regulation 7 (2),,2026-05-13,,,,,,,,,https://nsearchives.nseindia.com/corporate/ixbrl/IT_20260513_160331_WEB.html,,,,,,,,,,,,,,
WIPRO,WIPRO LIMITED,Regulation 7 (2),,2026-05-13,,,,,,,,,https://nsearchives.nseindia.com/corporate/ixbrl/IT_20260513_160331_WEB.html,,,,,,,,,,,,,,
WIPRO,WIPRO LIMITED,Regulation 7 (2),,2026-05-13,,,,,,,,,https://nsearchives.nseindia.com/corporate/ixbrl/IT_20260513_160331_WEB.html,,,,,,,,,,,,,,
WIPRO,WIPRO LIMITED,Regulation 7 (2),,2026-05-13,,,,,,,,,https://nsearchives.nseindia.com/corporate/ixbrl/IT_20260513_160331_WEB.html,,,,,,,,,,,,,,
WIPRO,WIPRO LIMITED,Regulation 7 (2),,2026-05-13,,,,,,,,,https://nsearchives.nseindia.com/corporate/ixbrl/IT_20260513_160331_WEB.html,,,,,,,,,,,,,,
WIPRO,WIPRO LIMITED,Regulation 7 (2),,2026-05-13,,,,,,,,,https://nsearchives.nseindia.com/corporate/ixbrl/IT_20260513_160331_WEB.html,,,,,,,,,,,,,,
WIPRO,WIPRO LIMITED,Regulation 7 (2),,2026-05-13,,,,,,,,,https://nsearchives.nseindia.com/corporate/ixbrl/IT_20260513_160331_WEB.html,,,,,,,,,,,,,,
WIPRO,WIPRO LIMITED,Regulation 7 (2),,2026-05-13,,,,,,,,,https://nsearchives.nseindia.com/corporate/ixbrl/IT_20260513_160331_WEB.html,,,,,,,,,,,,,,
WIPRO,WIPRO LIMITED,Regulation 7 (2),,2026-05-13,,,,,,,,,https://nsearchives.nseindia.com/corporate/ixbrl/IT_20260513_160331_WEB.html,,,,,,,,,,,,,,
WIPRO,WIPRO LIMITED,Regulation 7 (2),,2026-05-13,,,,,,,,,https://nsearchives.nseindia.com/corporate/ixbrl/IT_20260513_160331_WEB.html,,,,,,,,,,,,,,
WIPRO,WIPRO LIMITED,Regulation 7 (2),,2026-05-13,,,,,,,,,https://nsearchives.nseindia.com/corporate/ixbrl/IT_20260513_160331_WEB.html,,,,,,,,,,,,,,
WIPRO,WIPRO LIMITED,Regulation 7 (2),,2026-05-13,,,,,,,,,https://nsearchives.nseindia.com/corporate/ixbrl/IT_20260513_160331_WEB.html,,,,,,,,,,,,,,
WIPRO,WIPRO LIMITED,Regulation 7 (2),,2026-05-13,,,,,,,,,https://nsearchives.nseindia.com/corporate/ixbrl/IT_20260513_160331_WEB.html,,,,,,,,,,,,,,
WIPRO,WIPRO LIMITED,Regulation 7 (2),,2026-05-13,,,,,,,,,https://nsearchives.nseindia.com/corporate/ixbrl/IT_20260513_160331_WEB.html,,,,,,,,,,,,,,
WIPRO,WIPRO LIMITED,Regulation 7 (2),,2026-05-13,,,,,,,,,https://nsearchives.nseindia.com/corporate/ixbrl/IT_20260513_160331_WEB.html,,,,,,,,,,,,,,
WIPRO,WIPRO LIMITED,Regulation 7 (2),,2026-05-13,,,,,,,,,https://nsearchives.nseindia.com/corporate/ixbrl/IT_20260513_160331_WEB.html,,,,,,,,,,,,,,
WIPRO,WIPRO LIMITED,Regulation 7 (2),,2026-05-13,,,,,,,,,https://nsearchives.nseindia.com/corporate/ixbrl/IT_20260513_160331_WEB.html,,,,,,,,,,,,,,
WIPRO,WIPRO LIMITED,Regulation 7 (2),,2026-05-13,,,,,,,,,https://nsearchives.nseindia.com/corporate/ixbrl/IT_20260513_160331_WEB.html,,,,,,,,,,,,,,
WIPRO,WIPRO LIMITED,Regulation 7 (2),,2026-05-13,,,,,,,,,https://nsearchives.nseindia.com/corporate/ixbrl/IT_20260513_160331_WEB.html,,,,,,,,,,,,,,
WIPRO,WIPRO LIMITED,Regulation 7 (2),,2026-05-13,,,,,,,,,https://nsearchives.nseindia.com/corporate/ixbrl/IT_20260513_160331_WEB.html,,,,,,,,,,,,,,
WIPRO,WIPRO LIMITED,Regulation 7 (2),,2026-05-13,,,,,,,,,https://nsearchives.nseindia.com/corporate/ixbrl/IT_20260513_160331_WEB.html,,,,,,,,,,,,,,
WIPRO,WIPRO LIMITED,Regulation 7 (2),,2026-05-13,,,,,,,,,https://nsearchives.nseindia.com/corporate/ixbrl/IT_20260513_160331_WEB.html,,,,,,,,,,,,,,
WIPRO,WIPRO LIMITED,Regulation 7 (2),,2026-05-13,,,,,,,,,https://nsearchives.nseindia.com/corporate/ixbrl/IT_20260513_160331_WEB.html,,,,,,,,,,,,,,
WIPRO,WIPRO LIMITED,Regulation 7 (2),,2026-05-13,,,,,,,,,https://nsearchives.nseindia.com/corporate/ixbrl/IT_20260513_160331_WEB.html,,,,,,,,,,,,,,
WIPRO,WIPRO LIMITED,Regulation 7 (2),,2026-05-13,,,,,,,,,https://nsearchives.nseindia.com/corporate/ixbrl/IT_20260513_160331_WEB.html,,,,,,,,,,,,,,
WIPRO,WIPRO LIMITED,Regulation 7 (2),,2026-05-13,,,,,,,,,https://nsearchives.nseindia.com/corporate/ixbrl/IT_20260513_160331_WEB.html,,,,,,,,,,,,,,
WIPRO,WIPRO LIMITED,Regulation 7 (2),,2026-05-13,,,,,,,,,https://nsearchives.nseindia.com/corporate/ixbrl/IT_20260513_160331_WEB.html,,,,,,,,,,,,,,
WIPRO,WIPRO LIMITED,Regulation 7 (2),,2026-05-13,,,,,,,,,https://nsearchives.nseindia.com/corporate/ixbrl/IT_20260513_160331_WEB.html,,,,,,,,,,,,,,
WIPRO,WIPRO LIMITED,Regulation 7 (2),,2026-05-13,,,,,,,,,https://nsearchives.nseindia.com/corporate/ixbrl/IT_20260513_160331_WEB.html,,,,,,,,,,,,,,
WIPRO,WIPRO LIMITED,Regulation 7 (2),,2026-05-13,,,,,,,,,https://nsearchives.nseindia.com/corporate/ixbrl/IT_20260513_160331_WEB.html,,,,,,,,,,,,,,
WIPRO,WIPRO LIMITED,Regulation 7 (2),,2026-05-13,,,,,,,,,https://nsearchives.nseindia.com/corporate/ixbrl/IT_20260513_160331_WEB.html,,,,,,,,,,,,,,
WIPRO,WIPRO LIMITED,Regulation 7 (2),,2026-05-13,,,,,,,,,https://nsearchives.nseindia.com/corporate/ixbrl/IT_20260513_160331_WEB.html,,,,,,,,,,,,,,
WIPRO,WIPRO LIMITED,Regulation 7 (2),,2026-05-13,,,,,,,,,https://nsearchives.nseindia.com/corporate/ixbrl/IT_20260513_160331_WEB.html,,,,,,,,,,,,,,
BCONCEPTS,BRAND CONCEPTS LIMITED,Regulation 7 (2),,2026-05-13,,,,,,,,,https://nsearchives.nseindia.com/corporate/ixbrl/IT_20260513_123914_WEB.html,,,,,,,,,,,,,,
BCONCEPTS,BRAND CONCEPTS LIMITED,Regulation 7 (2),,2026-05-13,,,,,,,,,https://nsearchives.nseindia.com/corporate/ixbrl/IT_20260513_123914_WEB.html,,,,,,,,,,,,,,
BCONCEPTS,BRAND CONCEPTS LIMITED,Regulation 7 (2),,2026-05-13,,,,,,,,,https://nsearchives.nseindia.com/corporate/ixbrl/IT_20260513_123640_WEB.html,,,,,,,,,,,,,,
BCONCEPTS,BRAND CONCEPTS LIMITED,Regulation 7 (2),,2026-05-13,,,,,,,,,https://nsearchives.nseindia.com/corporate/ixbrl/IT_20260513_123640_WEB.html,,,,,,,,,,,,,,
NAUKRI,Info Edge (India) Limited,Regulation 7 (2),,2026-05-13,,,,,,,,,https://nsearchives.nseindia.com/corporate/ixbrl/IT_20260513_105908_WEB.html,,,,,,,,,,,,,,
LALPATHLAB,DR. LAL PATHLABS LIMITED,Regulation 7 (2),,2026-05-12,,,,,,,,,https://nsearchives.nseindia.com/corporate/ixbrl/IT_20260512_181134_WEB.html,,,,,,,,,,,,,,
LALPATHLAB,DR. LAL PATHLABS LIMITED,Regulation 7 (2),,2026-05-12,,,,,,,,,https://nsearchives.nseindia.com/corporate/ixbrl/IT_20260512_181134_WEB.html,,,,,,,,,,,,,,
LALPATHLAB,DR. LAL PATHLABS LIMITED,Regulation 7 (2),,2026-05-12,,,,,,,,,https://nsearchives.nseindia.com/corporate/ixbrl/IT_20260512_181134_WEB.html,,,,,,,,,,,,,,
LALPATHLAB,DR. LAL PATHLABS LIMITED,Regulation 7 (2),,2026-05-12,,,,,,,,,https://nsearchives.nseindia.com/corporate/ixbrl/IT_20260512_181134_WEB.html,,,,,,,,,,,,,,
LALPATHLAB,DR. LAL PATHLABS LIMITED,Regulation 7 (2),,2026-05-12,,,,,,,,,https://nsearchives.nseindia.com/corporate/ixbrl/IT_20260512_181134_WEB.html,,,,,,,,,,,,,,
LALPATHLAB,DR. LAL PATHLABS LIMITED,Regulation 7 (2),,2026-05-12,,,,,,,,,https://nsearchives.nseindia.com/corporate/ixbrl/IT_20260512_181134_WEB.html,,,,,,,,,,,,,,
GRAVITA,GRAVITA INDIA LIMITED,Regulation 7 (2),,2026-05-12,,,,,,,,,https://nsearchives.nseindia.com/corporate/ixbrl/IT_20260512_171742_WEB.html,,,,,,,,,,,,,,
HCLTECH,HCL Technologies Limited,Regulation 7 (2),,2026-05-12,,,,,,,,,https://nsearchives.nseindia.com/corporate/ixbrl/IT_20260512_184452_WEB.html,,,,,,,,,,,,,,
HCLTECH,HCL Technologies Limited,Regulation 7 (2),,2026-05-12,,,,,,,,,https://nsearchives.nseindia.com/corporate/ixbrl/IT_20260512_184452_WEB.html,,,,,,,,,,,,,,
HCLTECH,HCL Technologies Limited,Regulation 7 (2),,2026-05-12,,,,,,,,,https://nsearchives.nseindia.com/corporate/ixbrl/IT_20260512_184452_WEB.html,,,,,,,,,,,,,,
HCLTECH,HCL Technologies Limited,Regulation 7 (2),,2026-05-12,,,,,,,,,https://nsearchives.nseindia.com/corporate/ixbrl/IT_20260512_184452_WEB.html,,,,,,,,,,,,,,
HCLTECH,HCL Technologies Limited,Regulation 7 (2),,2026-05-12,,,,,,,,,https://nsearchives.nseindia.com/corporate/ixbrl/IT_20260512_184452_WEB.html,,,,,,,,,,,,,,
HCLTECH,HCL Technologies Limited,Regulation 7 (2),,2026-05-12,,,,,,,,,https://nsearchives.nseindia.com/corporate/ixbrl/IT_20260512_184452_WEB.html,,,,,,,,,,,,,,
KOTYARK,KOTYARK INDUSTRIES LIMITED,Regulation 7 (2),,2026-05-12,,,,,,,,,https://nsearchives.nseindia.com/corporate/ixbrl/IT_20260512_165854_WEB.html,,,,,,,,,,,,,,
PAISALO,Paisalo Digital Limited,Regulation 7 (2),,2026-05-13,,,,,,,,,https://nsearchives.nseindia.com/corporate/ixbrl/IT_20260513_104902_WEB.html,,,,,,,,,,,,,,
NRBBEARING,NRB BEARING LIMITED,Regulation 7 (2),,2026-05-11,,,,,,,,,https://nsearchives.nseindia.com/corporate/ixbrl/IT_20260512_185621_WEB.html,,,,,,,,,,,,,,
NRBBEARING,NRB BEARING LIMITED,Regulation 7 (2),,2026-05-11,,,,,,,,,https://nsearchives.nseindia.com/corporate/ixbrl/IT_20260512_185621_WEB.html,,,,,,,,,,,,,,
NRBBEARING,NRB BEARING LIMITED,Regulation 7 (2),,2026-05-11,,,,,,,,,https://nsearchives.nseindia.com/corporate/ixbrl/IT_20260512_185621_WEB.html,,,,,,,,,,,,,,
DMART,AVENUE SUPERMARTS LIMITED,Regulation 7 (2),,2026-05-12,,,,,,,,,https://nsearchives.nseindia.com/corporate/ixbrl/IT_20260512_182612_WEB.html,,,,,,,,,,,,,,
DMART,AVENUE SUPERMARTS LIMITED,Regulation 7 (2),,2026-05-12,,,,,,,,,https://nsearchives.nseindia.com/corporate/ixbrl/IT_20260512_182612_WEB.html,,,,,,,,,,,,,,
DMART,AVENUE SUPERMARTS LIMITED,Regulation 7 (2),,2026-05-12,,,,,,,,,https://nsearchives.nseindia.com/corporate/ixbrl/IT_20260512_182612_WEB.html,,,,,,,,,,,,,,
DMART,AVENUE SUPERMARTS LIMITED,Regulation 7 (2),,2026-05-12,,,,,,,,,https://nsearchives.nseindia.com/corporate/ixbrl/IT_20260512_182612_WEB.html,,,,,,,,,,,,,,
DMART,AVENUE SUPERMARTS LIMITED,Regulation 7 (2),,2026-05-12,,,,,,,,,https://nsearchives.nseindia.com/corporate/ixbrl/IT_20260512_182612_WEB.html,,,,,,,,,,,,,,
DMART,AVENUE SUPERMARTS LIMITED,Regulation 7 (2),,2026-05-12,,,,,,,,,https://nsearchives.nseindia.com/corporate/ixbrl/IT_20260512_182612_WEB.html,,,,,,,,,,,,,,
DMART,AVENUE SUPERMARTS LIMITED,Regulation 7 (2),,2026-05-12,,,,,,,,,https://nsearchives.nseindia.com/corporate/ixbrl/IT_20260512_182612_WEB.html,,,,,,,,,,,,,,
DMART,AVENUE SUPERMARTS LIMITED,Regulation 7 (2),,2026-05-12,,,,,,,,,https://nsearchives.nseindia.com/corporate/ixbrl/IT_20260512_182612_WEB.html,,,,,,,,,,,,,,
DMART,AVENUE SUPERMARTS LIMITED,Regulation 7 (2),,2026-05-12,,,,,,,,,https://nsearchives.nseindia.com/corporate/ixbrl/IT_20260512_182612_WEB.html,,,,,,,,,,,,,,
DMART,AVENUE SUPERMARTS LIMITED,Regulation 7 (2),,2026-05-12,,,,,,,,,https://nsearchives.nseindia.com/corporate/ixbrl/IT_20260512_182612_WEB.html,,,,,,,,,,,,,,
DMART,AVENUE SUPERMARTS LIMITED,Regulation 7 (2),,2026-05-12,,,,,,,,,https://nsearchives.nseindia.com/corporate/ixbrl/IT_20260512_182612_WEB.html,,,,,,,,,,,,,,
DMART,AVENUE SUPERMARTS LIMITED,Regulation 7 (2),,2026-05-12,,,,,,,,,https://nsearchives.nseindia.com/corporate/ixbrl/IT_20260512_182612_WEB.html,,,,,,,,,,,,,,
DMART,AVENUE SUPERMARTS LIMITED,Regulation 7 (2),,2026-05-12,,,,,,,,,https://nsearchives.nseindia.com/corporate/ixbrl/IT_20260512_182612_WEB.html,,,,,,,,,,,,,,
DMART,AVENUE SUPERMARTS LIMITED,Regulation 7 (2),,2026-05-12,,,,,,,,,https://nsearchives.nseindia.com/corporate/ixbrl/IT_20260512_182612_WEB.html,,,,,,,,,,,,,,
DMART,AVENUE SUPERMARTS LIMITED,Regulation 7 (2),,2026-05-12,,,,,,,,,https://nsearchives.nseindia.com/corporate/ixbrl/IT_20260512_182612_WEB.html,,,,,,,,,,,,,,
DMART,AVENUE SUPERMARTS LIMITED,Regulation 7 (2),,2026-05-12,,,,,,,,,https://nsearchives.nseindia.com/corporate/ixbrl/IT_20260512_182612_WEB.html,,,,,,,,,,,,,,
DMART,AVENUE SUPERMARTS LIMITED,Regulation 7 (2),,2026-05-12,,,,,,,,,https://nsearchives.nseindia.com/corporate/ixbrl/IT_20260512_182612_WEB.html,,,,,,,,,,,,,,
DMART,AVENUE SUPERMARTS LIMITED,Regulation 7 (2),,2026-05-12,,,,,,,,,https://nsearchives.nseindia.com/corporate/ixbrl/IT_20260512_182612_WEB.html,,,,,,,,,,,,,,
TATACONSUM,Tata Consumer Products Limited,Regulation 7 (2),,2026-05-12,,,,,,,,,https://nsearchives.nseindia.com/corporate/ixbrl/IT_20260512_125254_WEB.html,,,,,,,,,,,,,,
TATACONSUM,Tata Consumer Products Limited,Regulation 7 (2),,2026-05-12,,,,,,,,,https://nsearchives.nseindia.com/corporate/ixbrl/IT_20260512_125254_WEB.html,,,,,,,,,,,,,,
AQYLON,AQYLON NEXUS LIMITED,Regulation 7 (2),,2026-05-12,,,,,,,,,https://nsearchives.nseindia.com/corporate/ixbrl/IT_20260512_122820_WEB.html,,,,,,,,,,,,,,
360ONE,360 ONE WAM LIMITED,Regulation 7 (2),,2026-05-12,,,,,,,,,https://nsearchives.nseindia.com/corporate/ixbrl/IT_20260512_120414_WEB.html,,,,,,,,,,,,,,
360ONE,360 ONE WAM LIMITED,Regulation 7 (2),,2026-05-12,,,,,,,,,https://nsearchives.nseindia.com/corporate/ixbrl/IT_20260512_120414_WEB.html,,,,,,,,,,,,,,
KIRLPNU,KIRLOSKAR PNEUMATIC COMPANY LIMITED,Regulation 7 (2),,2026-05-11,,,,,,,,,https://nsearchives.nseindia.com/corporate/ixbrl/IT_20260511_194906_WEB.html,,,,,,,,,,,,,,
KIRLPNU,KIRLOSKAR PNEUMATIC COMPANY LIMITED,Regulation 7 (2),,2026-05-11,,,,,,,,,https://nsearchives.nseindia.com/corporate/ixbrl/IT_20260511_194906_WEB.html,,,,,,,,,,,,,,
KIRLPNU,KIRLOSKAR PNEUMATIC COMPANY LIMITED,Regulation 7 (2),,2026-05-11,,,,,,,,,https://nsearchives.nseindia.com/corporate/ixbrl/IT_20260511_194906_WEB.html,,,,,,,,,,,,,,
IDEAFORGE,ideaForge Technology Limited,Regulation 7 (2),,2026-05-12,,,,,,,,,https://nsearchives.nseindia.com/corporate/ixbrl/IT_20260512_105932_WEB.html,,,,,,,,,,,,,,
WIPRO,WIPRO LIMITED,Regulation 7 (2),,2026-05-11,,,,,,,,,https://nsearchives.nseindia.com/corporate/ixbrl/IT_20260511_175910_WEB.html,,,,,,,,,,,,,,
AURUM,AURUM PROPTECH LIMITED,Regulation 7 (2),,2026-05-11,,,,,,,,,https://nsearchives.nseindia.com/corporate/ixbrl/IT_20260511_194751_WEB.html,,,,,,,,,,,,,,
JINDALSAW,Jindal Saw Limited,Regulation 7 (2),,2026-05-11,,,,,,,,,https://nsearchives.nseindia.com/corporate/ixbrl/IT_20260511_171842_WEB.html,,,,,,,,,,,,,,
ARVIND,ARVIND LIMITED,Regulation 7 (2),,2026-05-12,,,,,,,,,https://nsearchives.nseindia.com/corporate/ixbrl/IT_20260512_162050_WEB.html,,,,,,,,,,,,,,
AURUM,AURUM PROPTECH LIMITED,Regulation 7 (2),,2026-05-11,,,,,,,,,https://nsearchives.nseindia.com/corporate/ixbrl/IT_20260511_194256_WEB.html,,,,,,,,,,,,,,
