symbol,basic_industry,industry,macro,sector
20MICRONS,Industrial Minerals,Minerals & Mining,Commodities,Metals & Mining
21STCENMGM,Other Capital Market related Services,Capital Markets,Financial Services,Financial Services
360ONE,Stockbroking & Allied,Capital Markets,Financial Services,Financial Services
3BBLACKBIO,Healthcare Service Provider,Healthcare Services,Healthcare,Healthcare
3MINDIA,Diversified,Diversified,Diversified,Diversified
3PLAND,Investment Company,Finance,Financial Services,Financial Services
5PAISA,Stockbroking & Allied,Capital Markets,Financial Services,Financial Services
63MOONS,Computers - Software & Consulting,IT - Software,Information Technology,Information Technology
A2ZINFRA,Diversified Commercial Services,Commercial Services & Supplies,Services,Services
AAATECH,Consulting Services,Commercial Services & Supplies,Services,Services
AADHARHFC,Housing Finance Company,Finance,Financial Services,Financial Services
AAKASH,Offshore Support Solution Drilling,Oil,Energy,Oil Gas & Consumable Fuels
AAREYDRUGS,Pharmaceuticals,Pharmaceuticals & Biotechnology,Healthcare,Healthcare
AARON,Industrial Products,Industrial Manufacturing,Industrials,Capital Goods
AARTIDRUGS,Pharmaceuticals,Pharmaceuticals & Biotechnology,Healthcare,Healthcare
AARTIIND,Specialty Chemicals,Chemicals & Petrochemicals,Commodities,Chemicals
AARTIPHARM,Pharmaceuticals,Pharmaceuticals & Biotechnology,Healthcare,Healthcare
AARVI,Diversified Commercial Services,Commercial Services & Supplies,Services,Services
AASTHA,Other Textile Products,Textiles & Apparels,Consumer Discretionary,Textiles
AAVAS,Housing Finance Company,Finance,Financial Services,Financial Services
ABAN,Offshore Support Solution Drilling,Oil,Energy,Oil Gas & Consumable Fuels
ABANSENT,Trading - Metals,Metals & Minerals Trading,Commodities,Metals & Mining
ABB,Heavy Electrical Equipment,Electrical Equipment,Industrials,Capital Goods
ABBOTINDIA,Pharmaceuticals,Pharmaceuticals & Biotechnology,Healthcare,Healthcare
ABCAPITAL,Investment Company,Finance,Financial Services,Financial Services
ABCOTS,Other Textile Products,Textiles & Apparels,Consumer Discretionary,Textiles
ABDL,Breweries & Distilleries,Beverages,Fast Moving Consumer Goods,Fast Moving Consumer Goods
ABFRL,Speciality Retail,Retailing,Consumer Discretionary,Consumer Services
ABGSEC,Mutual Fund Scheme,Capital Markets,Financial Services,Financial Services
ABLBL,Speciality Retail,Retailing,Consumer Discretionary,Consumer Services
ABMKNO,Software Products,IT - Software,Information Technology,Information Technology
ABREL,Residential Commercial Projects,Realty,Consumer Discretionary,Realty
ABSL10BANK,Mutual Fund Scheme,Capital Markets,Financial Services,Financial Services
ABSLAMC,Asset Management Company,Capital Markets,Financial Services,Financial Services
ABSLBANETF,Mutual Fund Scheme,Capital Markets,Financial Services,Financial Services
ABSLLIQUID,Mutual Fund Scheme,Capital Markets,Financial Services,Financial Services
ABSLMSCIN,Mutual Fund Scheme,Capital Markets,Financial Services,Financial Services
ABSLPSE,Mutual Fund Scheme,Capital Markets,Financial Services,Financial Services
ACC,Cement & Cement Products,Cement & Cement Products,Commodities,Construction Materials
ACCELYA,Computers - Software & Consulting,IT - Software,Information Technology,Information Technology
ACE,Construction Vehicles,Agricultural Commercial & Construction Vehicles,Industrials,Capital Goods
ACEINTEG,Trading - Chemicals,Chemicals & Petrochemicals,Commodities,Chemicals
ACGL,Auto Components & Equipments,Auto Components,Consumer Discretionary,Automobile and Auto Components
ACI,Specialty Chemicals,Chemicals & Petrochemicals,Commodities,Chemicals
ACL,Cement & Cement Products,Cement & Cement Products,Commodities,Construction Materials
ACMESOLAR,Power Generation,Power,Utilities,Power
ACUTAAS,Pharmaceuticals,Pharmaceuticals & Biotechnology,Healthcare,Healthcare
ADANIENSOL,Power Distribution,Power,Utilities,Power
ADANIENT,Trading - Minerals,Metals & Minerals Trading,Commodities,Metals & Mining
ADANIGREEN,Power Generation,Power,Utilities,Power
ADANIPORTS,Port & Port services,Transport Infrastructure,Services,Services
ADANIPOWER,Power Generation,Power,Utilities,Power
ADDIND,Garments & Apparels,Textiles & Apparels,Consumer Discretionary,Textiles
ADFFOODS,Packaged Foods,Food Products,Fast Moving Consumer Goods,Fast Moving Consumer Goods
ADL,Plywood Boards/ Laminates,Consumer Durables,Consumer Discretionary,Consumer Durables
ADOR,Other Industrial Products,Industrial Products,Industrials,Capital Goods
ADROITINFO,IT Enabled Services,IT - Services,Information Technology,Information Technology
ADSL,IT Enabled Services,IT - Services,Information Technology,Information Technology
ADVAIT,Other Electrical Equipment,Electrical Equipment,Industrials,Capital Goods
ADVANCE,Pesticides & Agrochemicals,Fertilizers & Agrochemicals,Commodities,Chemicals
ADVANIHOTR,Hotels & Resorts,Leisure Services,Consumer Discretionary,Consumer Services
ADVENTHTL,Hotels & Resorts,Leisure Services,Consumer Discretionary,Consumer Services
ADVENZYMES,Biotechnology,Pharmaceuticals & Biotechnology,Healthcare,Healthcare
ADVIKCA,Non Banking Financial Company (NBFC),Finance,Financial Services,Financial Services
AEGISLOG,Trading - Gas,Gas,Energy,Oil Gas & Consumable Fuels
AEGISVOPAK,Oil Storage & Transportation,Oil,Energy,Oil Gas & Consumable Fuels
AEPL,Other Electrical Equipment,Electrical Equipment,Industrials,Capital Goods
AEQUS,Aerospace & Defense,Aerospace & Defense,Industrials,Capital Goods
AEROENTER,Iron & Steel Products,Industrial Products,Industrials,Capital Goods
AEROFLEX,Iron & Steel Products,Industrial Products,Industrials,Capital Goods
AERONEU,Packaging,Industrial Products,Industrials,Capital Goods
AEROPLANE,Other Agricultural Products,Agricultural Food & other Products,Fast Moving Consumer Goods,Fast Moving Consumer Goods
AETHER,Specialty Chemicals,Chemicals & Petrochemicals,Commodities,Chemicals
AFCONS,Civil Construction,Construction,Industrials,Construction
AFFLE,IT Enabled Services,IT - Services,Information Technology,Information Technology
AFFORDABLE,Industrial Products,Industrial Manufacturing,Industrials,Capital Goods
AFIL,Non Banking Financial Company (NBFC),Finance,Financial Services,Financial Services
AFSL,Holding Company,Finance,Financial Services,Financial Services
AGARIND,Petrochemicals,Chemicals & Petrochemicals,Commodities,Chemicals
AGARWALEYE,Hospital,Healthcare Services,Healthcare,Healthcare
AGI,Packaging,Industrial Products,Industrials,Capital Goods
AGIIL,Residential Commercial Projects,Realty,Consumer Discretionary,Realty
AGL,Logistics Solution Provider,Transport Services,Services,Services
AGRITECH,Other Agricultural Products,Agricultural Food & other Products,Fast Moving Consumer Goods,Fast Moving Consumer Goods
AGROPHOS,Fertilizers,Fertilizers & Agrochemicals,Commodities,Chemicals
AGSTRA,Financial Technology (Fintech),Financial Technology (Fintech),Financial Services,Financial Services
AHCL,Pharmaceuticals,Pharmaceuticals & Biotechnology,Healthcare,Healthcare
AHLADA,Furniture Home Furnishing,Consumer Durables,Consumer Discretionary,Consumer Durables
AHLEAST,Hotels & Resorts,Leisure Services,Consumer Discretionary,Consumer Services
AHLUCONT,Civil Construction,Construction,Industrials,Construction
AIAENG,Castings & Forgings,Industrial Products,Industrials,Capital Goods
AIIL,Non Banking Financial Company (NBFC),Finance,Financial Services,Financial Services
AIRAN,IT Enabled Services,IT - Services,Information Technology,Information Technology
AIROLAM,Plywood Boards/ Laminates,Consumer Durables,Consumer Discretionary,Consumer Durables
AJANTPHARM,Pharmaceuticals,Pharmaceuticals & Biotechnology,Healthcare,Healthcare
AJAXENGG,Construction Vehicles,Agricultural Commercial & Construction Vehicles,Industrials,Capital Goods
AJMERA,Residential Commercial Projects,Realty,Consumer Discretionary,Realty
AJOONI,Animal Feed,Food Products,Fast Moving Consumer Goods,Fast Moving Consumer Goods
AKASH,Civil Construction,Construction,Industrials,Construction
AKCAPIT,Non Banking Financial Company (NBFC),Finance,Financial Services,Financial Services
AKG,Trading & Distributors,Commercial Services & Supplies,Services,Services
AKSHAR,Other Textile Products,Textiles & Apparels,Consumer Discretionary,Textiles
AKUMS,Pharmaceuticals,Pharmaceuticals & Biotechnology,Healthcare,Healthcare
ALANKIT,Diversified Commercial Services,Commercial Services & Supplies,Services,Services
ALBERTDAVD,Pharmaceuticals,Pharmaceuticals & Biotechnology,Healthcare,Healthcare
ALEMBICLTD,Residential Commercial Projects,Realty,Consumer Discretionary,Realty
ALFREDHE,Non Banking Financial Company (NBFC),Finance,Financial Services,Financial Services
ALGOQUANT,Stockbroking & Allied,Capital Markets,Financial Services,Financial Services
ALICON,Auto Components & Equipments,Auto Components,Consumer Discretionary,Automobile and Auto Components
ALIVUS,Pharmaceuticals,Pharmaceuticals & Biotechnology,Healthcare,Healthcare
ALKALI,Specialty Chemicals,Chemicals & Petrochemicals,Commodities,Chemicals
ALKEM,Pharmaceuticals,Pharmaceuticals & Biotechnology,Healthcare,Healthcare
ALKYLAMINE,Specialty Chemicals,Chemicals & Petrochemicals,Commodities,Chemicals
ALLCARGO,Logistics Solution Provider,Transport Services,Services,Services
ALLDIGI,Business Process Outsourcing (BPO)/ Knowledge Process Outsourcing (KPO),Commercial Services & Supplies,Services,Services
ALLTIME,Houseware,Consumer Durables,Consumer Discretionary,Consumer Durables
ALMONDZ,Stockbroking & Allied,Capital Markets,Financial Services,Financial Services
ALOKINDS,Other Textile Products,Textiles & Apparels,Consumer Discretionary,Textiles
ALPA,Pharmaceuticals,Pharmaceuticals & Biotechnology,Healthcare,Healthcare
ALPHA,Mutual Fund Scheme,Capital Markets,Financial Services,Financial Services
ALPHAETF,Mutual Fund Scheme,Capital Markets,Financial Services,Financial Services
ALPINETEX,Other Textile Products,Textiles & Apparels,Consumer Discretionary,Textiles
ALPL30IETF,Mutual Fund Scheme,Capital Markets,Financial Services,Financial Services
ALUFLUOR,Commodity Chemicals,Chemicals & Petrochemicals,Commodities,Chemicals
AMAGI,IT Enabled Services,IT - Services,Information Technology,Information Technology
AMAL,Specialty Chemicals,Chemicals & Petrochemicals,Commodities,Chemicals
AMARJOTHI,Other Textile Products,Textiles & Apparels,Consumer Discretionary,Textiles
AMBER,Household Appliances,Consumer Durables,Consumer Discretionary,Consumer Durables
AMBICAAGAR,Household Products,Household Products,Fast Moving Consumer Goods,Fast Moving Consumer Goods
AMBIKCO,Other Textile Products,Textiles & Apparels,Consumer Discretionary,Textiles
AMBUJACEM,Cement & Cement Products,Cement & Cement Products,Commodities,Construction Materials
AMJLAND,Residential Commercial Projects,Realty,Consumer Discretionary,Realty
AMNPLST,Commodity Chemicals,Chemicals & Petrochemicals,Commodities,Chemicals
AMRUTANJAN,Pharmaceuticals,Pharmaceuticals & Biotechnology,Healthcare,Healthcare
ANANDRATHI,Financial Products Distributor,Capital Markets,Financial Services,Financial Services
ANANTRAJ,Residential Commercial Projects,Realty,Consumer Discretionary,Realty
ANDHRAPAP,Paper & Paper Products,Paper Forest & Jute Products,Commodities,Forest Materials
ANDHRSUGAR,Commodity Chemicals,Chemicals & Petrochemicals,Commodities,Chemicals
ANDREWYU,Tea & Coffee,Agricultural Food & other Products,Fast Moving Consumer Goods,Fast Moving Consumer Goods
ANGELONE,Stockbroking & Allied,Capital Markets,Financial Services,Financial Services
ANIKINDS,Trading & Distributors,Commercial Services & Supplies,Services,Services
ANNAPURNA,Packaged Foods,Food Products,Fast Moving Consumer Goods,Fast Moving Consumer Goods
ANNU,Civil Construction,Construction,Industrials,Construction
ANSALBU,Residential Commercial Projects,Realty,Consumer Discretionary,Realty
ANTELOPUS,Oil Exploration & Production,Oil,Energy,Oil Gas & Consumable Fuels
ANTGRAPHIC,Packaging,Industrial Products,Industrials,Capital Goods
ANTHEM,Biotechnology,Pharmaceuticals & Biotechnology,Healthcare,Healthcare
ANUHPHR,Pharmaceuticals,Pharmaceuticals & Biotechnology,Healthcare,Healthcare
ANUP,Industrial Products,Industrial Manufacturing,Industrials,Capital Goods
ANURAS,Specialty Chemicals,Chemicals & Petrochemicals,Commodities,Chemicals
AONEGOLD,Mutual Fund Scheme,Capital Markets,Financial Services,Financial Services
AONELIQUID,Mutual Fund Scheme,Capital Markets,Financial Services,Financial Services
AONENIFTY,Mutual Fund Scheme,Capital Markets,Financial Services,Financial Services
AONESILVER,Mutual Fund Scheme,Capital Markets,Financial Services,Financial Services
AONETMMQ50,Mutual Fund Scheme,Capital Markets,Financial Services,Financial Services
AONETOTAL,Mutual Fund Scheme,Capital Markets,Financial Services,Financial Services
APARINDS,Other Electrical Equipment,Electrical Equipment,Industrials,Capital Goods
APCL,Cement & Cement Products,Cement & Cement Products,Commodities,Construction Materials
APCOTEXIND,Rubber,Industrial Products,Industrials,Capital Goods
APEX,Seafood,Food Products,Fast Moving Consumer Goods,Fast Moving Consumer Goods
APLAPOLLO,Iron & Steel Products,Industrial Products,Industrials,Capital Goods
APLLTD,Pharmaceuticals,Pharmaceuticals & Biotechnology,Healthcare,Healthcare
APOLLO,Aerospace & Defense,Aerospace & Defense,Industrials,Capital Goods
APOLLOHOSP,Hospital,Healthcare Services,Healthcare,Healthcare
APOLLOPIPE,Plastic Products - Industrial,Industrial Products,Industrials,Capital Goods
APOLLOTYRE,Tyres & Rubber Products,Auto Components,Consumer Discretionary,Automobile and Auto Components
APOLSINHOT,Hotels & Resorts,Leisure Services,Consumer Discretionary,Consumer Services
APOORVA,Other Financial Services,Finance,Financial Services,Financial Services
APTUS,Housing Finance Company,Finance,Financial Services,Financial Services
AQYLON,TV Broadcasting & Software Production,Entertainment,Consumer Discretionary,Media Entertainment & Publication
ARCHIDPLY,Plywood Boards/ Laminates,Consumer Durables,Consumer Discretionary,Consumer Durables
ARCHIES,Leisure Products,Consumer Durables,Consumer Discretionary,Consumer Durables
ARCIL,Other Financial Services,Finance,Financial Services,Financial Services
ARCL,Commodity Chemicals,Chemicals & Petrochemicals,Commodities,Chemicals
ARDEE,Diversified Metals,Diversified Metals,Commodities,Metals & Mining
ARENTERP,Trading - Minerals,Metals & Minerals Trading,Commodities,Metals & Mining
ARFIN,Aluminium,Non - Ferrous Metals,Commodities,Metals & Mining
ARIHANT,RESIDENTIAL/COMMERCIAL/SEZ Project,CONSTRUCTION,MANUFACTURING,CONSTRUCTION
ARIHANTCAP,Stockbroking & Allied,Capital Markets,Financial Services,Financial Services
ARIHANTSUP,Residential Commercial Projects,Realty,Consumer Discretionary,Realty
ARIS,Other Construction Materials,Other Construction Materials,Commodities,Construction Materials
ARKADE,Residential Commercial Projects,Realty,Consumer Discretionary,Realty
ARMANFIN,Non Banking Financial Company (NBFC),Finance,Financial Services,Financial Services
AROGRANITE,Granites & Marbles,Consumer Durables,Consumer Discretionary,Consumer Durables
ARROWGREEN,Packaging,Industrial Products,Industrials,Capital Goods
ARSSBL,Stockbroking & Allied,Capital Markets,Financial Services,Financial Services
ARTEMISMED,Hospital,Healthcare Services,Healthcare,Healthcare
ARTNIRMAN,Residential Commercial Projects,Realty,Consumer Discretionary,Realty
ARVEE,Specialty Chemicals,Chemicals & Petrochemicals,Commodities,Chemicals
ARVIND,Garments & Apparels,Textiles & Apparels,Consumer Discretionary,Textiles
ARVINDFASN,Speciality Retail,Retailing,Consumer Discretionary,Consumer Services
ARVSMART,Residential Commercial Projects,Realty,Consumer Discretionary,Realty
ARYAMAN,Non Banking Financial Company (NBFC),Finance,Financial Services,Financial Services
ASAHIINDIA,Auto Components & Equipments,Auto Components,Consumer Discretionary,Automobile and Auto Components
ASAL,Auto Components & Equipments,Auto Components,Consumer Discretionary,Automobile and Auto Components
ASALCBR,Breweries & Distilleries,Beverages,Fast Moving Consumer Goods,Fast Moving Consumer Goods
ASHAPURMIN,Industrial Minerals,Minerals & Mining,Commodities,Metals & Mining
ASHIANA,Residential Commercial Projects,Realty,Consumer Discretionary,Realty
ASHIMASYN,Residential Commercial Projects,Realty,Consumer Discretionary,Realty
ASHOKA,Civil Construction,Construction,Industrials,Construction
ASHOKAMET,Trading - Metals,Metals & Minerals Trading,Commodities,Metals & Mining
ASHOKLEY,Commercial Vehicles,Agricultural Commercial & Construction Vehicles,Industrials,Capital Goods
ASIANENE,Oil Equipment & Services,Oil,Energy,Oil Gas & Consumable Fuels
ASIANHOTNR,Hotels & Resorts,Leisure Services,Consumer Discretionary,Consumer Services
ASIANPAINT,Paints,Consumer Durables,Consumer Discretionary,Consumer Durables
ASIANTILES,Ceramics,Consumer Durables,Consumer Discretionary,Consumer Durables
ASIANTNE,Trading & Distributors,Commercial Services & Supplies,Services,Services
ASKAUTOLTD,Auto Components & Equipments,Auto Components,Consumer Discretionary,Automobile and Auto Components
ASPINWALL,Diversified,Diversified,Diversified,Diversified
ASSAMENT,Non Banking Financial Company (NBFC),Finance,Financial Services,Financial Services
ASTAR,Gems Jewellery And Watches,Consumer Durables,Consumer Discretionary,Consumer Durables
ASTEC,Pesticides & Agrochemicals,Fertilizers & Agrochemicals,Commodities,Chemicals
ASTERDM,Hospital,Healthcare Services,Healthcare,Healthcare
ASTRAL,Plastic Products - Industrial,Industrial Products,Industrials,Capital Goods
ASTRAMICRO,Aerospace & Defense,Aerospace & Defense,Industrials,Capital Goods
ASTRAZEN,Pharmaceuticals,Pharmaceuticals & Biotechnology,Healthcare,Healthcare
ATALREAL,Residential Commercial Projects,Realty,Consumer Discretionary,Realty
ATAM,Industrial Products,Industrial Manufacturing,Industrials,Capital Goods
ATGL,LPG/CNG/PNG/LNG Supplier,Gas,Energy,Oil Gas & Consumable Fuels
ATHERENERG,2/3 Wheelers,Automobiles,Consumer Discretionary,Automobile and Auto Components
ATL,Port & Port services,Transport Infrastructure,Services,Services
ATLANTAA,Road Assets - Toll Annuity Hybrid-Annuity,Transport Infrastructure,Services,Services
ATLANTAELE,Heavy Electrical Equipment,Electrical Equipment,Industrials,Capital Goods
ATLASCYCLE,Cycles,Consumer Durables,Consumer Discretionary,Consumer Durables
ATLPP,Port & Port services,Transport Infrastructure,Services,Services
ATUL,Specialty Chemicals,Chemicals & Petrochemicals,Commodities,Chemicals
ATULAUTO,Commercial Vehicles,Agricultural Commercial & Construction Vehicles,Industrials,Capital Goods
AUBANK,Other Bank,Banks,Financial Services,Financial Services
AUGMONT,Precious Metals,Non - Ferrous Metals,Commodities,Metals & Mining
AURIONPRO,Computers - Software & Consulting,IT - Software,Information Technology,Information Technology
AUROPHARMA,Pharmaceuticals,Pharmaceuticals & Biotechnology,Healthcare,Healthcare
AURUM,IT Enabled Services,IT - Services,Information Technology,Information Technology
AURUS,Gems Jewellery And Watches,Consumer Durables,Consumer Discretionary,Consumer Durables
AUSOMENT,Gems Jewellery And Watches,Consumer Durables,Consumer Discretionary,Consumer Durables
AUSTENG,Industrial Products,Industrial Manufacturing,Industrials,Capital Goods
AUTOAXLES,Auto Components & Equipments,Auto Components,Consumer Discretionary,Automobile and Auto Components
AUTOBEES,Mutual Fund Scheme,Capital Markets,Financial Services,Financial Services
AUTOIETF,Mutual Fund Scheme,Capital Markets,Financial Services,Financial Services
AUTOIND,Auto Components & Equipments,Auto Components,Consumer Discretionary,Automobile and Auto Components
AVADHSUGAR,Sugar,Agricultural Food & other Products,Fast Moving Consumer Goods,Fast Moving Consumer Goods
AVALON,Other Electrical Equipment,Electrical Equipment,Industrials,Capital Goods
AVANCE,Software Products,IT - Software,Information Technology,Information Technology
AVANTEL,Aerospace & Defense,Aerospace & Defense,Industrials,Capital Goods
AVANTIFEED,Animal Feed,Food Products,Fast Moving Consumer Goods,Fast Moving Consumer Goods
AVL,Speciality Retail,Retailing,Consumer Discretionary,Consumer Services
AVONMORE,Non Banking Financial Company (NBFC),Finance,Financial Services,Financial Services
AVROIND,Plastic Products - Consumer,Consumer Durables,Consumer Discretionary,Consumer Durables
AVTNPL,Other Agricultural Products,Agricultural Food & other Products,Fast Moving Consumer Goods,Fast Moving Consumer Goods
AWFIS,Diversified Commercial Services,Commercial Services & Supplies,Services,Services
AWHCL,Waste Management,Other Utilities,Utilities,Utilities
AWL,Edible Oil,Agricultural Food & other Products,Fast Moving Consumer Goods,Fast Moving Consumer Goods
AXISBANK,Private Sector Bank,Banks,Financial Services,Financial Services
AXISCADES,Aerospace & Defense,Aerospace & Defense,Industrials,Capital Goods
AXITA,Other Textile Products,Textiles & Apparels,Consumer Discretionary,Textiles
AXTEL,Industrial Products,Industrial Manufacturing,Industrials,Capital Goods
AYE,Non Banking Financial Company (NBFC),Finance,Financial Services,Financial Services
AYMSYNTEX,Other Textile Products,Textiles & Apparels,Consumer Discretionary,Textiles
AZAD,Heavy Electrical Equipment,Electrical Equipment,Industrials,Capital Goods
AZADIND,Iron & Steel Products,Industrial Products,Industrials,Capital Goods
BAGFILMS,TV Broadcasting & Software Production,Entertainment,Consumer Discretionary,Media Entertainment & Publication
BAIDFIN,Non Banking Financial Company (NBFC),Finance,Financial Services,Financial Services
BAJAJ-AUTO,2/3 Wheelers,Automobiles,Consumer Discretionary,Automobile and Auto Components
BAJAJCON,Personal Care,Personal Products,Fast Moving Consumer Goods,Fast Moving Consumer Goods
BAJAJELEC,Household Appliances,Consumer Durables,Consumer Discretionary,Consumer Durables
BAJAJFINSV,Holding Company,Finance,Financial Services,Financial Services
BAJAJHCARE,Pharmaceuticals,Pharmaceuticals & Biotechnology,Healthcare,Healthcare
BAJAJHFL,Housing Finance Company,Finance,Financial Services,Financial Services
BAJAJHIND,Sugar,Agricultural Food & other Products,Fast Moving Consumer Goods,Fast Moving Consumer Goods
BAJAJHLDNG,Holding Company,Finance,Financial Services,Financial Services
BAJAJINDEF,Industrial Products,Industrial Manufacturing,Industrials,Capital Goods
BAJAJST,Industrial Products,Industrial Manufacturing,Industrials,Capital Goods
BAJEL,Heavy Electrical Equipment,Electrical Equipment,Industrials,Capital Goods
BAJFINANCE,Non Banking Financial Company (NBFC),Finance,Financial Services,Financial Services
BALAJEE,Packaging,Industrial Products,Industrials,Capital Goods
BALAJITELE,Media & Entertainment,Entertainment,Consumer Discretionary,Media Entertainment & Publication
BALAMINES,Specialty Chemicals,Chemicals & Petrochemicals,Commodities,Chemicals
BALAXI,Pharmaceuticals,Pharmaceuticals & Biotechnology,Healthcare,Healthcare
BALKRISHNA,Paper & Paper Products,Paper Forest & Jute Products,Commodities,Forest Materials
BALKRISIND,Tyres & Rubber Products,Auto Components,Consumer Discretionary,Automobile and Auto Components
BALMLAWRIE,Diversified,Diversified,Diversified,Diversified
BALPHARMA,Pharmaceuticals,Pharmaceuticals & Biotechnology,Healthcare,Healthcare
BALRAMCHIN,Sugar,Agricultural Food & other Products,Fast Moving Consumer Goods,Fast Moving Consumer Goods
BALUFORGE,Castings & Forgings,Industrial Products,Industrials,Capital Goods
BANARBEADS,Gems Jewellery And Watches,Consumer Durables,Consumer Discretionary,Consumer Durables
BANARISUG,Sugar,Agricultural Food & other Products,Fast Moving Consumer Goods,Fast Moving Consumer Goods
BANCOINDIA,Auto Components & Equipments,Auto Components,Consumer Discretionary,Automobile and Auto Components
BANDHANBNK,Private Sector Bank,Banks,Financial Services,Financial Services
BANG,Garments & Apparels,Textiles & Apparels,Consumer Discretionary,Textiles
BANK10ADD,Mutual Fund Scheme,Capital Markets,Financial Services,Financial Services
BANK10BETF,Mutual Fund Scheme,Capital Markets,Financial Services,Financial Services
BANKA,Civil Construction,Construction,Industrials,Construction
BANKADD,Mutual Fund Scheme,Capital Markets,Financial Services,Financial Services
BANKBARODA,Public Sector Bank,Banks,Financial Services,Financial Services
BANKBEES,Mutual Fund Scheme,Capital Markets,Financial Services,Financial Services
BANKBETA,Mutual Fund Scheme,Capital Markets,Financial Services,Financial Services
BANKBETF,Mutual Fund Scheme,Capital Markets,Financial Services,Financial Services
BANKETF,Mutual Fund Scheme,Capital Markets,Financial Services,Financial Services
BANKIETF,Mutual Fund Scheme,Capital Markets,Financial Services,Financial Services
BANKINDIA,Public Sector Bank,Banks,Financial Services,Financial Services
BANKNIFTY1,Mutual Fund Scheme,Capital Markets,Financial Services,Financial Services
BANKPSU,Mutual Fund Scheme,Capital Markets,Financial Services,Financial Services
BANSALWIRE,Iron & Steel Products,Industrial Products,Industrials,Capital Goods
BANSWRAS,Other Textile Products,Textiles & Apparels,Consumer Discretionary,Textiles
BASF,Specialty Chemicals,Chemicals & Petrochemicals,Commodities,Chemicals
BATAINDIA,Footwear,Consumer Durables,Consumer Discretionary,Consumer Durables
BATLIBOI,Industrial Equipments,Industrial Manufacturing,Industrials,Capital Goods
BAYERCROP,Pesticides & Agrochemicals,Fertilizers & Agrochemicals,Commodities,Chemicals
BBETF0432,Mutual Fund Scheme,Capital Markets,Financial Services,Financial Services
BBL,Heavy Electrical Equipment,Electrical Equipment,Industrials,Capital Goods
BBNPNBETF,Mutual Fund Scheme,Capital Markets,Financial Services,Financial Services
BBNPPGOLD,Mutual Fund Scheme,Capital Markets,Financial Services,Financial Services
BBOX,IT Enabled Services,IT - Services,Information Technology,Information Technology
BBTC,Packaged Foods,Food Products,Fast Moving Consumer Goods,Fast Moving Consumer Goods
BBTCL,Packaging,Industrial Products,Industrials,Capital Goods
BCG,IT Enabled Services,IT - Services,Information Technology,Information Technology
BCLIND,Breweries & Distilleries,Beverages,Fast Moving Consumer Goods,Fast Moving Consumer Goods
BCONCEPTS,Speciality Retail,Retailing,Consumer Discretionary,Consumer Services
BCPL,Civil Construction,Construction,Industrials,Construction
BDL,Aerospace & Defense,Aerospace & Defense,Industrials,Capital Goods
BEARDSELL,Other Industrial Products,Industrial Products,Industrials,Capital Goods
BECTORFOOD,Packaged Foods,Food Products,Fast Moving Consumer Goods,Fast Moving Consumer Goods
BEDMUTHA,Aluminium Copper & Zinc Products,Industrial Products,Industrials,Capital Goods
BEEKAY,Iron & Steel Products,Industrial Products,Industrials,Capital Goods
BEL,Aerospace & Defense,Aerospace & Defense,Industrials,Capital Goods
BELLACASA,Garments & Apparels,Textiles & Apparels,Consumer Discretionary,Textiles
BELRISE,Auto Components & Equipments,Auto Components,Consumer Discretionary,Automobile and Auto Components
BEML,Construction Vehicles,Agricultural Commercial & Construction Vehicles,Industrials,Capital Goods
BENARAS,Hotels & Resorts,Leisure Services,Consumer Discretionary,Consumer Services
BENGALASM,Non Banking Financial Company (NBFC),Finance,Financial Services,Financial Services
BEPL,Petrochemicals,Chemicals & Petrochemicals,Commodities,Chemicals
BERGEPAINT,Paints,Consumer Durables,Consumer Discretionary,Consumer Durables
BESTAGRO,Pesticides & Agrochemicals,Fertilizers & Agrochemicals,Commodities,Chemicals
BETA,Pharmaceuticals,Pharmaceuticals & Biotechnology,Healthcare,Healthcare
BFINVEST,Holding Company,Finance,Financial Services,Financial Services
BFSI,Mutual Fund Scheme,Capital Markets,Financial Services,Financial Services
BFUTILITIE,Road Assets - Toll Annuity Hybrid-Annuity,Transport Infrastructure,Services,Services
BHAGCHEM,Pesticides & Agrochemicals,Fertilizers & Agrochemicals,Commodities,Chemicals
BHAGYANGR,Copper,Non - Ferrous Metals,Commodities,Metals & Mining
BHANDARI,Other Textile Products,Textiles & Apparels,Consumer Discretionary,Textiles
BHARATCOAL,Coal,Consumable Fuels,Energy,Oil Gas & Consumable Fuels
BHARATFORG,Auto Components & Equipments,Auto Components,Consumer Discretionary,Automobile and Auto Components
BHARATRAS,Pesticides & Agrochemicals,Fertilizers & Agrochemicals,Commodities,Chemicals
BHARATSE,Auto Components & Equipments,Auto Components,Consumer Discretionary,Automobile and Auto Components
BHARATWIRE,Iron & Steel Products,Industrial Products,Industrials,Capital Goods
BHARTIARTL,Telecom - Cellular & Fixed line services,Telecom - Services,Telecommunication,Telecommunication
BHARTIHEXA,Telecom - Cellular & Fixed line services,Telecom - Services,Telecommunication,Telecommunication
BHEL,Heavy Electrical Equipment,Electrical Equipment,Industrials,Capital Goods
BIGBLOC,Cement & Cement Products,Cement & Cement Products,Commodities,Construction Materials
BIKAJI,Packaged Foods,Food Products,Fast Moving Consumer Goods,Fast Moving Consumer Goods
BIL,Leather And Leather Products,Consumer Durables,Consumer Discretionary,Consumer Durables
BILVYAPAR,Holding Company,Finance,Financial Services,Financial Services
BIMETAL,AUTO ANCILLARIES,AUTO ANCILLARIES,MANUFACTURING,AUTOMOBILE
BIOCON,Pharmaceuticals,Pharmaceuticals & Biotechnology,Healthcare,Healthcare
BIOFILCHEM,Pharmaceuticals,Pharmaceuticals & Biotechnology,Healthcare,Healthcare
BIRLACABLE,Telecom - Equipment & Accessories,Telecom - Equipment & Accessories,Telecommunication,Telecommunication
BIRLACORPN,Cement & Cement Products,Cement & Cement Products,Commodities,Construction Materials
BIRLAMONEY,Stockbroking & Allied,Capital Markets,Financial Services,Financial Services
BIRLANU,Other Construction Materials,Other Construction Materials,Commodities,Construction Materials
BLACKBUCK,Transport Related Services,Transport Services,Services,Services
BLAL,Investment Company,Finance,Financial Services,Financial Services
BLBLIMITED,Investment Company,Finance,Financial Services,Financial Services
BLEL,Iron & Steel Products,Industrial Products,Industrials,Capital Goods
BLIL,Holding Company,Finance,Financial Services,Financial Services
BLKASHYAP,Civil Construction,Construction,Industrials,Construction
BLS,Tour Travel Related Services,Leisure Services,Consumer Discretionary,Consumer Services
BLSE,IT Enabled Services,IT - Services,Information Technology,Information Technology
BLUECLOUDS,Software Products,IT - Software,Information Technology,Information Technology
BLUECOAST,Hotels & Resorts,Leisure Services,Consumer Discretionary,Consumer Services
BLUEDART,Logistics Solution Provider,Transport Services,Services,Services
BLUEJET,Pharmaceuticals,Pharmaceuticals & Biotechnology,Healthcare,Healthcare
BLUESTARCO,Household Appliances,Consumer Durables,Consumer Discretionary,Consumer Durables
BLUESTONE,Gems Jewellery And Watches,Consumer Durables,Consumer Discretionary,Consumer Durables
BLUSPRING,Diversified Commercial Services,Commercial Services & Supplies,Services,Services
BMWVENTLTD,Trading - Metals,Metals & Minerals Trading,Commodities,Metals & Mining
BNAGROCHEM,Trading & Distributors,Commercial Services & Supplies,Services,Services
BNKETFAXIS,Mutual Fund Scheme,Capital Markets,Financial Services,Financial Services
BODALCHEM,Dyes And Pigments,Chemicals & Petrochemicals,Commodities,Chemicals
BOHRAIND,Fertilizers,Fertilizers & Agrochemicals,Commodities,Chemicals
BOMDYEING,Other Textile Products,Textiles & Apparels,Consumer Discretionary,Textiles
BONLON,Trading - Metals,Metals & Minerals Trading,Commodities,Metals & Mining
BORANA,Other Textile Products,Textiles & Apparels,Consumer Discretionary,Textiles
BOROLTD,Houseware,Consumer Durables,Consumer Discretionary,Consumer Durables
BORORENEW,Glass - Industrial,Industrial Products,Industrials,Capital Goods
BOROSCI,Glass - Industrial,Industrial Products,Industrials,Capital Goods
BOSCH-HCIL,Household Appliances,Consumer Durables,Consumer Discretionary,Consumer Durables
BOSCHLTD,Auto Components & Equipments,Auto Components,Consumer Discretionary,Automobile and Auto Components
BPCL,Refineries & Marketing,Petroleum Products,Energy,Oil Gas & Consumable Fuels
BPL,Consumer Electronics,Consumer Durables,Consumer Discretionary,Consumer Durables
BPLPHARMA,Pharmaceuticals,Pharmaceuticals & Biotechnology,Healthcare,Healthcare
BRAHMINFRA,Civil Construction,Construction,Industrials,Construction
BRIGADE,Residential Commercial Projects,Realty,Consumer Discretionary,Realty
BRIGHOTEL,Hotels & Resorts,Leisure Services,Consumer Discretionary,Consumer Services
BRIGHTBR,Plastic Products - Industrial,Industrial Products,Industrials,Capital Goods
BRITANNIA,Packaged Foods,Food Products,Fast Moving Consumer Goods,Fast Moving Consumer Goods
BRNL,Road Assets - Toll Annuity Hybrid-Annuity,Transport Infrastructure,Services,Services
BROOKS,Pharmaceuticals,Pharmaceuticals & Biotechnology,Healthcare,Healthcare
BSE,Exchange and Data Platform,Capital Markets,Financial Services,Financial Services
BSHSL,Other Agricultural Products,Agricultural Food & other Products,Fast Moving Consumer Goods,Fast Moving Consumer Goods
BSL,Other Textile Products,Textiles & Apparels,Consumer Discretionary,Textiles
BSLNIFTY,Mutual Fund Scheme,Capital Markets,Financial Services,Financial Services
BSLSENETFG,Mutual Fund Scheme,Capital Markets,Financial Services,Financial Services
BSOFT,Computers - Software & Consulting,IT - Software,Information Technology,Information Technology
BTML,Digital Entertainment,Entertainment,Consumer Discretionary,Media Entertainment & Publication
BUILDPRO,Trading & Distributors,Commercial Services & Supplies,Services,Services
BUTTERFLY,Household Appliances,Consumer Durables,Consumer Discretionary,Consumer Durables
BVCL,Cement & Cement Products,Cement & Cement Products,Commodities,Construction Materials
CAMLINFINE,Specialty Chemicals,Chemicals & Petrochemicals,Commodities,Chemicals
CAMPUS,Footwear,Consumer Durables,Consumer Discretionary,Consumer Durables
CAMS,Depositories Clearing Houses and Other Intermediaries,Capital Markets,Financial Services,Financial Services
CANBK,Public Sector Bank,Banks,Financial Services,Financial Services
CANFINHOME,Housing Finance Company,Finance,Financial Services,Financial Services
CANHLIFE,Life Insurance,Insurance,Financial Services,Financial Services
CANTABIL,Garments & Apparels,Textiles & Apparels,Consumer Discretionary,Textiles
CAPACITE,Civil Construction,Construction,Industrials,Construction
CAPILLARY,Software Products,IT - Software,Information Technology,Information Technology
CAPITALSFB,Other Bank,Banks,Financial Services,Financial Services
CAPLIPOINT,Pharmaceuticals,Pharmaceuticals & Biotechnology,Healthcare,Healthcare
CARBORUNIV,Abrasives & Bearings,Industrial Products,Industrials,Capital Goods
CARERATING,Ratings,Capital Markets,Financial Services,Financial Services
CARRARO,Auto Components & Equipments,Auto Components,Consumer Discretionary,Automobile and Auto Components
CARTRADE,E-Retail/ E-Commerce,Retailing,Consumer Discretionary,Consumer Services
CARYSIL,Household Appliances,Consumer Durables,Consumer Discretionary,Consumer Durables
CASHIETF,Mutual Fund Scheme,Capital Markets,Financial Services,Financial Services
CASTROLIND,Lubricants,Petroleum Products,Energy,Oil Gas & Consumable Fuels
CCAVENUE,Financial Technology (Fintech),Financial Technology (Fintech),Financial Services,Financial Services
CCCL,Residential Commercial Projects,Realty,Consumer Discretionary,Realty
CCHHL,Hotels & Resorts,Leisure Services,Consumer Discretionary,Consumer Services
CCL,Tea & Coffee,Agricultural Food & other Products,Fast Moving Consumer Goods,Fast Moving Consumer Goods
CDSL,Depositories Clearing Houses and Other Intermediaries,Capital Markets,Financial Services,Financial Services
CEATLTD,Tyres & Rubber Products,Auto Components,Consumer Discretionary,Automobile and Auto Components
CEIGALL,Civil Construction,Construction,Industrials,Construction
CEINSYS,IT Enabled Services,IT - Services,Information Technology,Information Technology
CELEBRITY,Garments & Apparels,Textiles & Apparels,Consumer Discretionary,Textiles
CELLO,Houseware,Consumer Durables,Consumer Discretionary,Consumer Durables
CEMNTGROWW,Mutual Fund Scheme,Capital Markets,Financial Services,Financial Services
CEMPRO,Civil Construction,Construction,Industrials,Construction
CENTENKA,Other Textile Products,Textiles & Apparels,Consumer Discretionary,Textiles
CENTEXT,Aluminium Copper & Zinc Products,Industrial Products,Industrials,Capital Goods
CENTRALBK,Public Sector Bank,Banks,Financial Services,Financial Services
CENTRUM,Other Financial Services,Finance,Financial Services,Financial Services
CENTUM,Aerospace & Defense,Aerospace & Defense,Industrials,Capital Goods
CENTURYPLY,Plywood Boards/ Laminates,Consumer Durables,Consumer Discretionary,Consumer Durables
CERA,Sanitary Ware,Consumer Durables,Consumer Discretionary,Consumer Durables
CESC,Integrated Power Utilities,Power,Utilities,Power
CEWATER,Waste Management,Other Utilities,Utilities,Utilities
CGCL,Non Banking Financial Company (NBFC),Finance,Financial Services,Financial Services
CGPOWER,Heavy Electrical Equipment,Electrical Equipment,Industrials,Capital Goods
CGVAK,Computers - Software & Consulting,IT - Software,Information Technology,Information Technology
CHALET,Hotels & Resorts,Leisure Services,Consumer Discretionary,Consumer Services
CHAMBLFERT,Fertilizers,Fertilizers & Agrochemicals,Commodities,Chemicals
CHEMBOND,Specialty Chemicals,Chemicals & Petrochemicals,Commodities,Chemicals
CHEMCRUX,Specialty Chemicals,Chemicals & Petrochemicals,Commodities,Chemicals
CHEMFAB,Commodity Chemicals,Chemicals & Petrochemicals,Commodities,Chemicals
CHEMICAL,Mutual Fund Scheme,Capital Markets,Financial Services,Financial Services
CHEMPLASTS,Specialty Chemicals,Chemicals & Petrochemicals,Commodities,Chemicals
CHENNPETRO,Refineries & Marketing,Petroleum Products,Energy,Oil Gas & Consumable Fuels
CHEVIOT,Jute & Jute Products,Paper Forest & Jute Products,Commodities,Forest Materials
CHOICEGOLD,Mutual Fund Scheme,Capital Markets,Financial Services,Financial Services
CHOICEIN,Holding Company,Finance,Financial Services,Financial Services
CHOLAFIN,Non Banking Financial Company (NBFC),Finance,Financial Services,Financial Services
CHOLAHLDNG,Investment Company,Finance,Financial Services,Financial Services
CIEINDIA,Auto Components & Equipments,Auto Components,Consumer Discretionary,Automobile and Auto Components
CIFL,Non Banking Financial Company (NBFC),Finance,Financial Services,Financial Services
CINELINE,Film Production Distribution & Exhibition,Entertainment,Consumer Discretionary,Media Entertainment & Publication
CINEVISTA,Residential Commercial Projects,Realty,Consumer Discretionary,Realty
CIPLA,Pharmaceuticals,Pharmaceuticals & Biotechnology,Healthcare,Healthcare
CLEAN,Specialty Chemicals,Chemicals & Petrochemicals,Commodities,Chemicals
CLEANMAX,Power Generation,Power,Utilities,Power
CLEDUCATE,Education,Other Consumer Services,Consumer Discretionary,Consumer Services
CLSEL,Other Agricultural Products,Agricultural Food & other Products,Fast Moving Consumer Goods,Fast Moving Consumer Goods
CMLL,Coal,Consumable Fuels,Energy,Oil Gas & Consumable Fuels
CMPDI,Consulting Services,Commercial Services & Supplies,Services,Services
CMRGREEN,Aluminium Copper & Zinc Products,Industrial Products,Industrials,Capital Goods
CMSINFO,Diversified Commercial Services,Commercial Services & Supplies,Services,Services
CNL,Trading & Distributors,Commercial Services & Supplies,Services,Services
COALINDIA,Coal,Consumable Fuels,Energy,Oil Gas & Consumable Fuels
COASTCORP,Seafood,Food Products,Fast Moving Consumer Goods,Fast Moving Consumer Goods
COCHINSHIP,Ship Building & Allied Services,Industrial Manufacturing,Industrials,Capital Goods
COCKERILL,Industrial Products,Industrial Manufacturing,Industrials,Capital Goods
COFFEEDAY,Restaurants,Leisure Services,Consumer Discretionary,Consumer Services
COFORGE,Computers - Software & Consulting,IT - Software,Information Technology,Information Technology
COHANCE,Pharmaceuticals,Pharmaceuticals & Biotechnology,Healthcare,Healthcare
COLPAL,Personal Care,Personal Products,Fast Moving Consumer Goods,Fast Moving Consumer Goods
COMFINTE,Breweries & Distilleries,Beverages,Fast Moving Consumer Goods,Fast Moving Consumer Goods
COMMOIETF,Mutual Fund Scheme,Capital Markets,Financial Services,Financial Services
COMPEAU,Auto Dealer,Automobiles,Consumer Discretionary,Automobile and Auto Components
COMPUSOFT,Education,Other Consumer Services,Consumer Discretionary,Consumer Services
COMSYN,Packaging,Industrial Products,Industrials,Capital Goods
CONCOR,Logistics Solution Provider,Transport Services,Services,Services
CONCORDBIO,Pharmaceuticals,Pharmaceuticals & Biotechnology,Healthcare,Healthcare
CONFIPET,LPG/CNG/PNG/LNG Supplier,Gas,Energy,Oil Gas & Consumable Fuels
CONS,Mutual Fund Scheme,Capital Markets,Financial Services,Financial Services
CONSUMAXIS,Mutual Fund Scheme,Capital Markets,Financial Services,Financial Services
CONSUMBEES,Mutual Fund Scheme,Capital Markets,Financial Services,Financial Services
CONSUMER,Mutual Fund Scheme,Capital Markets,Financial Services,Financial Services
CONSUMIETF,Mutual Fund Scheme,Capital Markets,Financial Services,Financial Services
CONTROLPR,Computers Hardware & Equipments,IT - Hardware,Information Technology,Information Technology
CORALFINAC,Diversified Commercial Services,Commercial Services & Supplies,Services,Services
CORDELIA,Tour Travel Related Services,Leisure Services,Consumer Discretionary,Consumer Services
CORDSCABLE,Cables - Electricals,Industrial Products,Industrials,Capital Goods
COROMANDEL,Fertilizers,Fertilizers & Agrochemicals,Commodities,Chemicals
CORONA,Pharmaceuticals,Pharmaceuticals & Biotechnology,Healthcare,Healthcare
COSMOFIRST,Packaging,Industrial Products,Industrials,Capital Goods
CPCAP,Non Banking Financial Company (NBFC),Finance,Financial Services,Financial Services
CPEDU,Education,Other Consumer Services,Consumer Discretionary,Consumer Services
CPL,Plastic Products - Industrial,Industrial Products,Industrials,Capital Goods
CPPLUS,Industrial Products,Industrial Manufacturing,Industrials,Capital Goods
CPSEETF,Mutual Fund Scheme,Capital Markets,Financial Services,Financial Services
CRAFTSMAN,Auto Components & Equipments,Auto Components,Consumer Discretionary,Automobile and Auto Components
CRAMC,Asset Management Company,Capital Markets,Financial Services,Financial Services
CRAVATEX,Trading & Distributors,Commercial Services & Supplies,Services,Services
CREATIVEYE,Media & Entertainment,Entertainment,Consumer Discretionary,Media Entertainment & Publication
CREDITACC,Microfinance Institutions,Finance,Financial Services,Financial Services
CREST,Non Banking Financial Company (NBFC),Finance,Financial Services,Financial Services
CRESTO,Media & Entertainment,Entertainment,Consumer Discretionary,Media Entertainment & Publication
CRISIL,Other Financial Services,Finance,Financial Services,Financial Services
CRIZAC,Internet & Catalogue Retail,Retailing,Consumer Discretionary,Consumer Services
CROMPTON,Household Appliances,Consumer Durables,Consumer Discretionary,Consumer Durables
CROWN,Industrial Products,Industrial Manufacturing,Industrials,Capital Goods
CSBBANK,Private Sector Bank,Banks,Financial Services,Financial Services
CSLFINANCE,Non Banking Financial Company (NBFC),Finance,Financial Services,Financial Services
CSM,Computers - Software & Consulting,IT - Software,Information Technology,Information Technology
CUB,Private Sector Bank,Banks,Financial Services,Financial Services
CUBEXTUB,Aluminium Copper & Zinc Products,Industrial Products,Industrials,Capital Goods
CUMMINSIND,Compressors Pumps & Diesel Engines,Industrial Products,Industrials,Capital Goods
CUPID,Personal Care,Personal Products,Fast Moving Consumer Goods,Fast Moving Consumer Goods
CYIENT,IT Enabled Services,IT - Services,Information Technology,Information Technology
CYIENTDLM,Aerospace & Defense,Aerospace & Defense,Industrials,Capital Goods
DABUR,Personal Care,Personal Products,Fast Moving Consumer Goods,Fast Moving Consumer Goods
DALBHARAT,Cement & Cement Products,Cement & Cement Products,Commodities,Construction Materials
DALMIASUG,Sugar,Agricultural Food & other Products,Fast Moving Consumer Goods,Fast Moving Consumer Goods
DAMCAPITAL,Stockbroking & Allied,Capital Markets,Financial Services,Financial Services
DANGEE,Other Food Products,Food Products,Fast Moving Consumer Goods,Fast Moving Consumer Goods
DATAMATICS,IT Enabled Services,IT - Services,Information Technology,Information Technology
DATAPATTNS,Aerospace & Defense,Aerospace & Defense,Industrials,Capital Goods
DAVANGERE,Other Agricultural Products,Agricultural Food & other Products,Fast Moving Consumer Goods,Fast Moving Consumer Goods
DBCORP,Print Media,Media,Consumer Discretionary,Media Entertainment & Publication
DBEIL,Civil Construction,Construction,Industrials,Construction
DBL,Civil Construction,Construction,Industrials,Construction
DBOL,Sugar,Agricultural Food & other Products,Fast Moving Consumer Goods,Fast Moving Consumer Goods
DBREALTY,Residential Commercial Projects,Realty,Consumer Discretionary,Realty
DCAL,Pharmaceuticals,Pharmaceuticals & Biotechnology,Healthcare,Healthcare
DCBBANK,Private Sector Bank,Banks,Financial Services,Financial Services
DCI,Computers - Software & Consulting,IT - Software,Information Technology,Information Technology
DCM,IT Enabled Services,IT - Services,Information Technology,Information Technology
DCMFINSERV,Investment Company,Finance,Financial Services,Financial Services
DCMNVL,Other Textile Products,Textiles & Apparels,Consumer Discretionary,Textiles
DCMSHRIRAM,Diversified,Diversified,Diversified,Diversified
DCMSIL,Other Textile Products,Textiles & Apparels,Consumer Discretionary,Textiles
DCMSRIND,Sugar,Agricultural Food & other Products,Fast Moving Consumer Goods,Fast Moving Consumer Goods
DCW,Petrochemicals,Chemicals & Petrochemicals,Commodities,Chemicals
DCXINDIA,Aerospace & Defense,Aerospace & Defense,Industrials,Capital Goods
DDEVPLSTIK,Specialty Chemicals,Chemicals & Petrochemicals,Commodities,Chemicals
DECCANCE,Cement & Cement Products,Cement & Cement Products,Commodities,Construction Materials
DECNGOLD,Precious Metals,Non - Ferrous Metals,Commodities,Metals & Mining
DEEDEV,Industrial Products,Industrial Manufacturing,Industrials,Capital Goods
DEEP,Specialty Chemicals,Chemicals & Petrochemicals,Commodities,Chemicals
DEEPA,Gems Jewellery And Watches,Consumer Durables,Consumer Discretionary,Consumer Durables
DEEPAKFERT,Commodity Chemicals,Chemicals & Petrochemicals,Commodities,Chemicals
DEEPAKNTR,Specialty Chemicals,Chemicals & Petrochemicals,Commodities,Chemicals
DEEPINDS,Oil Equipment & Services,Oil,Energy,Oil Gas & Consumable Fuels
DEFENCE,Mutual Fund Scheme,Capital Markets,Financial Services,Financial Services
DELHIVERY,Logistics Solution Provider,Transport Services,Services,Services
DELTACORP,Amusement Parks/ Other Recreation,Leisure Services,Consumer Discretionary,Consumer Services
DELTAMAGNT,Other Industrial Products,Industrial Products,Industrials,Capital Goods
DEN,TV Broadcasting & Software Production,Entertainment,Consumer Discretionary,Media Entertainment & Publication
DENORA,Electrodes & Refractories,Industrial Products,Industrials,Capital Goods
DENTA,Water Supply & Management,Other Utilities,Utilities,Utilities
DEVIT,IT Enabled Services,IT - Services,Information Technology,Information Technology
DEVX,Diversified Commercial Services,Commercial Services & Supplies,Services,Services
DEVYANI,Restaurants,Leisure Services,Consumer Discretionary,Consumer Services
DGCONTENT,Advertising & Media Agencies,Media,Consumer Discretionary,Media Entertainment & Publication
DHAMPURSUG,Sugar,Agricultural Food & other Products,Fast Moving Consumer Goods,Fast Moving Consumer Goods
DHANBANK,Private Sector Bank,Banks,Financial Services,Financial Services
DHANUKA,Pesticides & Agrochemicals,Fertilizers & Agrochemicals,Commodities,Chemicals
DHARMAJ,Pesticides & Agrochemicals,Fertilizers & Agrochemicals,Commodities,Chemicals
DHATRE,Iron & Steel Products,Industrial Products,Industrials,Capital Goods
DHOOTTRANS,Auto Components & Equipments,Auto Components,Consumer Discretionary,Automobile and Auto Components
DHRUV,Consulting Services,Commercial Services & Supplies,Services,Services
DHUNINV,Non Banking Financial Company (NBFC),Finance,Financial Services,Financial Services
DIAMINESQ,Specialty Chemicals,Chemicals & Petrochemicals,Commodities,Chemicals
DIAMONDYD,Packaged Foods,Food Products,Fast Moving Consumer Goods,Fast Moving Consumer Goods
DICIND,Printing Inks,Chemicals & Petrochemicals,Commodities,Chemicals
DIFFNKG,Other Industrial Products,Industrial Products,Industrials,Capital Goods
DIGIDRIVE,E-Retail/ E-Commerce,Retailing,Consumer Discretionary,Consumer Services
DIGISPICE,IT Enabled Services,IT - Services,Information Technology,Information Technology
DIGITIDE,IT Enabled Services,IT - Services,Information Technology,Information Technology
DISAQ,Industrial Products,Industrial Manufacturing,Industrials,Capital Goods
DISHTV,TV Broadcasting & Software Production,Entertainment,Consumer Discretionary,Media Entertainment & Publication
DIVGIITTS,Auto Components & Equipments,Auto Components,Consumer Discretionary,Automobile and Auto Components
DIVIDEND,Mutual Fund Scheme,Capital Markets,Financial Services,Financial Services
DIVISLAB,Pharmaceuticals,Pharmaceuticals & Biotechnology,Healthcare,Healthcare
DIVOPPBEES,Mutual Fund Scheme,Capital Markets,Financial Services,Financial Services
DIXON,Consumer Electronics,Consumer Durables,Consumer Discretionary,Consumer Durables
DJML,Logistics Solution Provider,Transport Services,Services,Services
DLF,Residential Commercial Projects,Realty,Consumer Discretionary,Realty
DLINKINDIA,Computers Hardware & Equipments,IT - Hardware,Information Technology,Information Technology
DMART,Diversified Retail,Retailing,Consumer Discretionary,Consumer Services
DMCC,Specialty Chemicals,Chemicals & Petrochemicals,Commodities,Chemicals
DNAMEDIA,Electronic Media,Media,Consumer Discretionary,Media Entertainment & Publication
DODLA,Dairy Products,Food Products,Fast Moving Consumer Goods,Fast Moving Consumer Goods
DOLATALGO,Stockbroking & Allied,Capital Markets,Financial Services,Financial Services
DOLLAR,Garments & Apparels,Textiles & Apparels,Consumer Discretionary,Textiles
DOLLEX,Sugar,Agricultural Food & other Products,Fast Moving Consumer Goods,Fast Moving Consumer Goods
DOLPHIN,Offshore Support Solution Drilling,Oil,Energy,Oil Gas & Consumable Fuels
DOMS,Stationary,Household Products,Fast Moving Consumer Goods,Fast Moving Consumer Goods
DONEAR,Other Textile Products,Textiles & Apparels,Consumer Discretionary,Textiles
DPABHUSHAN,Gems Jewellery And Watches,Consumer Durables,Consumer Discretionary,Consumer Durables
DRAGARWQ,Hospital,Healthcare Services,Healthcare,Healthcare
DRCSYSTEMS,IT Enabled Services,IT - Services,Information Technology,Information Technology
DREAMFOLKS,Airport & Airport services,Transport Infrastructure,Services,Services
DREDGECORP,Dredging,Engineering Services,Services,Services
DRREDDY,Pharmaceuticals,Pharmaceuticals & Biotechnology,Healthcare,Healthcare
DSKULKARNI,Residential Commercial Projects,Realty,Consumer Discretionary,Realty
DSSL,IT Enabled Services,IT - Services,Information Technology,Information Technology
DUCON,Industrial Products,Industrial Manufacturing,Industrials,Capital Goods
DVL,Packaging,Industrial Products,Industrials,Capital Goods
DWARKESH,Sugar,Agricultural Food & other Products,Fast Moving Consumer Goods,Fast Moving Consumer Goods
DYCL,Cables - Electricals,Industrial Products,Industrials,Capital Goods
DYNAMATECH,Industrial Products,Industrial Manufacturing,Industrials,Capital Goods
DYNPRO,Specialty Chemicals,Chemicals & Petrochemicals,Commodities,Chemicals
EASEMYTRIP,Tour Travel Related Services,Leisure Services,Consumer Discretionary,Consumer Services
EASTWEST,Logistics Solution Provider,Transport Services,Services,Services
EBANK10,Mutual Fund Scheme,Capital Markets,Financial Services,Financial Services
EBANKNIFTY,Mutual Fund Scheme,Capital Markets,Financial Services,Financial Services
EBBETF0431,Mutual Fund Scheme,Capital Markets,Financial Services,Financial Services
EBBETF0433,Mutual Fund Scheme,Capital Markets,Financial Services,Financial Services
EBGNG,Computers Hardware & Equipments,IT - Hardware,Information Technology,Information Technology
ECAPINSURE,Mutual Fund Scheme,Capital Markets,Financial Services,Financial Services
ECLERX,Business Process Outsourcing (BPO)/ Knowledge Process Outsourcing (KPO),Commercial Services & Supplies,Services,Services
ECORECO,Waste Management,Other Utilities,Utilities,Utilities
ECOSMOBLTY,Road Transport,Transport Services,Services,Services
EDELWEISS,Holding Company,Finance,Financial Services,Financial Services
EFCIL,Diversified Commercial Services,Commercial Services & Supplies,Services,Services
EGOLD,Mutual Fund Scheme,Capital Markets,Financial Services,Financial Services
EICHERMOT,2/3 Wheelers,Automobiles,Consumer Discretionary,Automobile and Auto Components
EIDPARRY,Other Food Products,Food Products,Fast Moving Consumer Goods,Fast Moving Consumer Goods
EIEL,Water Supply & Management,Other Utilities,Utilities,Utilities
EIHAHOTELS,Hotels & Resorts,Leisure Services,Consumer Discretionary,Consumer Services
EIHOTEL,Hotels & Resorts,Leisure Services,Consumer Discretionary,Consumer Services
EIMCOELECO,Industrial Products,Industrial Manufacturing,Industrials,Capital Goods
EKC,Industrial Products,Industrial Manufacturing,Industrials,Capital Goods
EKI,Consulting Services,Commercial Services & Supplies,Services,Services
ELANTAS,Specialty Chemicals,Chemicals & Petrochemicals,Commodities,Chemicals
ELCIDIN,Investment Company,Finance,Financial Services,Financial Services
ELDEHSG,Residential Commercial Projects,Realty,Consumer Discretionary,Realty
ELECON,Heavy Electrical Equipment,Electrical Equipment,Industrials,Capital Goods
ELECTCAST,Iron & Steel Products,Industrial Products,Industrials,Capital Goods
ELECTHERM,Iron & Steel Products,Industrial Products,Industrials,Capital Goods
ELGIEQUIP,Compressors Pumps & Diesel Engines,Industrial Products,Industrials,Capital Goods
ELGIRUBCO,Rubber,Industrial Products,Industrials,Capital Goods
ELIN,Household Appliances,Consumer Durables,Consumer Discretionary,Consumer Durables
ELIQUID,Mutual Fund Scheme,Capital Markets,Financial Services,Financial Services
ELITECON,Cigarettes & Tobacco Products,Cigarettes & Tobacco Products,Fast Moving Consumer Goods,Fast Moving Consumer Goods
ELLEN,Industrial Gases,Chemicals & Petrochemicals,Commodities,Chemicals
ELM250,Mutual Fund Scheme,Capital Markets,Financial Services,Financial Services
ELMDIV,Mutual Fund Scheme,Capital Markets,Financial Services,Financial Services
ELPROINTL,Residential Commercial Projects,Realty,Consumer Discretionary,Realty
EMAMILTD,Personal Care,Personal Products,Fast Moving Consumer Goods,Fast Moving Consumer Goods
EMAMIREAL,Residential Commercial Projects,Realty,Consumer Discretionary,Realty
EMBDL,Residential Commercial Projects,Realty,Consumer Discretionary,Realty
EMCURE,Pharmaceuticals,Pharmaceuticals & Biotechnology,Healthcare,Healthcare
EMETAL,Mutual Fund Scheme,Capital Markets,Financial Services,Financial Services
EMIL,Diversified Retail,Retailing,Consumer Discretionary,Consumer Services
EMKAY,Stockbroking & Allied,Capital Markets,Financial Services,Financial Services
EMMVEE,Other Electrical Equipment,Electrical Equipment,Industrials,Capital Goods
EMPIND,Diversified,Diversified,Diversified,Diversified
EMPOWER,Computers - Software & Consulting,IT - Software,Information Technology,Information Technology
EMSLIMITED,Waste Management,Other Utilities,Utilities,Utilities
EMUDHRA,IT Enabled Services,IT - Services,Information Technology,Information Technology
EMULTIMQ,Mutual Fund Scheme,Capital Markets,Financial Services,Financial Services
ENDURANCE,Auto Components & Equipments,Auto Components,Consumer Discretionary,Automobile and Auto Components
ENERGY,Mutual Fund Scheme,Capital Markets,Financial Services,Financial Services
ENERGYAXIS,Mutual Fund Scheme,Capital Markets,Financial Services,Financial Services
ENERGYDEV,Power Generation,Power,Utilities,Power
ENEXT50,Mutual Fund Scheme,Capital Markets,Financial Services,Financial Services
ENGINERSIN,Civil Construction,Construction,Industrials,Construction
ENIFTY,Mutual Fund Scheme,Capital Markets,Financial Services,Financial Services
ENIL,Media & Entertainment,Entertainment,Consumer Discretionary,Media Entertainment & Publication
ENKEIWHEL,Auto Components & Equipments,Auto Components,Consumer Discretionary,Automobile and Auto Components
ENRIN,Heavy Electrical Equipment,Electrical Equipment,Industrials,Capital Goods
ENTERO,Pharmacy Retail,Retailing,Consumer Discretionary,Consumer Services
EPACK,Household Appliances,Consumer Durables,Consumer Discretionary,Consumer Durables
EPACKPEB,Industrial Products,Industrial Manufacturing,Industrials,Capital Goods
EPIGRAL,Specialty Chemicals,Chemicals & Petrochemicals,Commodities,Chemicals
EPL,Packaging,Industrial Products,Industrials,Capital Goods
EQUAL200,Mutual Fund Scheme,Capital Markets,Financial Services,Financial Services
EQUAL50,Mutual Fund Scheme,Capital Markets,Financial Services,Financial Services
EQUAL50ADD,Mutual Fund Scheme,Capital Markets,Financial Services,Financial Services
EQUITASBNK,Other Bank,Banks,Financial Services,Financial Services
ERIS,Pharmaceuticals,Pharmaceuticals & Biotechnology,Healthcare,Healthcare
ESABINDIA,Other Industrial Products,Industrial Products,Industrials,Capital Goods
ESCORTS,Tractors,Agricultural Commercial & Construction Vehicles,Industrials,Capital Goods
ESDS,IT Enabled Services,IT - Services,Information Technology,Information Technology
ESENSEX,Mutual Fund Scheme,Capital Markets,Financial Services,Financial Services
ESG,Mutual Fund Scheme,Capital Markets,Financial Services,Financial Services
ESILVER,Mutual Fund Scheme,Capital Markets,Financial Services,Financial Services
ESSARSHPNG,Shipping,Transport Services,Services,Services
ESSENTIA,Trading & Distributors,Commercial Services & Supplies,Services,Services
ESTER,Packaging,Industrial Products,Industrials,Capital Goods
ETERNAL,E-Retail/ E-Commerce,Retailing,Consumer Discretionary,Consumer Services
ETHOSLTD,Gems Jewellery And Watches,Consumer Durables,Consumer Discretionary,Consumer Durables
EUREKAFORB,Household Appliances,Consumer Durables,Consumer Discretionary,Consumer Durables
EUROBOND,Aluminium Copper & Zinc Products,Industrial Products,Industrials,Capital Goods
EUROPRATIK,Plywood Boards/ Laminates,Consumer Durables,Consumer Discretionary,Consumer Durables
EVEREADY,Household Products,Household Products,Fast Moving Consumer Goods,Fast Moving Consumer Goods
EVIETF,Mutual Fund Scheme,Capital Markets,Financial Services,Financial Services
EVINDIA,Mutual Fund Scheme,Capital Markets,Financial Services,Financial Services
EXCELINDUS,Specialty Chemicals,Chemicals & Petrochemicals,Commodities,Chemicals
EXCELSOFT,IT Enabled Services,IT - Services,Information Technology,Information Technology
EXICOM,Heavy Electrical Equipment,Electrical Equipment,Industrials,Capital Goods
EXIDEIND,Auto Components & Equipments,Auto Components,Consumer Discretionary,Automobile and Auto Components
EXPLEOSOL,IT Enabled Services,IT - Services,Information Technology,Information Technology
EXXARO,Ceramics,Consumer Durables,Consumer Discretionary,Consumer Durables
FABTECH,Medical Equipment & Supplies,Healthcare Equipment & Supplies,Healthcare,Healthcare
FACT,Fertilizers,Fertilizers & Agrochemicals,Commodities,Chemicals
FAZE3Q,Other Textile Products,Textiles & Apparels,Consumer Discretionary,Textiles
FCL,Specialty Chemicals,Chemicals & Petrochemicals,Commodities,Chemicals
FCSSOFT,IT Enabled Services,IT - Services,Information Technology,Information Technology
FDC,Pharmaceuticals,Pharmaceuticals & Biotechnology,Healthcare,Healthcare
FEDDERSHOL,Non Banking Financial Company (NBFC),Finance,Financial Services,Financial Services
FEDERALBNK,Private Sector Bank,Banks,Financial Services,Financial Services
FEDFINA,Non Banking Financial Company (NBFC),Finance,Financial Services,Financial Services
FERMENTA,Pharmaceuticals,Pharmaceuticals & Biotechnology,Healthcare,Healthcare
FIBERWEB,Other Textile Products,Textiles & Apparels,Consumer Discretionary,Textiles
FIEMIND,Auto Components & Equipments,Auto Components,Consumer Discretionary,Automobile and Auto Components
FILATEX,Other Textile Products,Textiles & Apparels,Consumer Discretionary,Textiles
FILATFASH,Garments & Apparels,Textiles & Apparels,Consumer Discretionary,Textiles
FINCABLES,Cables - Electricals,Industrial Products,Industrials,Capital Goods
FINEORG,Specialty Chemicals,Chemicals & Petrochemicals,Commodities,Chemicals
FINIETF,Mutual Fund Scheme,Capital Markets,Financial Services,Financial Services
FINKURVE,Non Banking Financial Company (NBFC),Finance,Financial Services,Financial Services
FINOPB,Other Bank,Banks,Financial Services,Financial Services
FINPIPE,Plastic Products - Industrial,Industrial Products,Industrials,Capital Goods
FIRSTCRY,E-Retail/ E-Commerce,Retailing,Consumer Discretionary,Consumer Services
FISCHER,Medical Equipment & Supplies,Healthcare Equipment & Supplies,Healthcare,Healthcare
FIVESTAR,Non Banking Financial Company (NBFC),Finance,Financial Services,Financial Services
FLAIR,Stationary,Household Products,Fast Moving Consumer Goods,Fast Moving Consumer Goods
FLEXIADD,Mutual Fund Scheme,Capital Markets,Financial Services,Financial Services
FLUOROCHEM,Specialty Chemicals,Chemicals & Petrochemicals,Commodities,Chemicals
FMCGADD,Mutual Fund Scheme,Capital Markets,Financial Services,Financial Services
FMCGIETF,Mutual Fund Scheme,Capital Markets,Financial Services,Financial Services
FMGOETZE,Auto Components & Equipments,Auto Components,Consumer Discretionary,Automobile and Auto Components
FMNL,Diversified Commercial Services,Commercial Services & Supplies,Services,Services
FOODSIN,Packaged Foods,Food Products,Fast Moving Consumer Goods,Fast Moving Consumer Goods
FORCEMOT,Passenger Cars & Utility Vehicles,Automobiles,Consumer Discretionary,Automobile and Auto Components
FORTIS,Hospital,Healthcare Services,Healthcare,Healthcare
FOSECOIND,Specialty Chemicals,Chemicals & Petrochemicals,Commodities,Chemicals
FRACTAL,Computers - Software & Consulting,IT - Software,Information Technology,Information Technology
FREDUN,Pharmaceuticals,Pharmaceuticals & Biotechnology,Healthcare,Healthcare
FRONTSP,Auto Components & Equipments,Auto Components,Consumer Discretionary,Automobile and Auto Components
FSL,Business Process Outsourcing (BPO)/ Knowledge Process Outsourcing (KPO),Commercial Services & Supplies,Services,Services
FUSION,Microfinance Institutions,Finance,Financial Services,Financial Services
GABRIEL,Auto Components & Equipments,Auto Components,Consumer Discretionary,Automobile and Auto Components
GAEL,Other Agricultural Products,Agricultural Food & other Products,Fast Moving Consumer Goods,Fast Moving Consumer Goods
GAIL,Gas Transmission/Marketing,Gas,Energy,Oil Gas & Consumable Fuels
GAJA,Asset Management Company,Capital Markets,Financial Services,Financial Services
GALAPREC,Industrial Products,Industrial Manufacturing,Industrials,Capital Goods
GALAXYSURF,Specialty Chemicals,Chemicals & Petrochemicals,Commodities,Chemicals
GALLANTT,Iron & Steel Products,Industrial Products,Industrials,Capital Goods
GANDHAR,Lubricants,Petroleum Products,Energy,Oil Gas & Consumable Fuels
GANDHITUBE,Iron & Steel Products,Industrial Products,Industrials,Capital Goods
GANECOS,Other Textile Products,Textiles & Apparels,Consumer Discretionary,Textiles
GANESHCP,Packaged Foods,Food Products,Fast Moving Consumer Goods,Fast Moving Consumer Goods
GANESHHOU,Residential Commercial Projects,Realty,Consumer Discretionary,Realty
GANGAFORGE,Castings & Forgings,Industrial Products,Industrials,Capital Goods
GANGESSECU,Tea & Coffee,Agricultural Food & other Products,Fast Moving Consumer Goods,Fast Moving Consumer Goods
GARFIBRES,Other Textile Products,Textiles & Apparels,Consumer Discretionary,Textiles
GARUDA,Residential Commercial Projects,Realty,Consumer Discretionary,Realty
GATEWAY,Logistics Solution Provider,Transport Services,Services,Services
GAUDIUMIVF,Healthcare Service Provider,Healthcare Services,Healthcare,Healthcare
GAYAHWS,Road Assets - Toll Annuity Hybrid-Annuity,Transport Infrastructure,Services,Services
GAYAPROJ,Civil Construction,Construction,Industrials,Construction
GCSL,Other Capital Market related Services,Capital Markets,Financial Services,Financial Services
GEEKAYWIRE,Iron & Steel Products,Industrial Products,Industrials,Capital Goods
GEMAROMA,Specialty Chemicals,Chemicals & Petrochemicals,Commodities,Chemicals
GENCON,Residential Commercial Projects,Realty,Consumer Discretionary,Realty
GENESYS,IT Enabled Services,IT - Services,Information Technology,Information Technology
GENSOL,Other Electrical Equipment,Electrical Equipment,Industrials,Capital Goods
GENUSPAPER,Paper & Paper Products,Paper Forest & Jute Products,Commodities,Forest Materials
GENUSPOWER,Other Electrical Equipment,Electrical Equipment,Industrials,Capital Goods
GEOJITFSL,Stockbroking & Allied,Capital Markets,Financial Services,Financial Services
GESHIP,Shipping,Transport Services,Services,Services
GFLLIMITED,Holding Company,Finance,Financial Services,Financial Services
GHCL,Commodity Chemicals,Chemicals & Petrochemicals,Commodities,Chemicals
GHCLTEXTIL,Other Textile Products,Textiles & Apparels,Consumer Discretionary,Textiles
GICHSGFIN,Housing Finance Company,Finance,Financial Services,Financial Services
GICRE,General Insurance,Insurance,Financial Services,Financial Services
GILLANDERS,Diversified,Diversified,Diversified,Diversified
GILLETTE,Personal Care,Personal Products,Fast Moving Consumer Goods,Fast Moving Consumer Goods
GILT10BETA,Mutual Fund Scheme,Capital Markets,Financial Services,Financial Services
GILT5BETA,Mutual Fund Scheme,Capital Markets,Financial Services,Financial Services
GILT5YBEES,Mutual Fund Scheme,Capital Markets,Financial Services,Financial Services
GIPCL,Power Generation,Power,Utilities,Power
GKB,Medical Equipment & Supplies,Healthcare Equipment & Supplies,Healthcare,Healthcare
GKENERGY,Civil Construction,Construction,Industrials,Construction
GKSL,Hospital,Healthcare Services,Healthcare,Healthcare
GKWLIMITED,Investment Company,Finance,Financial Services,Financial Services
GLAND,Pharmaceuticals,Pharmaceuticals & Biotechnology,Healthcare,Healthcare
GLASSWALL,Other Construction Materials,Other Construction Materials,Commodities,Construction Materials
GLAXO,Pharmaceuticals,Pharmaceuticals & Biotechnology,Healthcare,Healthcare
GLENMARK,Pharmaceuticals,Pharmaceuticals & Biotechnology,Healthcare,Healthcare
GLFL,Other Financial Services,Finance,Financial Services,Financial Services
GLOBAL,Education,Other Consumer Services,Consumer Discretionary,Consumer Services
GLOBALE,Trading - Textile Products,Textiles & Apparels,Consumer Discretionary,Textiles
GLOBALVECT,Airline,Transport Services,Services,Services
GLOBE,Other Textile Products,Textiles & Apparels,Consumer Discretionary,Textiles
GLOBECIVIL,Civil Construction,Construction,Industrials,Construction
GLOBUSSPR,Breweries & Distilleries,Beverages,Fast Moving Consumer Goods,Fast Moving Consumer Goods
GLOSTERLTD,Jute & Jute Products,Paper Forest & Jute Products,Commodities,Forest Materials
GLOTTIS,Logistics Solution Provider,Transport Services,Services,Services
GMBREW,Breweries & Distilleries,Beverages,Fast Moving Consumer Goods,Fast Moving Consumer Goods
GMDCLTD,Industrial Minerals,Minerals & Mining,Commodities,Metals & Mining
GMMPFAUDLR,Industrial Products,Industrial Manufacturing,Industrials,Capital Goods
GMRAIRPORT,Airport & Airport services,Transport Infrastructure,Services,Services
GNA,Auto Components & Equipments,Auto Components,Consumer Discretionary,Automobile and Auto Components
GNFC,Commodity Chemicals,Chemicals & Petrochemicals,Commodities,Chemicals
GNRL,Oil Exploration & Production,Oil,Energy,Oil Gas & Consumable Fuels
GOACARBON,Industrial Minerals,Minerals & Mining,Commodities,Metals & Mining
GOCLCORP,Explosives,Chemicals & Petrochemicals,Commodities,Chemicals
GOCOLORS,Speciality Retail,Retailing,Consumer Discretionary,Consumer Services
GODAVARIB,Diversified FMCG,Diversified FMCG,Fast Moving Consumer Goods,Fast Moving Consumer Goods
GODFRYPHLP,Cigarettes & Tobacco Products,Cigarettes & Tobacco Products,Fast Moving Consumer Goods,Fast Moving Consumer Goods
GODIGIT,General Insurance,Insurance,Financial Services,Financial Services
GODREJAGRO,Animal Feed,Food Products,Fast Moving Consumer Goods,Fast Moving Consumer Goods
GODREJCP,Personal Care,Personal Products,Fast Moving Consumer Goods,Fast Moving Consumer Goods
GODREJIND,Diversified,Diversified,Diversified,Diversified
GODREJPROP,Residential Commercial Projects,Realty,Consumer Discretionary,Realty
GOKEX,Garments & Apparels,Textiles & Apparels,Consumer Discretionary,Textiles
GOKUL,Edible Oil,Agricultural Food & other Products,Fast Moving Consumer Goods,Fast Moving Consumer Goods
GOKULAGRO,Edible Oil,Agricultural Food & other Products,Fast Moving Consumer Goods,Fast Moving Consumer Goods
GOLD1,Mutual Fund Scheme,Capital Markets,Financial Services,Financial Services
GOLD360,Mutual Fund Scheme,Capital Markets,Financial Services,Financial Services
GOLDADD,Mutual Fund Scheme,Capital Markets,Financial Services,Financial Services
GOLDAXIS,Mutual Fund Scheme,Capital Markets,Financial Services,Financial Services
GOLDBEES,Mutual Fund Scheme,Capital Markets,Financial Services,Financial Services
GOLDBETA,Mutual Fund Scheme,Capital Markets,Financial Services,Financial Services
GOLDBND,Mutual Fund Scheme,Capital Markets,Financial Services,Financial Services
GOLDCASE,Mutual Fund Scheme,Capital Markets,Financial Services,Financial Services
GOLDETF,Mutual Fund Scheme,Capital Markets,Financial Services,Financial Services
GOLDIAM,Gems Jewellery And Watches,Consumer Durables,Consumer Discretionary,Consumer Durables
GOODLUCK,Iron & Steel Products,Industrial Products,Industrials,Capital Goods
GOODYEAR,Tyres & Rubber Products,Auto Components,Consumer Discretionary,Automobile and Auto Components
GOPAL,Packaged Foods,Food Products,Fast Moving Consumer Goods,Fast Moving Consumer Goods
GOYALALUM,Trading & Distributors,Commercial Services & Supplies,Services,Services
GPIL,Iron & Steel Products,Industrial Products,Industrials,Capital Goods
GPPL,Port & Port services,Transport Infrastructure,Services,Services
GPTHEALTH,Hospital,Healthcare Services,Healthcare,Healthcare
GPTINFRA,Civil Construction,Construction,Industrials,Construction
GRANDOAK,Non Banking Financial Company (NBFC),Finance,Financial Services,Financial Services
GRANULES,Pharmaceuticals,Pharmaceuticals & Biotechnology,Healthcare,Healthcare
GRAPHITE,Electrodes & Refractories,Industrial Products,Industrials,Capital Goods
GRASIM,Cement & Cement Products,Cement & Cement Products,Commodities,Construction Materials
GRAUWEIL,Commodity Chemicals,Chemicals & Petrochemicals,Commodities,Chemicals
GRAVITA,Industrial Minerals,Minerals & Mining,Commodities,Metals & Mining
GREAVESCOT,Compressors Pumps & Diesel Engines,Industrial Products,Industrials,Capital Goods
GREENLAM,Plywood Boards/ Laminates,Consumer Durables,Consumer Discretionary,Consumer Durables
GREENPANEL,Plywood Boards/ Laminates,Consumer Durables,Consumer Discretionary,Consumer Durables
GREENPLY,Plywood Boards/ Laminates,Consumer Durables,Consumer Discretionary,Consumer Durables
GREENPOWER,Power Generation,Power,Utilities,Power
GRINDWELL,Abrasives & Bearings,Industrial Products,Industrials,Capital Goods
GRINFRA,Civil Construction,Construction,Industrials,Construction
GRMOVER,Other Agricultural Products,Agricultural Food & other Products,Fast Moving Consumer Goods,Fast Moving Consumer Goods
GROBTEA,Tea & Coffee,Agricultural Food & other Products,Fast Moving Consumer Goods,Fast Moving Consumer Goods
GROWW,Stockbroking & Allied,Capital Markets,Financial Services,Financial Services
GROWWCAPM,Mutual Fund Scheme,Capital Markets,Financial Services,Financial Services
GROWWCHEM,Mutual Fund Scheme,Capital Markets,Financial Services,Financial Services
GROWWDEFNC,Mutual Fund Scheme,Capital Markets,Financial Services,Financial Services
GROWWEV,Mutual Fund Scheme,Capital Markets,Financial Services,Financial Services
GROWWGOLD,Mutual Fund Scheme,Capital Markets,Financial Services,Financial Services
GROWWHOSPI,Mutual Fund Scheme,Capital Markets,Financial Services,Financial Services
GROWWLIQID,Mutual Fund Scheme,Capital Markets,Financial Services,Financial Services
GROWWLOVOL,Mutual Fund Scheme,Capital Markets,Financial Services,Financial Services
GROWWMC150,Mutual Fund Scheme,Capital Markets,Financial Services,Financial Services
GROWWMETAL,Mutual Fund Scheme,Capital Markets,Financial Services,Financial Services
GROWWMOM50,Mutual Fund Scheme,Capital Markets,Financial Services,Financial Services
GROWWN200,Mutual Fund Scheme,Capital Markets,Financial Services,Financial Services
GROWWNET,Mutual Fund Scheme,Capital Markets,Financial Services,Financial Services
GROWWNIFTY,Mutual Fund Scheme,Capital Markets,Financial Services,Financial Services
GROWWNXT50,Mutual Fund Scheme,Capital Markets,Financial Services,Financial Services
GROWWPOWER,Mutual Fund Scheme,Capital Markets,Financial Services,Financial Services
GROWWPSE,Mutual Fund Scheme,Capital Markets,Financial Services,Financial Services
GROWWPSUBK,Mutual Fund Scheme,Capital Markets,Financial Services,Financial Services
GROWWRAIL,Mutual Fund Scheme,Capital Markets,Financial Services,Financial Services
GROWWRLTY,Mutual Fund Scheme,Capital Markets,Financial Services,Financial Services
GROWWSC250,Mutual Fund Scheme,Capital Markets,Financial Services,Financial Services
GROWWSLVR,Mutual Fund Scheme,Capital Markets,Financial Services,Financial Services
GRPLTD,Rubber,Industrial Products,Industrials,Capital Goods
GRSE,Aerospace & Defense,Aerospace & Defense,Industrials,Capital Goods
GRWRHITECH,Plastic Products - Industrial,Industrial Products,Industrials,Capital Goods
GSEC10IETF,Mutual Fund Scheme,Capital Markets,Financial Services,Financial Services
GSEC10YEAR,Mutual Fund Scheme,Capital Markets,Financial Services,Financial Services
GSEC5IETF,Mutual Fund Scheme,Capital Markets,Financial Services,Financial Services
GSFC,Fertilizers,Fertilizers & Agrochemicals,Commodities,Chemicals
GSLSU,Granites & Marbles,Consumer Durables,Consumer Discretionary,Consumer Durables
GSPCROP,Pesticides & Agrochemicals,Fertilizers & Agrochemicals,Commodities,Chemicals
GSS,IT Enabled Services,IT - Services,Information Technology,Information Technology
GTECJAINX,E-Learning,Other Consumer Services,Consumer Discretionary,Consumer Services
GTL,Other Telecom Services,Telecom - Services,Telecommunication,Telecommunication
GTLINFRA,Telecom - Infrastructure,Telecom - Services,Telecommunication,Telecommunication
GTPL,TV Broadcasting & Software Production,Entertainment,Consumer Discretionary,Media Entertainment & Publication
GUFICBIO,Pharmaceuticals,Pharmaceuticals & Biotechnology,Healthcare,Healthcare
GUJALKALI,Commodity Chemicals,Chemicals & Petrochemicals,Commodities,Chemicals
GUJAPOLLO,Industrial Products,Industrial Manufacturing,Industrials,Capital Goods
GUJENERGY,LPG/CNG/PNG/LNG Supplier,Gas,Energy,Oil Gas & Consumable Fuels
GUJRAFFIA,Packaging,Industrial Products,Industrials,Capital Goods
GUJTHEM,Pharmaceuticals,Pharmaceuticals & Biotechnology,Healthcare,Healthcare
GULFOILLUB,Lubricants,Petroleum Products,Energy,Oil Gas & Consumable Fuels
GULPOLY,Other Agricultural Products,Agricultural Food & other Products,Fast Moving Consumer Goods,Fast Moving Consumer Goods
GVPIL,Heavy Electrical Equipment,Electrical Equipment,Industrials,Capital Goods
GYFTR,Other Financial Services,Finance,Financial Services,Financial Services
HAL,Aerospace & Defense,Aerospace & Defense,Industrials,Capital Goods
HALDER,Edible Oil,Agricultural Food & other Products,Fast Moving Consumer Goods,Fast Moving Consumer Goods
HALEOSLABS,Pharmaceuticals,Pharmaceuticals & Biotechnology,Healthcare,Healthcare
HAMPTON,Residential Commercial Projects,Realty,Consumer Discretionary,Realty
HAPPSTMNDS,Computers - Software & Consulting,IT - Software,Information Technology,Information Technology
HAPPYFORGE,Castings & Forgings,Industrial Products,Industrials,Capital Goods
HARDWYN,Furniture Home Furnishing,Consumer Durables,Consumer Discretionary,Consumer Durables
HARIOMPIPE,Iron & Steel Products,Industrial Products,Industrials,Capital Goods
HARRMALAYA,Rubber,Industrial Products,Industrials,Capital Goods
HARSHA,Other Industrial Products,Industrial Products,Industrials,Capital Goods
HATHWAY,TV Broadcasting & Software Production,Entertainment,Consumer Discretionary,Media Entertainment & Publication
HATSUN,Dairy Products,Food Products,Fast Moving Consumer Goods,Fast Moving Consumer Goods
HAVELLS,Consumer Electronics,Consumer Durables,Consumer Discretionary,Consumer Durables
HAVISHA,Hotels & Resorts,Leisure Services,Consumer Discretionary,Consumer Services
HAWKINCOOK,Houseware,Consumer Durables,Consumer Discretionary,Consumer Durables
HAZOOR,Civil Construction,Construction,Industrials,Construction
HBESD,Residential Commercial Projects,Realty,Consumer Discretionary,Realty
HBLENGINE,Other Industrial Products,Industrial Products,Industrials,Capital Goods
HBPOR,Other Financial Services,Finance,Financial Services,Financial Services
HBSL,Non Banking Financial Company (NBFC),Finance,Financial Services,Financial Services
HCC,Civil Construction,Construction,Industrials,Construction
HCG,Hospital,Healthcare Services,Healthcare,Healthcare
HCL-INSYS,Computers Hardware & Equipments,IT - Hardware,Information Technology,Information Technology
HCLTECH,Computers - Software & Consulting,IT - Software,Information Technology,Information Technology
HDBFS,Non Banking Financial Company (NBFC),Finance,Financial Services,Financial Services
HDFCAMC,Asset Management Company,Capital Markets,Financial Services,Financial Services
HDFCBANK,Private Sector Bank,Banks,Financial Services,Financial Services
HDFCBSE500,Mutual Fund Scheme,Capital Markets,Financial Services,Financial Services
HDFCGOLD,Mutual Fund Scheme,Capital Markets,Financial Services,Financial Services
HDFCGROWTH,Mutual Fund Scheme,Capital Markets,Financial Services,Financial Services
HDFCLIFE,Life Insurance,Insurance,Financial Services,Financial Services
HDFCLIQUID,Mutual Fund Scheme,Capital Markets,Financial Services,Financial Services
HDFCLOWVOL,Mutual Fund Scheme,Capital Markets,Financial Services,Financial Services
HDFCMID150,Mutual Fund Scheme,Capital Markets,Financial Services,Financial Services
HDFCMOMENT,Mutual Fund Scheme,Capital Markets,Financial Services,Financial Services
HDFCNEXT50,Mutual Fund Scheme,Capital Markets,Financial Services,Financial Services
HDFCNIF100,Mutual Fund Scheme,Capital Markets,Financial Services,Financial Services
HDFCNIFBAN,Mutual Fund Scheme,Capital Markets,Financial Services,Financial Services
HDFCNIFIT,Mutual Fund Scheme,Capital Markets,Financial Services,Financial Services
HDFCNIFTY,Mutual Fund Scheme,Capital Markets,Financial Services,Financial Services
HDFCNIMEG,Mutual Fund Scheme,Capital Markets,Financial Services,Financial Services
HDFCPSUBK,Mutual Fund Scheme,Capital Markets,Financial Services,Financial Services
HDFCPVTBAN,Mutual Fund Scheme,Capital Markets,Financial Services,Financial Services
HDFCQUAL,Mutual Fund Scheme,Capital Markets,Financial Services,Financial Services
HDFCSENSEX,Mutual Fund Scheme,Capital Markets,Financial Services,Financial Services
HDFCSILVER,Mutual Fund Scheme,Capital Markets,Financial Services,Financial Services
HDFCSML250,Mutual Fund Scheme,Capital Markets,Financial Services,Financial Services
HDFCVALUE,Mutual Fund Scheme,Capital Markets,Financial Services,Financial Services
HEADSUP,Garments & Apparels,Textiles & Apparels,Consumer Discretionary,Textiles
HEALTHADD,Mutual Fund Scheme,Capital Markets,Financial Services,Financial Services
HEALTHAXIS,Mutual Fund Scheme,Capital Markets,Financial Services,Financial Services
HEALTHCARE,Mutual Fund Scheme,Capital Markets,Financial Services,Financial Services
HEALTHIETF,Mutual Fund Scheme,Capital Markets,Financial Services,Financial Services
HEALTHX,Healthcare Service Provider,Healthcare Services,Healthcare,Healthcare
HEALTHY,Mutual Fund Scheme,Capital Markets,Financial Services,Financial Services
HECPROJECT,Civil Construction,Construction,Industrials,Construction
HEIDELBERG,Cement & Cement Products,Cement & Cement Products,Commodities,Construction Materials
HEMIPROP,Diversified Commercial Services,Commercial Services & Supplies,Services,Services
HERANBA,Pesticides & Agrochemicals,Fertilizers & Agrochemicals,Commodities,Chemicals
HERITGFOOD,Dairy Products,Food Products,Fast Moving Consumer Goods,Fast Moving Consumer Goods
HEROMOTOCO,2/3 Wheelers,Automobiles,Consumer Discretionary,Automobile and Auto Components
HESTERBIO,Pharmaceuticals,Pharmaceuticals & Biotechnology,Healthcare,Healthcare
HEXATRADEX,Investment Company,Finance,Financial Services,Financial Services
HEXT,Computers - Software & Consulting,IT - Software,Information Technology,Information Technology
HGINFRA,Civil Construction,Construction,Industrials,Construction
HGM,IT Enabled Services,IT - Services,Information Technology,Information Technology
HGS,Business Process Outsourcing (BPO)/ Knowledge Process Outsourcing (KPO),Commercial Services & Supplies,Services,Services
HIKAL,Pharmaceuticals,Pharmaceuticals & Biotechnology,Healthcare,Healthcare
HILINFRA,Road Assets - Toll Annuity Hybrid-Annuity,Transport Infrastructure,Services,Services
HILTON,Castings & Forgings,Industrial Products,Industrials,Capital Goods
HIMATSEIDE,Other Textile Products,Textiles & Apparels,Consumer Discretionary,Textiles
HINDADH,Plastic Products - Industrial,Industrial Products,Industrials,Capital Goods
HINDALCO,Aluminium,Non - Ferrous Metals,Commodities,Metals & Mining
HINDALUMI,Aluminium,Non - Ferrous Metals,Commodities,Metals & Mining
HINDCOMPOS,Auto Components & Equipments,Auto Components,Consumer Discretionary,Automobile and Auto Components
HINDCON,Specialty Chemicals,Chemicals & Petrochemicals,Commodities,Chemicals
HINDCOPPER,Copper,Non - Ferrous Metals,Commodities,Metals & Mining
HINDOILEXP,Oil Exploration & Production,Oil,Energy,Oil Gas & Consumable Fuels
HINDPETRO,Refineries & Marketing,Petroleum Products,Energy,Oil Gas & Consumable Fuels
HINDUNILVR,Diversified FMCG,Diversified FMCG,Fast Moving Consumer Goods,Fast Moving Consumer Goods
HINDWAREAP,Sanitary Ware,Consumer Durables,Consumer Discretionary,Consumer Durables
HINDZINC,Zinc,Non - Ferrous Metals,Commodities,Metals & Mining
HIRECT,Industrial Products,Industrial Manufacturing,Industrials,Capital Goods
HISARMETAL,Iron & Steel Products,Industrial Products,Industrials,Capital Goods
HITECH,Iron & Steel Products,Industrial Products,Industrials,Capital Goods
HLEGLAS,Industrial Products,Industrial Manufacturing,Industrials,Capital Goods
HLVLTD,Hotels & Resorts,Leisure Services,Consumer Discretionary,Consumer Services
HMAAGRO,Meat Products including Poultry,Food Products,Fast Moving Consumer Goods,Fast Moving Consumer Goods
HNDFDS,Diversified FMCG,Diversified FMCG,Fast Moving Consumer Goods,Fast Moving Consumer Goods
HOMEFIRST,Housing Finance Company,Finance,Financial Services,Financial Services
HONASA,Personal Care,Personal Products,Fast Moving Consumer Goods,Fast Moving Consumer Goods
HONAUT,Industrial Products,Industrial Manufacturing,Industrials,Capital Goods
HONDAPOWER,Industrial Products,Industrial Manufacturing,Industrials,Capital Goods
HORIZONIND,Residential Commercial Projects,Realty,Consumer Discretionary,Realty
HPAL,Specialty Chemicals,Chemicals & Petrochemicals,Commodities,Chemicals
HPIL,Dyes And Pigments,Chemicals & Petrochemicals,Commodities,Chemicals
HPL,Industrial Products,Industrial Manufacturing,Industrials,Capital Goods
HRYNSHP,Ship Building & Allied Services,Industrial Manufacturing,Industrials,Capital Goods
HSBCGOLD,Mutual Fund Scheme,Capital Markets,Financial Services,Financial Services
HSCL,Carbon Black,Chemicals & Petrochemicals,Commodities,Chemicals
HTEL,Other Industrial Products,Industrial Products,Industrials,Capital Goods
HTMEDIA,Print Media,Media,Consumer Discretionary,Media Entertainment & Publication
HUBTOWN,Residential Commercial Projects,Realty,Consumer Discretionary,Realty
HUDCO,Financial Institution,Finance,Financial Services,Financial Services
HUHTAMAKI,Packaging,Industrial Products,Industrials,Capital Goods
HYBRIDETF,Mutual Fund Scheme,Capital Markets,Financial Services,Financial Services
HYUNDAI,Passenger Cars & Utility Vehicles,Automobiles,Consumer Discretionary,Automobile and Auto Components
IBULLSLTD,Diversified Commercial Services,Commercial Services & Supplies,Services,Services
ICEMAKE,Industrial Products,Industrial Manufacturing,Industrials,Capital Goods
ICICIAMC,Asset Management Company,Capital Markets,Financial Services,Financial Services
ICICIBANK,Private Sector Bank,Banks,Financial Services,Financial Services
ICICIGI,General Insurance,Insurance,Financial Services,Financial Services
ICICIPRULI,Life Insurance,Insurance,Financial Services,Financial Services
ICIL,Other Textile Products,Textiles & Apparels,Consumer Discretionary,Textiles
ICRA,Ratings,Capital Markets,Financial Services,Financial Services
IDBI,Private Sector Bank,Banks,Financial Services,Financial Services
IDEA,Telecom - Cellular & Fixed line services,Telecom - Services,Telecommunication,Telecommunication
IDEAFORGE,Aerospace & Defense,Aerospace & Defense,Industrials,Capital Goods
IDFCFIRSTB,Private Sector Bank,Banks,Financial Services,Financial Services
IDFNIFTYET,Mutual Fund Scheme,Capital Markets,Financial Services,Financial Services
IEX,Exchange and Data Platform,Capital Markets,Financial Services,Financial Services
IFBAGRO,Breweries & Distilleries,Beverages,Fast Moving Consumer Goods,Fast Moving Consumer Goods
IFBIND,Household Appliances,Consumer Durables,Consumer Discretionary,Consumer Durables
IFCI,Financial Institution,Finance,Financial Services,Financial Services
IFGLEXPOR,Electrodes & Refractories,Industrial Products,Industrials,Capital Goods
IGARASHI,Auto Components & Equipments,Auto Components,Consumer Discretionary,Automobile and Auto Components
IGCL,Pesticides & Agrochemicals,Fertilizers & Agrochemicals,Commodities,Chemicals
IGIL,Diversified Commercial Services,Commercial Services & Supplies,Services,Services
IGL,LPG/CNG/PNG/LNG Supplier,Gas,Energy,Oil Gas & Consumable Fuels
IGPL,Commodity Chemicals,Chemicals & Petrochemicals,Commodities,Chemicals
IIFL,Non Banking Financial Company (NBFC),Finance,Financial Services,Financial Services
IIFLCAPS,Stockbroking & Allied,Capital Markets,Financial Services,Financial Services
IITL,Investment Company,Finance,Financial Services,Financial Services
IKIO,Consumer Electronics,Consumer Durables,Consumer Discretionary,Consumer Durables
IKS,IT Enabled Services,IT - Services,Information Technology,Information Technology
IMAGICAA,Amusement Parks/ Other Recreation,Leisure Services,Consumer Discretionary,Consumer Services
IMFA,Ferro & Silica Manganese,Ferrous Metals,Commodities,Metals & Mining
IMPAL,Trading - Auto Components,Auto Components,Consumer Discretionary,Automobile and Auto Components
INA,Other Electrical Equipment,Electrical Equipment,Industrials,Capital Goods
INCREDIBLE,Iron & Steel Products,Industrial Products,Industrials,Capital Goods
INDBANK,Stockbroking & Allied,Capital Markets,Financial Services,Financial Services
INDGN,Healthcare Research Analytics & Technology,Healthcare Services,Healthcare,Healthcare
INDHOTEL,Hotels & Resorts,Leisure Services,Consumer Discretionary,Consumer Services
INDIACEM,Cement & Cement Products,Cement & Cement Products,Commodities,Construction Materials
INDIAGLYCO,Breweries & Distilleries,Beverages,Fast Moving Consumer Goods,Fast Moving Consumer Goods
INDIAMART,Internet & Catalogue Retail,Retailing,Consumer Discretionary,Consumer Services
INDIANB,Public Sector Bank,Banks,Financial Services,Financial Services
INDIANCARD,Other Textile Products,Textiles & Apparels,Consumer Discretionary,Textiles
INDIANHUME,Civil Construction,Construction,Industrials,Construction
INDIASHLTR,Housing Finance Company,Finance,Financial Services,Financial Services
INDIGO,Airline,Transport Services,Services,Services
INDIGOPNTS,Paints,Consumer Durables,Consumer Discretionary,Consumer Durables
INDIQUBE,Diversified Commercial Services,Commercial Services & Supplies,Services,Services
INDNIPPON,Auto Components & Equipments,Auto Components,Consumer Discretionary,Automobile and Auto Components
INDOBORAX,Commodity Chemicals,Chemicals & Petrochemicals,Commodities,Chemicals
INDOCO,Pharmaceuticals,Pharmaceuticals & Biotechnology,Healthcare,Healthcare
INDOFARM,Construction Vehicles,Agricultural Commercial & Construction Vehicles,Industrials,Capital Goods
INDOKEM,Specialty Chemicals,Chemicals & Petrochemicals,Commodities,Chemicals
INDOMIM,Industrial Products,Industrial Manufacturing,Industrials,Capital Goods
INDORAMA,Other Textile Products,Textiles & Apparels,Consumer Discretionary,Textiles
INDOSTAR,Non Banking Financial Company (NBFC),Finance,Financial Services,Financial Services
INDOTECH,Heavy Electrical Equipment,Electrical Equipment,Industrials,Capital Goods
INDOTHAI,Stockbroking & Allied,Capital Markets,Financial Services,Financial Services
INDOUS,Other Agricultural Products,Agricultural Food & other Products,Fast Moving Consumer Goods,Fast Moving Consumer Goods
INDOWIND,Power Generation,Power,Utilities,Power
INDPRUD,Investment Company,Finance,Financial Services,Financial Services
INDRAMEDCO,Hospital,Healthcare Services,Healthcare,Healthcare
INDSWFTLAB,Pharmaceuticals,Pharmaceuticals & Biotechnology,Healthcare,Healthcare
INDTERRAIN,Garments & Apparels,Textiles & Apparels,Consumer Discretionary,Textiles
INDUSINDBK,Private Sector Bank,Banks,Financial Services,Financial Services
INDUSTOWER,Telecom - Infrastructure,Telecom - Services,Telecommunication,Telecommunication
INFOBEAN,Computers - Software & Consulting,IT - Software,Information Technology,Information Technology
INFOMEDIA,Printing & Publication,Printing & Publication,Consumer Discretionary,Media Entertainment & Publication
INFRA,Mutual Fund Scheme,Capital Markets,Financial Services,Financial Services
INFRABEES,Mutual Fund Scheme,Capital Markets,Financial Services,Financial Services
INFRAIETF,Mutual Fund Scheme,Capital Markets,Financial Services,Financial Services
INFY,Computers - Software & Consulting,IT - Software,Information Technology,Information Technology
INGERRAND,Compressors Pumps & Diesel Engines,Industrial Products,Industrials,Capital Goods
INNOVACAP,Pharmaceuticals,Pharmaceuticals & Biotechnology,Healthcare,Healthcare
INNOVANA,Computers - Software & Consulting,IT - Software,Information Technology,Information Technology
INNOVISION,Road Assets - Toll Annuity Hybrid-Annuity,Transport Infrastructure,Services,Services
INOXGREEN,Diversified Commercial Services,Commercial Services & Supplies,Services,Services
INOXINDIA,Other Industrial Products,Industrial Products,Industrials,Capital Goods
INOXWIND,Heavy Electrical Equipment,Electrical Equipment,Industrials,Capital Goods
INSECTICID,Pesticides & Agrochemicals,Fertilizers & Agrochemicals,Commodities,Chemicals
INSPIRISYS,IT Enabled Services,IT - Services,Information Technology,Information Technology
INSUREIETF,Mutual Fund Scheme,Capital Markets,Financial Services,Financial Services
INTELLECT,Computers - Software & Consulting,IT - Software,Information Technology,Information Technology
INTENTECH,IT Enabled Services,IT - Services,Information Technology,Information Technology
INTERARCH,Civil Construction,Construction,Industrials,Construction
INTERNET,Mutual Fund Scheme,Capital Markets,Financial Services,Financial Services
INTLCONV,Industrial Products,Industrial Manufacturing,Industrials,Capital Goods
INVENTURE,Stockbroking & Allied,Capital Markets,Financial Services,Financial Services
IOB,Public Sector Bank,Banks,Financial Services,Financial Services
IOC,Refineries & Marketing,Petroleum Products,Energy,Oil Gas & Consumable Fuels
IOLCP,Pharmaceuticals,Pharmaceuticals & Biotechnology,Healthcare,Healthcare
IONEXCHANG,Water Supply & Management,Other Utilities,Utilities,Utilities
IPCALAB,Pharmaceuticals,Pharmaceuticals & Biotechnology,Healthcare,Healthcare
IPL,Pesticides & Agrochemicals,Fertilizers & Agrochemicals,Commodities,Chemicals
IPRINGLTD,AUTO ANCILLARIES,AUTO ANCILLARIES,MANUFACTURING,AUTOMOBILE
IRB,Civil Construction,Construction,Industrials,Construction
IRCON,Civil Construction,Construction,Industrials,Construction
IRCTC,Tour Travel Related Services,Leisure Services,Consumer Discretionary,Consumer Services
IREDA,Financial Institution,Finance,Financial Services,Financial Services
IRFC,Financial Institution,Finance,Financial Services,Financial Services
IRIS,Software Products,IT - Software,Information Technology,Information Technology
IRISDOREME,Garments & Apparels,Textiles & Apparels,Consumer Discretionary,Textiles
IRMENERGY,LPG/CNG/PNG/LNG Supplier,Gas,Energy,Oil Gas & Consumable Fuels
ISFT,E-Retail/ E-Commerce,Retailing,Consumer Discretionary,Consumer Services
ISGEC,Civil Construction,Construction,Industrials,Construction
ISHANCH,Specialty Chemicals,Chemicals & Petrochemicals,Commodities,Chemicals
ISTLTD,Auto Components & Equipments,Auto Components,Consumer Discretionary,Automobile and Auto Components
IT,Mutual Fund Scheme,Capital Markets,Financial Services,Financial Services
ITADD,Mutual Fund Scheme,Capital Markets,Financial Services,Financial Services
ITAXIS,Mutual Fund Scheme,Capital Markets,Financial Services,Financial Services
ITBEES,Mutual Fund Scheme,Capital Markets,Financial Services,Financial Services
ITBETA,Mutual Fund Scheme,Capital Markets,Financial Services,Financial Services
ITC,Diversified FMCG,Diversified FMCG,Fast Moving Consumer Goods,Fast Moving Consumer Goods
ITCHOTELS,Hotels & Resorts,Leisure Services,Consumer Discretionary,Consumer Services
ITDC,Hotels & Resorts,Leisure Services,Consumer Discretionary,Consumer Services
ITETF,Mutual Fund Scheme,Capital Markets,Financial Services,Financial Services
ITI,Telecom - Equipment & Accessories,Telecom - Equipment & Accessories,Telecommunication,Telecommunication
ITIETF,Mutual Fund Scheme,Capital Markets,Financial Services,Financial Services
ITL,Industrial Products,Industrial Manufacturing,Industrials,Capital Goods
IVALUE,Computers Hardware & Equipments,IT - Hardware,Information Technology,Information Technology
IVC,Asset Management Company,Capital Markets,Financial Services,Financial Services
IVZBANKNF,Mutual Fund Scheme,Capital Markets,Financial Services,Financial Services
IVZINGOLD,Mutual Fund Scheme,Capital Markets,Financial Services,Financial Services
IVZINNIFTY,Mutual Fund Scheme,Capital Markets,Financial Services,Financial Services
IVZSENSEX,Mutual Fund Scheme,Capital Markets,Financial Services,Financial Services
IWP,Forest Products,Paper Forest & Jute Products,Commodities,Forest Materials
IXIGO,Tour Travel Related Services,Leisure Services,Consumer Discretionary,Consumer Services
IZMO,IT Enabled Services,IT - Services,Information Technology,Information Technology
JAGRAN,Print Media,Media,Consumer Discretionary,Media Entertainment & Publication
JAGSNPHARM,Pharmaceuticals,Pharmaceuticals & Biotechnology,Healthcare,Healthcare
JAIBALAJI,Iron & Steel,Ferrous Metals,Commodities,Metals & Mining
JAICORPLTD,Plastic Products - Industrial,Industrial Products,Industrials,Capital Goods
JAINREC,Diversified Metals,Diversified Metals,Commodities,Metals & Mining
JAIPURKURT,Garments & Apparels,Textiles & Apparels,Consumer Discretionary,Textiles
JAMNAAUTO,Auto Components & Equipments,Auto Components,Consumer Discretionary,Automobile and Auto Components
JARO,E-Learning,Other Consumer Services,Consumer Discretionary,Consumer Services
JASH,Industrial Products,Industrial Manufacturing,Industrials,Capital Goods
JAYAGROGN,Specialty Chemicals,Chemicals & Petrochemicals,Commodities,Chemicals
JAYBARMARU,Auto Components & Equipments,Auto Components,Consumer Discretionary,Automobile and Auto Components
JAYKAY,Aerospace & Defense,Aerospace & Defense,Industrials,Capital Goods
JAYNECOIND,Iron & Steel Products,Industrial Products,Industrials,Capital Goods
JAYSREETEA,Tea & Coffee,Agricultural Food & other Products,Fast Moving Consumer Goods,Fast Moving Consumer Goods
JBMA,Auto Components & Equipments,Auto Components,Consumer Discretionary,Automobile and Auto Components
JENBURPH,Pharmaceuticals,Pharmaceuticals & Biotechnology,Healthcare,Healthcare
JETFREIGHT,Logistics Solution Provider,Transport Services,Services,Services
JGCHEM,Commodity Chemicals,Chemicals & Petrochemicals,Commodities,Chemicals
JHS,Personal Care,Personal Products,Fast Moving Consumer Goods,Fast Moving Consumer Goods
JINDALPHOT,Investment Company,Finance,Financial Services,Financial Services
JINDALPOLY,Packaging,Industrial Products,Industrials,Capital Goods
JINDALSAW,Iron & Steel Products,Industrial Products,Industrials,Capital Goods
JINDALSTEL,Iron & Steel,Ferrous Metals,Commodities,Metals & Mining
JINDRILL,Offshore Support Solution Drilling,Oil,Energy,Oil Gas & Consumable Fuels
JINDWORLD,Other Textile Products,Textiles & Apparels,Consumer Discretionary,Textiles
JIOFIN,Investment Company,Finance,Financial Services,Financial Services
JISLDVREQS,Plastic Products - Industrial,Industrial Products,Industrials,Capital Goods
JISLJALEQS,Plastic Products - Industrial,Industrial Products,Industrials,Capital Goods
JITFINFRA,Water Supply & Management,Other Utilities,Utilities,Utilities
JKCEMENT,Cement & Cement Products,Cement & Cement Products,Commodities,Construction Materials
JKIL,Civil Construction,Construction,Industrials,Construction
JKIPL,Dealers���Commercial Vehicles Tractors Construction Vehicles,Agricultural Commercial & Construction Vehicles,Industrials,Capital Goods
JKLAKSHMI,Cement & Cement Products,Cement & Cement Products,Commodities,Construction Materials
JKPAPER,Paper & Paper Products,Paper Forest & Jute Products,Commodities,Forest Materials
JKTYRE,Tyres & Rubber Products,Auto Components,Consumer Discretionary,Automobile and Auto Components
JLHL,Hospital,Healthcare Services,Healthcare,Healthcare
JMA,Trading - Auto Components,Auto Components,Consumer Discretionary,Automobile and Auto Components
JMFINANCIL,Holding Company,Finance,Financial Services,Financial Services
JNKINDIA,Industrial Products,Industrial Manufacturing,Industrials,Capital Goods
JNPR,Power Generation,Power,Utilities,Power
JOCIL,Commodity Chemicals,Chemicals & Petrochemicals,Commodities,Chemicals
JPOLYINVST,Investment Company,Finance,Financial Services,Financial Services
JPPOWER,Power Generation,Power,Utilities,Power
JSFB,Other Bank,Banks,Financial Services,Financial Services
JSL,Iron & Steel,Ferrous Metals,Commodities,Metals & Mining
JSLL,Wellness,Leisure Services,Consumer Discretionary,Consumer Services
JSWCEMENT,Cement & Cement Products,Cement & Cement Products,Commodities,Construction Materials
JSWDULUX,Paints,Consumer Durables,Consumer Discretionary,Consumer Durables
JSWENERGY,Power Generation,Power,Utilities,Power
JSWHL,Investment Company,Finance,Financial Services,Financial Services
JSWINFRA,Port & Port services,Transport Infrastructure,Services,Services
JSWSTEEL,Iron & Steel,Ferrous Metals,Commodities,Metals & Mining
JTEKTINDIA,Auto Components & Equipments,Auto Components,Consumer Discretionary,Automobile and Auto Components
JTLIND,Iron & Steel Products,Industrial Products,Industrials,Capital Goods
JUBLCPL,Specialty Chemicals,Chemicals & Petrochemicals,Commodities,Chemicals
JUBLFOOD,Restaurants,Leisure Services,Consumer Discretionary,Consumer Services
JUBLINGREA,Specialty Chemicals,Chemicals & Petrochemicals,Commodities,Chemicals
JUBLPHARMA,Pharmaceuticals,Pharmaceuticals & Biotechnology,Healthcare,Healthcare
JUNIORBEES,Mutual Fund Scheme,Capital Markets,Financial Services,Financial Services
JUNIPER,Hotels & Resorts,Leisure Services,Consumer Discretionary,Consumer Services
JUSTDIAL,Internet & Catalogue Retail,Retailing,Consumer Discretionary,Consumer Services
JWL,Railway Wagons,Industrial Manufacturing,Industrials,Capital Goods
JYOTHYLAB,Household Products,Household Products,Fast Moving Consumer Goods,Fast Moving Consumer Goods
JYOTICNC,Industrial Products,Industrial Manufacturing,Industrials,Capital Goods
JYOTIRES,Specialty Chemicals,Chemicals & Petrochemicals,Commodities,Chemicals
JYOTISTRUC,Heavy Electrical Equipment,Electrical Equipment,Industrials,Capital Goods
KABRAEXTRU,Industrial Products,Industrial Manufacturing,Industrials,Capital Goods
KAJARIACER,Ceramics,Consumer Durables,Consumer Discretionary,Consumer Durables
KAKATCEM,Cement & Cement Products,Cement & Cement Products,Commodities,Construction Materials
KALAMANDIR,Speciality Retail,Retailing,Consumer Discretionary,Consumer Services
KALPATARU,Residential Commercial Projects,Realty,Consumer Discretionary,Realty
KALYANKJIL,Gems Jewellery And Watches,Consumer Durables,Consumer Discretionary,Consumer Durables
KAMAHOLD,Diversified,Diversified,Diversified,Diversified
KAMANWALA,Residential Commercial Projects,Realty,Consumer Discretionary,Realty
KAMATHOTEL,Hotels & Resorts,Leisure Services,Consumer Discretionary,Consumer Services
KAMOPAINTS,Paints,Consumer Durables,Consumer Discretionary,Consumer Durables
KANANIIND,Gems Jewellery And Watches,Consumer Durables,Consumer Discretionary,Consumer Durables
KANCHI,Commodity Chemicals,Chemicals & Petrochemicals,Commodities,Chemicals
KANCOTEA,Tea & Coffee,Agricultural Food & other Products,Fast Moving Consumer Goods,Fast Moving Consumer Goods
KANOHAR,Heavy Electrical Equipment,Electrical Equipment,Industrials,Capital Goods
KANPRPLA,Packaging,Industrial Products,Industrials,Capital Goods
KANSAINER,Paints,Consumer Durables,Consumer Discretionary,Consumer Durables
KAPSTON,Diversified Commercial Services,Commercial Services & Supplies,Services,Services
KARAMTARA,Heavy Electrical Equipment,Electrical Equipment,Industrials,Capital Goods
KARMAENG,Power Generation,Power,Utilities,Power
KARURVYSYA,Private Sector Bank,Banks,Financial Services,Financial Services
KAYNES,Industrial Products,Industrial Manufacturing,Industrials,Capital Goods
KCP,Cement & Cement Products,Cement & Cement Products,Commodities,Construction Materials
KDDL,Gems Jewellery And Watches,Consumer Durables,Consumer Discretionary,Consumer Durables
KDGREEN,Gems Jewellery And Watches,Consumer Durables,Consumer Discretionary,Consumer Durables
KEC,Civil Construction,Construction,Industrials,Construction
KECL,Other Electrical Equipment,Electrical Equipment,Industrials,Capital Goods
KEEPLEARN,Education,Other Consumer Services,Consumer Discretionary,Consumer Services
KEI,Cables - Electricals,Industrial Products,Industrials,Capital Goods
KELLTONTEC,IT Enabled Services,IT - Services,Information Technology,Information Technology
KENNAMET,Industrial Products,Industrial Manufacturing,Industrials,Capital Goods
KERNEX,Transport Related Services,Transport Services,Services,Services
KEYFINSERV,Stockbroking & Allied,Capital Markets,Financial Services,Financial Services
KFINTECH,Depositories Clearing Houses and Other Intermediaries,Capital Markets,Financial Services,Financial Services
KHAICHEM,Fertilizers,Fertilizers & Agrochemicals,Commodities,Chemicals
KHAITANLTD,Consumer Electronics,Consumer Durables,Consumer Discretionary,Consumer Durables
KHANDSE,Stockbroking & Allied,Capital Markets,Financial Services,Financial Services
KICL,Investment Company,Finance,Financial Services,Financial Services
KIMS,Hospital,Healthcare Services,Healthcare,Healthcare
KINGFA,Plastic Products - Industrial,Industrial Products,Industrials,Capital Goods
KIOCL,Sponge Iron,Ferrous Metals,Commodities,Metals & Mining
KIRANVYPAR,Non Banking Financial Company (NBFC),Finance,Financial Services,Financial Services
KIRIINDUS,Dyes And Pigments,Chemicals & Petrochemicals,Commodities,Chemicals
KIRLFER,Pig Iron,Ferrous Metals,Commodities,Metals & Mining
KIRLOSBROS,Compressors Pumps & Diesel Engines,Industrial Products,Industrials,Capital Goods
KIRLOSENG,Compressors Pumps & Diesel Engines,Industrial Products,Industrials,Capital Goods
KIRLOSIND,Iron & Steel Products,Industrial Products,Industrials,Capital Goods
KIRLPNU,Compressors Pumps & Diesel Engines,Industrial Products,Industrials,Capital Goods
KISSHT,Other Financial Services,Finance,Financial Services,Financial Services
KITEX,Garments & Apparels,Textiles & Apparels,Consumer Discretionary,Textiles
KJMCFIN,Non Banking Financial Company (NBFC),Finance,Financial Services,Financial Services
KKCL,Garments & Apparels,Textiles & Apparels,Consumer Discretionary,Textiles
KLBRENG-B,Industrial Products,Industrial Manufacturing,Industrials,Capital Goods
KMCSHIL,Hospital,Healthcare Services,Healthcare,Healthcare
KMEW,Dredging,Engineering Services,Services,Services
KMSUGAR,Sugar,Agricultural Food & other Products,Fast Moving Consumer Goods,Fast Moving Consumer Goods
KNACK,Packaging,Industrial Products,Industrials,Capital Goods
KNAGRI,Edible Oil,Agricultural Food & other Products,Fast Moving Consumer Goods,Fast Moving Consumer Goods
KNRCON,Civil Construction,Construction,Industrials,Construction
KOHINOOR,Other Food Products,Food Products,Fast Moving Consumer Goods,Fast Moving Consumer Goods
KOKUYOCMLN,Stationary,Household Products,Fast Moving Consumer Goods,Fast Moving Consumer Goods
KOLTEPATIL,Residential Commercial Projects,Realty,Consumer Discretionary,Realty
KOPRAN,Pharmaceuticals,Pharmaceuticals & Biotechnology,Healthcare,Healthcare
KOTAKBANK,Private Sector Bank,Banks,Financial Services,Financial Services
KOTHARIPET,Petrochemicals,Chemicals & Petrochemicals,Commodities,Chemicals
KOTHARIPRO,Trading & Distributors,Commercial Services & Supplies,Services,Services
KOTIC,Leather And Leather Products,Consumer Durables,Consumer Discretionary,Consumer Durables
KOVAI,HOSPITAL,HEALTHCARE SERVICES,HEALTHCARE,HEALTHCARE SERVICES
KPEL,Power Generation,Power,Utilities,Power
KPIGREEN,Power Generation,Power,Utilities,Power
KPIL,Civil Construction,Construction,Industrials,Construction
KPITTECH,Computers - Software & Consulting,IT - Software,Information Technology,Information Technology
KPL,Pharmaceuticals,Pharmaceuticals & Biotechnology,Healthcare,Healthcare
KPRMILL,Other Textile Products,Textiles & Apparels,Consumer Discretionary,Textiles
KRBL,Other Agricultural Products,Agricultural Food & other Products,Fast Moving Consumer Goods,Fast Moving Consumer Goods
KREBSBIO,Pharmaceuticals,Pharmaceuticals & Biotechnology,Healthcare,Healthcare
KRIDHANINF,Civil Construction,Construction,Industrials,Construction
KRISHANA,Fertilizers,Fertilizers & Agrochemicals,Commodities,Chemicals
KRISHIVAL,Other Food Products,Food Products,Fast Moving Consumer Goods,Fast Moving Consumer Goods
KRISHNADEF,Aerospace & Defense,Aerospace & Defense,Industrials,Capital Goods
KRITI,Plastic Products - Industrial,Industrial Products,Industrials,Capital Goods
KRITIKA,Iron & Steel Products,Industrial Products,Industrials,Capital Goods
KRITINUT,Edible Oil,Agricultural Food & other Products,Fast Moving Consumer Goods,Fast Moving Consumer Goods
KRN,Other Industrial Products,Industrial Products,Industrials,Capital Goods
KROSS,Auto Components & Equipments,Auto Components,Consumer Discretionary,Automobile and Auto Components
KRSNAA,Healthcare Service Provider,Healthcare Services,Healthcare,Healthcare
KRYSTAL,Diversified Commercial Services,Commercial Services & Supplies,Services,Services
KSB,Compressors Pumps & Diesel Engines,Industrial Products,Industrials,Capital Goods
KSCL,Other Agricultural Products,Agricultural Food & other Products,Fast Moving Consumer Goods,Fast Moving Consumer Goods
KSE,CONSUMER FOOD,CONSUMER NON DURABLES,CONSUMER,CONSUMER GOODS
KSHINTL,Aluminium Copper & Zinc Products,Industrial Products,Industrials,Capital Goods
KSHITIJPOL,Stationary,Household Products,Fast Moving Consumer Goods,Fast Moving Consumer Goods
KSL,Iron & Steel Products,Industrial Products,Industrials,Capital Goods
KSOLVES,Computers - Software & Consulting,IT - Software,Information Technology,Information Technology
KTKBANK,Private Sector Bank,Banks,Financial Services,Financial Services
KUANTUM,Paper & Paper Products,Paper Forest & Jute Products,Commodities,Forest Materials
KUSUMGAR,Other Textile Products,Textiles & Apparels,Consumer Discretionary,Textiles
KWIL,Dairy Products,Food Products,Fast Moving Consumer Goods,Fast Moving Consumer Goods
LAGNAM,Other Textile Products,Textiles & Apparels,Consumer Discretionary,Textiles
LAHOTIOV,Trading & Distributors,Commercial Services & Supplies,Services,Services
LAKPRE,Auto Components & Equipments,Auto Components,Consumer Discretionary,Automobile and Auto Components
LAKSHMIMIL,SPINNING-COTTON/BLENDED,TEXTILES - COTTON,CONSUMER,TEXTILES
LAL,Garments & Apparels,Textiles & Apparels,Consumer Discretionary,Textiles
LALITHAA,Gems Jewellery And Watches,Consumer Durables,Consumer Discretionary,Consumer Durables
LALPATHLAB,Healthcare Service Provider,Healthcare Services,Healthcare,Healthcare
LAMBODHARA,Other Textile Products,Textiles & Apparels,Consumer Discretionary,Textiles
LANCER,Logistics Solution Provider,Transport Services,Services,Services
LANDMARK,Auto Dealer,Automobiles,Consumer Discretionary,Automobile and Auto Components
LANDSMILL,Trading & Distributors,Commercial Services & Supplies,Services,Services
LAOPALA,Glass - Consumer,Consumer Durables,Consumer Discretionary,Consumer Durables
LARGEMID50,Mutual Fund Scheme,Capital Markets,Financial Services,Financial Services
LASERPOWER,Cables - Electricals,Industrial Products,Industrials,Capital Goods
LATENTVIEW,Computers - Software & Consulting,IT - Software,Information Technology,Information Technology
LATTEYS,Compressors Pumps & Diesel Engines,Industrial Products,Industrials,Capital Goods
LAURUSLABS,Pharmaceuticals,Pharmaceuticals & Biotechnology,Healthcare,Healthcare
LAXMICOT,Other Textile Products,Textiles & Apparels,Consumer Discretionary,Textiles
LAXMIDENTL,Medical Equipment & Supplies,Healthcare Equipment & Supplies,Healthcare,Healthcare
LAXMIINDIA,Non Banking Financial Company (NBFC),Finance,Financial Services,Financial Services
LCCINFOTEC,Education,Other Consumer Services,Consumer Discretionary,Consumer Services
LCCPROJECT,Civil Construction,Construction,Industrials,Construction
LCL,Industrial Products,Industrial Manufacturing,Industrials,Capital Goods
LEAPIND,Diversified Commercial Services,Commercial Services & Supplies,Services,Services
LEMERITE,Trading - Textile Products,Textiles & Apparels,Consumer Discretionary,Textiles
LEMONTREE,Hotels & Resorts,Leisure Services,Consumer Discretionary,Consumer Services
LENSKART,Speciality Retail,Retailing,Consumer Discretionary,Consumer Services
LEXUS,Ceramics,Consumer Durables,Consumer Discretionary,Consumer Durables
LFIC,Investment Company,Finance,Financial Services,Financial Services
LGBBROSLTD,Auto Components & Equipments,Auto Components,Consumer Discretionary,Automobile and Auto Components
LGEINDIA,Household Appliances,Consumer Durables,Consumer Discretionary,Consumer Durables
LGHL,Gems Jewellery And Watches,Consumer Durables,Consumer Discretionary,Consumer Durables
LIBAS,Garments & Apparels,Textiles & Apparels,Consumer Discretionary,Textiles
LIBERTSHOE,Footwear,Consumer Durables,Consumer Discretionary,Consumer Durables
LICHSGFIN,Housing Finance Company,Finance,Financial Services,Financial Services
LICI,Life Insurance,Insurance,Financial Services,Financial Services
LICMFGOLD,Mutual Fund Scheme,Capital Markets,Financial Services,Financial Services
LICNETFN50,Mutual Fund Scheme,Capital Markets,Financial Services,Financial Services
LICNMID100,Mutual Fund Scheme,Capital Markets,Financial Services,Financial Services
LIKHITHA,Civil Construction,Construction,Industrials,Construction
LINC,Stationary,Household Products,Fast Moving Consumer Goods,Fast Moving Consumer Goods
LINCOLN,Pharmaceuticals,Pharmaceuticals & Biotechnology,Healthcare,Healthcare
LINDEINDIA,Industrial Gases,Chemicals & Petrochemicals,Commodities,Chemicals
LIQGRWBEES,Mutual Fund Scheme,Capital Markets,Financial Services,Financial Services
LIQUID,Mutual Fund Scheme,Capital Markets,Financial Services,Financial Services
LIQUID1,Mutual Fund Scheme,Capital Markets,Financial Services,Financial Services
LIQUIDADD,Mutual Fund Scheme,Capital Markets,Financial Services,Financial Services
LIQUIDBEES,Mutual Fund Scheme,Capital Markets,Financial Services,Financial Services
LIQUIDBETF,Mutual Fund Scheme,Capital Markets,Financial Services,Financial Services
LIQUIDCASE,Mutual Fund Scheme,Capital Markets,Financial Services,Financial Services
LIQUIDIETF,Mutual Fund Scheme,Capital Markets,Financial Services,Financial Services
LIQUIDPLUS,Mutual Fund Scheme,Capital Markets,Financial Services,Financial Services
LIQUIDSBI,Mutual Fund Scheme,Capital Markets,Financial Services,Financial Services
LIQUIDSHRI,Mutual Fund Scheme,Capital Markets,Financial Services,Financial Services
LKPSEC,Stockbroking & Allied,Capital Markets,Financial Services,Financial Services
LLOYDSENGG,Industrial Products,Industrial Manufacturing,Industrials,Capital Goods
LLOYDSENT,Trading - Metals,Metals & Minerals Trading,Commodities,Metals & Mining
LLOYDSME,Industrial Minerals,Minerals & Mining,Commodities,Metals & Mining
LMW,Industrial Products,Industrial Manufacturing,Industrials,Capital Goods
LODHA,Residential Commercial Projects,Realty,Consumer Discretionary,Realty
LOKESHMACH,Industrial Products,Industrial Manufacturing,Industrials,Capital Goods
LORDSCHLO,Commodity Chemicals,Chemicals & Petrochemicals,Commodities,Chemicals
LOTUSCHO,Packaged Foods,Food Products,Fast Moving Consumer Goods,Fast Moving Consumer Goods
LOTUSEYE,Hospital,Healthcare Services,Healthcare,Healthcare
LOVABLE,Garments & Apparels,Textiles & Apparels,Consumer Discretionary,Textiles
LOWVOL,Mutual Fund Scheme,Capital Markets,Financial Services,Financial Services
LOWVOL1,Mutual Fund Scheme,Capital Markets,Financial Services,Financial Services
LOWVOLIETF,Mutual Fund Scheme,Capital Markets,Financial Services,Financial Services
LOYALTEX,Other Textile Products,Textiles & Apparels,Consumer Discretionary,Textiles
LPDC,Real Estate related services,Realty,Consumer Discretionary,Realty
LT,Civil Construction,Construction,Industrials,Construction
LTF,Investment Company,Finance,Financial Services,Financial Services
LTFOODS,Other Agricultural Products,Agricultural Food & other Products,Fast Moving Consumer Goods,Fast Moving Consumer Goods
LTGILTBEES,Mutual Fund Scheme,Capital Markets,Financial Services,Financial Services
LTGILTCASE,Mutual Fund Scheme,Capital Markets,Financial Services,Financial Services
LTM,Computers - Software & Consulting,IT - Software,Information Technology,Information Technology
LTTS,IT Enabled Services,IT - Services,Information Technology,Information Technology
LUMAXIND,Auto Components & Equipments,Auto Components,Consumer Discretionary,Automobile and Auto Components
LUMAXTECH,Auto Components & Equipments,Auto Components,Consumer Discretionary,Automobile and Auto Components
LUMINO,Cables - Electricals,Industrial Products,Industrials,Capital Goods
LUPIN,Pharmaceuticals,Pharmaceuticals & Biotechnology,Healthcare,Healthcare
LUXIND,Garments & Apparels,Textiles & Apparels,Consumer Discretionary,Textiles
LXCHEM,Specialty Chemicals,Chemicals & Petrochemicals,Commodities,Chemicals
MAANALU,Aluminium,Non - Ferrous Metals,Commodities,Metals & Mining
MACPOWER,Industrial Products,Industrial Manufacturing,Industrials,Capital Goods
MADHAV,Granites & Marbles,Consumer Durables,Consumer Discretionary,Consumer Durables
MADHAVIPL,Civil Construction,Construction,Industrials,Construction
MADRASFERT,Fertilizers,Fertilizers & Agrochemicals,Commodities,Chemicals
MAFANG,Mutual Fund Scheme,Capital Markets,Financial Services,Financial Services
MAFATIND,Other Textile Products,Textiles & Apparels,Consumer Discretionary,Textiles
MAGADSUGAR,Sugar,Agricultural Food & other Products,Fast Moving Consumer Goods,Fast Moving Consumer Goods
MAGNUM,Paper & Paper Products,Paper Forest & Jute Products,Commodities,Forest Materials
MAHABANK,Public Sector Bank,Banks,Financial Services,Financial Services
MAHAPEXLTD,Other Financial Services,Finance,Financial Services,Financial Services
MAHEPC,Industrial Products,Industrial Manufacturing,Industrials,Capital Goods
MAHESHWARI,Trading & Distributors,Commercial Services & Supplies,Services,Services
MAHKTECH,Mutual Fund Scheme,Capital Markets,Financial Services,Financial Services
MAHLIFE,Residential Commercial Projects,Realty,Consumer Discretionary,Realty
MAHLOG,Logistics Solution Provider,Transport Services,Services,Services
MAHSCOOTER,Investment Company,Finance,Financial Services,Financial Services
MAHSEAMLES,Iron & Steel Products,Industrial Products,Industrials,Capital Goods
MAITHANALL,Ferro & Silica Manganese,Ferrous Metals,Commodities,Metals & Mining
MAKEINDIA,Mutual Fund Scheme,Capital Markets,Financial Services,Financial Services
MAKERSL,Pharmaceuticals,Pharmaceuticals & Biotechnology,Healthcare,Healthcare
MALLCOM,Other Industrial Products,Industrial Products,Industrials,Capital Goods
MALUPAPER,Paper & Paper Products,Paper Forest & Jute Products,Commodities,Forest Materials
MAMATA,Industrial Products,Industrial Manufacturing,Industrials,Capital Goods
MANAKALUCO,Aluminium,Non - Ferrous Metals,Commodities,Metals & Mining
MANAKCOAT,Iron & Steel Products,Industrial Products,Industrials,Capital Goods
MANAKSIA,Iron & Steel Products,Industrial Products,Industrials,Capital Goods
MANALIPETC,Petrochemicals,Chemicals & Petrochemicals,Commodities,Chemicals
MANAPPURAM,Non Banking Financial Company (NBFC),Finance,Financial Services,Financial Services
MANBA,Non Banking Financial Company (NBFC),Finance,Financial Services,Financial Services
MANCREDIT,Non Banking Financial Company (NBFC),Finance,Financial Services,Financial Services
MANGALAM,Pharmaceuticals,Pharmaceuticals & Biotechnology,Healthcare,Healthcare
MANGLMCEM,Cement & Cement Products,Cement & Cement Products,Commodities,Construction Materials
MANINDS,Iron & Steel Products,Industrial Products,Industrials,Capital Goods
MANINFRA,Residential Commercial Projects,Realty,Consumer Discretionary,Realty
MANIPALHOS,Hospital,Healthcare Services,Healthcare,Healthcare
MANKIND,Pharmaceuticals,Pharmaceuticals & Biotechnology,Healthcare,Healthcare
MANOMAY,Other Textile Products,Textiles & Apparels,Consumer Discretionary,Textiles
MANORAMA,Other Food Products,Food Products,Fast Moving Consumer Goods,Fast Moving Consumer Goods
MANORG,Commodity Chemicals,Chemicals & Petrochemicals,Commodities,Chemicals
MANUFGBEES,Mutual Fund Scheme,Capital Markets,Financial Services,Financial Services
MANUGRAPH,Industrial Products,Industrial Manufacturing,Industrials,Capital Goods
MANYAVAR,Speciality Retail,Retailing,Consumer Discretionary,Consumer Services
MAPMYINDIA,Software Products,IT - Software,Information Technology,Information Technology
MARALOVER,Other Textile Products,Textiles & Apparels,Consumer Discretionary,Textiles
MARATHON,Residential Commercial Projects,Realty,Consumer Discretionary,Realty
MARICO,Edible Oil,Agricultural Food & other Products,Fast Moving Consumer Goods,Fast Moving Consumer Goods
MARINE,Industrial Products,Industrial Manufacturing,Industrials,Capital Goods
MARKOLINES,Civil Construction,Construction,Industrials,Construction
MARKSANS,Pharmaceuticals,Pharmaceuticals & Biotechnology,Healthcare,Healthcare
MARSONS,Heavy Electrical Equipment,Electrical Equipment,Industrials,Capital Goods
MARUTI,Passenger Cars & Utility Vehicles,Automobiles,Consumer Discretionary,Automobile and Auto Components
MASFIN,Non Banking Financial Company (NBFC),Finance,Financial Services,Financial Services
MASKINVEST,Investment Company,Finance,Financial Services,Financial Services
MASPTOP50,Mutual Fund Scheme,Capital Markets,Financial Services,Financial Services
MASTEK,Computers - Software & Consulting,IT - Software,Information Technology,Information Technology
MASTERTR,Stockbroking & Allied,Capital Markets,Financial Services,Financial Services
MATRIMONY,Internet & Catalogue Retail,Retailing,Consumer Discretionary,Consumer Services
MAWANASUG,Sugar,Agricultural Food & other Products,Fast Moving Consumer Goods,Fast Moving Consumer Goods
MAXESTATES,Residential Commercial Projects,Realty,Consumer Discretionary,Realty
MAXHEALTH,Hospital,Healthcare Services,Healthcare,Healthcare
MAXIND,Holding Company,Finance,Financial Services,Financial Services
MAYURUNIQ,Leather And Leather Products,Consumer Durables,Consumer Discretionary,Consumer Durables
MAZDOCK,Ship Building & Allied Services,Industrial Manufacturing,Industrials,Capital Goods
MBAPL,Fertilizers,Fertilizers & Agrochemicals,Commodities,Chemicals
MBEL,Civil Construction,Construction,Industrials,Construction
MBLINFRA,Civil Construction,Construction,Industrials,Construction
MCCHRLS-B,Hotels & Resorts,Leisure Services,Consumer Discretionary,Consumer Services
MCL,Aluminium Copper & Zinc Products,Industrial Products,Industrials,Capital Goods
MCLEODRUSS,Tea & Coffee,Agricultural Food & other Products,Fast Moving Consumer Goods,Fast Moving Consumer Goods
MCLOUD,Computers - Software & Consulting,IT - Software,Information Technology,Information Technology
MCX,Exchange and Data Platform,Capital Markets,Financial Services,Financial Services
MEDANTA,Hospital,Healthcare Services,Healthcare,Healthcare
MEDIASSIST,Insurance Distributors,Insurance,Financial Services,Financial Services
MEDICO,Pharmaceuticals,Pharmaceuticals & Biotechnology,Healthcare,Healthcare
MEDPLUS,Pharmacy Retail,Retailing,Consumer Discretionary,Consumer Services
MEESHO,E-Retail/ E-Commerce,Retailing,Consumer Discretionary,Consumer Services
MEGASTAR,Other Food Products,Food Products,Fast Moving Consumer Goods,Fast Moving Consumer Goods
MEIL,Other Electrical Equipment,Electrical Equipment,Industrials,Capital Goods
MERCANTILE,Diversified Commercial Services,Commercial Services & Supplies,Services,Services
MERCURYEV,2/3 Wheelers,Automobiles,Consumer Discretionary,Automobile and Auto Components
METAL,Mutual Fund Scheme,Capital Markets,Financial Services,Financial Services
METALIETF,Mutual Fund Scheme,Capital Markets,Financial Services,Financial Services
METROBRAND,Footwear,Consumer Durables,Consumer Discretionary,Consumer Durables
METROGLOBL,Trading & Distributors,Commercial Services & Supplies,Services,Services
METROPOLIS,Healthcare Service Provider,Healthcare Services,Healthcare,Healthcare
MFML,Other Textile Products,Textiles & Apparels,Consumer Discretionary,Textiles
MFSL,Life Insurance,Insurance,Financial Services,Financial Services
MGEL,Other Agricultural Products,Agricultural Food & other Products,Fast Moving Consumer Goods,Fast Moving Consumer Goods
MGL,LPG/CNG/PNG/LNG Supplier,Gas,Energy,Oil Gas & Consumable Fuels
MHRIL,Hotels & Resorts,Leisure Services,Consumer Discretionary,Consumer Services
MID150,Mutual Fund Scheme,Capital Markets,Financial Services,Financial Services
MID150BEES,Mutual Fund Scheme,Capital Markets,Financial Services,Financial Services
MID150CASE,Mutual Fund Scheme,Capital Markets,Financial Services,Financial Services
MIDBANKADD,Mutual Fund Scheme,Capital Markets,Financial Services,Financial Services
MIDCAP,Mutual Fund Scheme,Capital Markets,Financial Services,Financial Services
MIDCAPADD,Mutual Fund Scheme,Capital Markets,Financial Services,Financial Services
MIDCAPBETA,Mutual Fund Scheme,Capital Markets,Financial Services,Financial Services
MIDCAPETF,Mutual Fund Scheme,Capital Markets,Financial Services,Financial Services
MIDCAPIETF,Mutual Fund Scheme,Capital Markets,Financial Services,Financial Services
MIDHANI,Aerospace & Defense,Aerospace & Defense,Industrials,Capital Goods
MIDQ50ADD,Mutual Fund Scheme,Capital Markets,Financial Services,Financial Services
MIDSELIETF,Mutual Fund Scheme,Capital Markets,Financial Services,Financial Services
MIDSMALL,Mutual Fund Scheme,Capital Markets,Financial Services,Financial Services
MIDWESTLTD,Granites & Marbles,Consumer Durables,Consumer Discretionary,Consumer Durables
MIIL,Residential Commercial Projects,Realty,Consumer Discretionary,Realty
MILKYMIST,Dairy Products,Food Products,Fast Moving Consumer Goods,Fast Moving Consumer Goods
MINDACORP,Auto Components & Equipments,Auto Components,Consumer Discretionary,Automobile and Auto Components
MINDTECK,Computers - Software & Consulting,IT - Software,Information Technology,Information Technology
MIRZAINT,Leather And Leather Products,Consumer Durables,Consumer Discretionary,Consumer Durables
MITCON,Consulting Services,Commercial Services & Supplies,Services,Services
MITTAL,Garments & Apparels,Textiles & Apparels,Consumer Discretionary,Textiles
MKEXIM,Distributors,Retailing,Consumer Discretionary,Consumer Services
MKPL,Edible Oil,Agricultural Food & other Products,Fast Moving Consumer Goods,Fast Moving Consumer Goods
MLKFOOD,Dairy Products,Food Products,Fast Moving Consumer Goods,Fast Moving Consumer Goods
MMFL,Auto Components & Equipments,Auto Components,Consumer Discretionary,Automobile and Auto Components
MMP,Aluminium,Non - Ferrous Metals,Commodities,Metals & Mining
MMTC,Trading & Distributors,Commercial Services & Supplies,Services,Services
MMWL,Film Production Distribution & Exhibition,Entertainment,Consumer Discretionary,Media Entertainment & Publication
MNC,Mutual Fund Scheme,Capital Markets,Financial Services,Financial Services
MOALPHA50,Mutual Fund Scheme,Capital Markets,Financial Services,Financial Services
MOBANK10,Mutual Fund Scheme,Capital Markets,Financial Services,Financial Services
MOBIKWIK,Financial Technology (Fintech),Financial Technology (Fintech),Financial Services,Financial Services
MOCAPITAL,Mutual Fund Scheme,Capital Markets,Financial Services,Financial Services
MODEFENCE,Mutual Fund Scheme,Capital Markets,Financial Services,Financial Services
MODINATUR,Other Agricultural Products,Agricultural Food & other Products,Fast Moving Consumer Goods,Fast Moving Consumer Goods
MODIRUBBER,Tyres & Rubber Products,Auto Components,Consumer Discretionary,Automobile and Auto Components
MODIS,Residential Commercial Projects,Realty,Consumer Discretionary,Realty
MODTHREAD,Other Textile Products,Textiles & Apparels,Consumer Discretionary,Textiles
MOENERGY,Mutual Fund Scheme,Capital Markets,Financial Services,Financial Services
MOGOLD,Mutual Fund Scheme,Capital Markets,Financial Services,Financial Services
MOGSEC,Mutual Fund Scheme,Capital Markets,Financial Services,Financial Services
MOHEALTH,Mutual Fund Scheme,Capital Markets,Financial Services,Financial Services
MOHITE,Other Textile Products,Textiles & Apparels,Consumer Discretionary,Textiles
MOHITIND,Other Textile Products,Textiles & Apparels,Consumer Discretionary,Textiles
MOIL,Industrial Minerals,Minerals & Mining,Commodities,Metals & Mining
MOINFRA,Mutual Fund Scheme,Capital Markets,Financial Services,Financial Services
MOIPO,Mutual Fund Scheme,Capital Markets,Financial Services,Financial Services
MOKSH,Gems Jewellery And Watches,Consumer Durables,Consumer Discretionary,Consumer Durables
MOL,Pesticides & Agrochemicals,Fertilizers & Agrochemicals,Commodities,Chemicals
MOLBIO,Medical Equipment & Supplies,Healthcare Equipment & Supplies,Healthcare,Healthcare
MOLDTKPAC,Packaging,Industrial Products,Industrials,Capital Goods
MOLOWVOL,Mutual Fund Scheme,Capital Markets,Financial Services,Financial Services
MOM100,Mutual Fund Scheme,Capital Markets,Financial Services,Financial Services
MOM30IETF,Mutual Fund Scheme,Capital Markets,Financial Services,Financial Services
MOM50,Mutual Fund Scheme,Capital Markets,Financial Services,Financial Services
MOMENTUM,Mutual Fund Scheme,Capital Markets,Financial Services,Financial Services
MOMENTUM30,Mutual Fund Scheme,Capital Markets,Financial Services,Financial Services
MOMENTUM50,Mutual Fund Scheme,Capital Markets,Financial Services,Financial Services
MOMETAL,Mutual Fund Scheme,Capital Markets,Financial Services,Financial Services
MOMGF,Mutual Fund Scheme,Capital Markets,Financial Services,Financial Services
MOMIDMTM,Mutual Fund Scheme,Capital Markets,Financial Services,Financial Services
MOMMIDCAP,Mutual Fund Scheme,Capital Markets,Financial Services,Financial Services
MOMNC,Mutual Fund Scheme,Capital Markets,Financial Services,Financial Services
MOMOMENTUM,Mutual Fund Scheme,Capital Markets,Financial Services,Financial Services
MON100,Mutual Fund Scheme,Capital Markets,Financial Services,Financial Services
MON50EQUAL,Mutual Fund Scheme,Capital Markets,Financial Services,Financial Services
MONARCH,Stockbroking & Allied,Capital Markets,Financial Services,Financial Services
MONEXT50,Mutual Fund Scheme,Capital Markets,Financial Services,Financial Services
MONEYBOXX,Non Banking Financial Company (NBFC),Finance,Financial Services,Financial Services
MONIFTY100,Mutual Fund Scheme,Capital Markets,Financial Services,Financial Services
MONIFTY500,Mutual Fund Scheme,Capital Markets,Financial Services,Financial Services
MONQ50,Mutual Fund Scheme,Capital Markets,Financial Services,Financial Services
MONTECARLO,Garments & Apparels,Textiles & Apparels,Consumer Discretionary,Textiles
MOOILGAS,Mutual Fund Scheme,Capital Markets,Financial Services,Financial Services
MOPSE,Mutual Fund Scheme,Capital Markets,Financial Services,Financial Services
MOQUALITY,Mutual Fund Scheme,Capital Markets,Financial Services,Financial Services
MOREALTY,Mutual Fund Scheme,Capital Markets,Financial Services,Financial Services
MOREPENLAB,Pharmaceuticals,Pharmaceuticals & Biotechnology,Healthcare,Healthcare
MOSCHIP,Computers Hardware & Equipments,IT - Hardware,Information Technology,Information Technology
MOSERVICE,Mutual Fund Scheme,Capital Markets,Financial Services,Financial Services
MOSILVER,Mutual Fund Scheme,Capital Markets,Financial Services,Financial Services
MOSMALL250,Mutual Fund Scheme,Capital Markets,Financial Services,Financial Services
MOTHERSON,Auto Components & Equipments,Auto Components,Consumer Discretionary,Automobile and Auto Components
MOTILALOFS,Stockbroking & Allied,Capital Markets,Financial Services,Financial Services
MOTISONS,Gems Jewellery And Watches,Consumer Durables,Consumer Discretionary,Consumer Durables
MOTOGENFIN,Diversified Commercial Services,Commercial Services & Supplies,Services,Services
MOTOUR,Mutual Fund Scheme,Capital Markets,Financial Services,Financial Services
MOVALUE,Mutual Fund Scheme,Capital Markets,Financial Services,Financial Services
MPHASIS,Computers - Software & Consulting,IT - Software,Information Technology,Information Technology
MPIMANIPAL,Financial Technology (Fintech),Financial Technology (Fintech),Financial Services,Financial Services
MPSLTD,Printing & Publication,Printing & Publication,Consumer Discretionary,Media Entertainment & Publication
MRF,Tyres & Rubber Products,Auto Components,Consumer Discretionary,Automobile and Auto Components
MRPL,Refineries & Marketing,Petroleum Products,Energy,Oil Gas & Consumable Fuels
MSCI360,Mutual Fund Scheme,Capital Markets,Financial Services,Financial Services
MSCIADD,Mutual Fund Scheme,Capital Markets,Financial Services,Financial Services
MSCIINDIA,Mutual Fund Scheme,Capital Markets,Financial Services,Financial Services
MSL,Other Agricultural Products,Agricultural Food & other Products,Fast Moving Consumer Goods,Fast Moving Consumer Goods
MSPL,Iron & Steel Products,Industrial Products,Industrials,Capital Goods
MSTCLTD,Trading & Distributors,Commercial Services & Supplies,Services,Services
MSUMI,Auto Components & Equipments,Auto Components,Consumer Discretionary,Automobile and Auto Components
MTNL,Telecom - Cellular & Fixed line services,Telecom - Services,Telecommunication,Telecommunication
MUFIN,Non Banking Financial Company (NBFC),Finance,Financial Services,Financial Services
MUFTI,Speciality Retail,Retailing,Consumer Discretionary,Consumer Services
MUKANDLTD,Iron & Steel Products,Industrial Products,Industrials,Capital Goods
MUKESHB,Non Banking Financial Company (NBFC),Finance,Financial Services,Financial Services
MULTICAP,Mutual Fund Scheme,Capital Markets,Financial Services,Financial Services
MUNJALAU,Auto Components & Equipments,Auto Components,Consumer Discretionary,Automobile and Auto Components
MUNJALSHOW,Auto Components & Equipments,Auto Components,Consumer Discretionary,Automobile and Auto Components
MURUDCERA,Ceramics,Consumer Durables,Consumer Discretionary,Consumer Durables
MUTHOOTCAP,Non Banking Financial Company (NBFC),Finance,Financial Services,Financial Services
MUTHOOTFIN,Non Banking Financial Company (NBFC),Finance,Financial Services,Financial Services
MUTHOOTMF,Microfinance Institutions,Finance,Financial Services,Financial Services
MVELECTRO,Industrial Products,Industrial Manufacturing,Industrials,Capital Goods
MVGJL,Gems Jewellery And Watches,Consumer Durables,Consumer Discretionary,Consumer Durables
MWL,Iron & Steel Products,Industrial Products,Industrials,Capital Goods
NACLIND,Pesticides & Agrochemicals,Fertilizers & Agrochemicals,Commodities,Chemicals
NAGREEKCAP,Investment Company,Finance,Financial Services,Financial Services
NAGREEKEXP,Other Textile Products,Textiles & Apparels,Consumer Discretionary,Textiles
NAHARCAP,Investment Company,Finance,Financial Services,Financial Services
NAHARINDUS,Other Textile Products,Textiles & Apparels,Consumer Discretionary,Textiles
NAHARPOLY,Packaging,Industrial Products,Industrials,Capital Goods
NAHARSPING,Other Textile Products,Textiles & Apparels,Consumer Discretionary,Textiles
NAM-INDIA,Asset Management Company,Capital Markets,Financial Services,Financial Services
NARMADA,Animal Feed,Food Products,Fast Moving Consumer Goods,Fast Moving Consumer Goods
NATCOPHARM,Pharmaceuticals,Pharmaceuticals & Biotechnology,Healthcare,Healthcare
NATHBIOGEN,Other Agricultural Products,Agricultural Food & other Products,Fast Moving Consumer Goods,Fast Moving Consumer Goods
NATIONALUM,Aluminium,Non - Ferrous Metals,Commodities,Metals & Mining
NATIONSTD,Residential Commercial Projects,Realty,Consumer Discretionary,Realty
NAUKRI,Internet & Catalogue Retail,Retailing,Consumer Discretionary,Consumer Services
NAVA,Power Generation,Power,Utilities,Power
NAVINFLUOR,Specialty Chemicals,Chemicals & Petrochemicals,Commodities,Chemicals
NAVKARCORP,Logistics Solution Provider,Transport Services,Services,Services
NAVNETEDUL,Stationary,Household Products,Fast Moving Consumer Goods,Fast Moving Consumer Goods
NAZARA,Digital Entertainment,Entertainment,Consumer Discretionary,Media Entertainment & Publication
NBCC,Civil Construction,Construction,Industrials,Construction
NBIFIN,Non Banking Financial Company (NBFC),Finance,Financial Services,Financial Services
NCC,Civil Construction,Construction,Industrials,Construction
NCLIND,Cement & Cement Products,Cement & Cement Products,Commodities,Construction Materials
NDGL,Investment Company,Finance,Financial Services,Financial Services
NDL,Other Textile Products,Textiles & Apparels,Consumer Discretionary,Textiles
NDLVENTURE,Other Financial Services,Finance,Financial Services,Financial Services
NDRAUTO,Auto Components & Equipments,Auto Components,Consumer Discretionary,Automobile and Auto Components
NDTV,TV Broadcasting & Software Production,Entertainment,Consumer Discretionary,Media Entertainment & Publication
NEAGI,Tea & Coffee,Agricultural Food & other Products,Fast Moving Consumer Goods,Fast Moving Consumer Goods
NECLIFE,Pharmaceuticals,Pharmaceuticals & Biotechnology,Healthcare,Healthcare
NELCAST,Castings & Forgings,Industrial Products,Industrials,Capital Goods
NELCO,Computers Hardware & Equipments,IT - Hardware,Information Technology,Information Technology
NEOGEN,Specialty Chemicals,Chemicals & Petrochemicals,Commodities,Chemicals
NEPHROPLUS,Healthcare Service Provider,Healthcare Services,Healthcare,Healthcare
NESCO,Diversified Commercial Services,Commercial Services & Supplies,Services,Services
NESTLEIND,Packaged Foods,Food Products,Fast Moving Consumer Goods,Fast Moving Consumer Goods
NETF,Mutual Fund Scheme,Capital Markets,Financial Services,Financial Services
NETWEB,IT Enabled Services,IT - Services,Information Technology,Information Technology
NETWORK18,Media & Entertainment,Entertainment,Consumer Discretionary,Media Entertainment & Publication
NEULANDLAB,Pharmaceuticals,Pharmaceuticals & Biotechnology,Healthcare,Healthcare
NEWGEN,Computers - Software & Consulting,IT - Software,Information Technology,Information Technology
NEXT30ADD,Mutual Fund Scheme,Capital Markets,Financial Services,Financial Services
NEXT50,Mutual Fund Scheme,Capital Markets,Financial Services,Financial Services
NEXT50ADD,Mutual Fund Scheme,Capital Markets,Financial Services,Financial Services
NEXT50BETA,Mutual Fund Scheme,Capital Markets,Financial Services,Financial Services
NEXT50ETF,Mutual Fund Scheme,Capital Markets,Financial Services,Financial Services
NEXTMEDIA,Media & Entertainment,Entertainment,Consumer Discretionary,Media Entertainment & Publication
NFL,Fertilizers,Fertilizers & Agrochemicals,Commodities,Chemicals
NGIL,Packaged Foods,Food Products,Fast Moving Consumer Goods,Fast Moving Consumer Goods
NGLFINE,Pharmaceuticals,Pharmaceuticals & Biotechnology,Healthcare,Healthcare
NH,Hospital,Healthcare Services,Healthcare,Healthcare
NHPC,Power Generation,Power,Utilities,Power
NIACL,General Insurance,Insurance,Financial Services,Financial Services
NIBE,Aerospace & Defense,Aerospace & Defense,Industrials,Capital Goods
NIBL,Abrasives & Bearings,Industrial Products,Industrials,Capital Goods
NICCOPAR,Amusement Parks/ Other Recreation,Leisure Services,Consumer Discretionary,Consumer Services
NIF100BEES,Mutual Fund Scheme,Capital Markets,Financial Services,Financial Services
NIF100IETF,Mutual Fund Scheme,Capital Markets,Financial Services,Financial Services
NIF500BETA,Mutual Fund Scheme,Capital Markets,Financial Services,Financial Services
NIFTY1,Mutual Fund Scheme,Capital Markets,Financial Services,Financial Services
NIFTY100EW,Mutual Fund Scheme,Capital Markets,Financial Services,Financial Services
NIFTYADD,Mutual Fund Scheme,Capital Markets,Financial Services,Financial Services
NIFTYAXIS,Mutual Fund Scheme,Capital Markets,Financial Services,Financial Services
NIFTYBEES,Mutual Fund Scheme,Capital Markets,Financial Services,Financial Services
NIFTYBETA,Mutual Fund Scheme,Capital Markets,Financial Services,Financial Services
NIFTYBETF,Mutual Fund Scheme,Capital Markets,Financial Services,Financial Services
NIFTYCASE,Mutual Fund Scheme,Capital Markets,Financial Services,Financial Services
NIFTYETF,Mutual Fund Scheme,Capital Markets,Financial Services,Financial Services
NIFTYIETF,Mutual Fund Scheme,Capital Markets,Financial Services,Financial Services
NIFTYJBLK,Mutual Fund Scheme,Capital Markets,Financial Services,Financial Services
NIFTYQLITY,Mutual Fund Scheme,Capital Markets,Financial Services,Financial Services
NIITLTD,Education,Other Consumer Services,Consumer Discretionary,Consumer Services
NIITMTS,Education,Other Consumer Services,Consumer Discretionary,Consumer Services
NILAINFRA,Residential Commercial Projects,Realty,Consumer Discretionary,Realty
NILASPACES,Residential Commercial Projects,Realty,Consumer Discretionary,Realty
NILE,Industrial Minerals,Minerals & Mining,Commodities,Metals & Mining
NILKAMAL,Plastic Products - Consumer,Consumer Durables,Consumer Discretionary,Consumer Durables
NIMBSPROJ,Residential Commercial Projects,Realty,Consumer Discretionary,Realty
NINSYS,Computers - Software & Consulting,IT - Software,Information Technology,Information Technology
NIPPOBATRY,Household Products,Household Products,Fast Moving Consumer Goods,Fast Moving Consumer Goods
NIRAJ,Civil Construction,Construction,Industrials,Construction
NIRLON,Diversified Commercial Services,Commercial Services & Supplies,Services,Services
NITCO,Ceramics,Consumer Durables,Consumer Discretionary,Consumer Durables
NITINSPIN,Other Textile Products,Textiles & Apparels,Consumer Discretionary,Textiles
NITIRAJ,Other Electrical Equipment,Electrical Equipment,Industrials,Capital Goods
NITTAGELA,Specialty Chemicals,Chemicals & Petrochemicals,Commodities,Chemicals
NIVABUPA,General Insurance,Insurance,Financial Services,Financial Services
NLCINDIA,Power Generation,Power,Utilities,Power
NMDC,Industrial Minerals,Minerals & Mining,Commodities,Metals & Mining
NOCIL,Specialty Chemicals,Chemicals & Petrochemicals,Commodities,Chemicals
NOIDATOLL,Road Assets - Toll Annuity Hybrid-Annuity,Transport Infrastructure,Services,Services
NORBTEAEXP,Tea & Coffee,Agricultural Food & other Products,Fast Moving Consumer Goods,Fast Moving Consumer Goods
NORTHARC,Non Banking Financial Company (NBFC),Finance,Financial Services,Financial Services
NOVAAGRI,Fertilizers,Fertilizers & Agrochemicals,Commodities,Chemicals
NOVARTIND,Pharmaceuticals,Pharmaceuticals & Biotechnology,Healthcare,Healthcare
NPST,Financial Technology (Fintech),Financial Technology (Fintech),Financial Services,Financial Services
NRAIL,Paper & Paper Products,Paper Forest & Jute Products,Commodities,Forest Materials
NRBBEARING,Auto Components & Equipments,Auto Components,Consumer Discretionary,Automobile and Auto Components
NSIL,Investment Company,Finance,Financial Services,Financial Services
NSLNISP,Iron & Steel,Ferrous Metals,Commodities,Metals & Mining
NTCIND,Cigarettes & Tobacco Products,Cigarettes & Tobacco Products,Fast Moving Consumer Goods,Fast Moving Consumer Goods
NTPC,Power Generation,Power,Utilities,Power
NTPCGREEN,Power Generation,Power,Utilities,Power
NUCLEUS,Software Products,IT - Software,Information Technology,Information Technology
NUVAMA,Stockbroking & Allied,Capital Markets,Financial Services,Financial Services
NUVOCO,Cement & Cement Products,Cement & Cement Products,Commodities,Construction Materials
NV20,Mutual Fund Scheme,Capital Markets,Financial Services,Financial Services
NV20BEES,Mutual Fund Scheme,Capital Markets,Financial Services,Financial Services
NV20IETF,Mutual Fund Scheme,Capital Markets,Financial Services,Financial Services
NYKAA,E-Retail/ E-Commerce,Retailing,Consumer Discretionary,Consumer Services
OAL,Specialty Chemicals,Chemicals & Petrochemicals,Commodities,Chemicals
OBCL,Logistics Solution Provider,Transport Services,Services,Services
OBEROIRLTY,Residential Commercial Projects,Realty,Consumer Discretionary,Realty
ODIGMA,IT Enabled Services,IT - Services,Information Technology,Information Technology
ODYCORP,Non Banking Financial Company (NBFC),Finance,Financial Services,Financial Services
OFSS,Software Products,IT - Software,Information Technology,Information Technology
OIL,Oil Exploration & Production,Oil,Energy,Oil Gas & Consumable Fuels
OILIETF,Mutual Fund Scheme,Capital Markets,Financial Services,Financial Services
OLAELEC,2/3 Wheelers,Automobiles,Consumer Discretionary,Automobile and Auto Components
OLECTRA,Passenger Cars & Utility Vehicles,Automobiles,Consumer Discretionary,Automobile and Auto Components
OMAXAUTO,Auto Components & Equipments,Auto Components,Consumer Discretionary,Automobile and Auto Components
OMAXE,Residential Commercial Projects,Realty,Consumer Discretionary,Realty
OMINFRAL,Civil Construction,Construction,Industrials,Construction
OMNI,Industrial Products,Industrial Manufacturing,Industrials,Capital Goods
OMPOWER,Civil Construction,Construction,Industrials,Construction
ONEGLOBAL,Healthcare Service Provider,Healthcare Services,Healthcare,Healthcare
ONEPOINT,Business Process Outsourcing (BPO)/ Knowledge Process Outsourcing (KPO),Commercial Services & Supplies,Services,Services
ONESOURCE,Pharmaceuticals,Pharmaceuticals & Biotechnology,Healthcare,Healthcare
ONGC,Oil Exploration & Production,Oil,Energy,Oil Gas & Consumable Fuels
ONIDA,Consumer Electronics,Consumer Durables,Consumer Discretionary,Consumer Durables
ONIXSOLAR,Copper,Non - Ferrous Metals,Commodities,Metals & Mining
ONWARDTEC,IT Enabled Services,IT - Services,Information Technology,Information Technology
OPTIEMUS,Telecom - Equipment & Accessories,Telecom - Equipment & Accessories,Telecommunication,Telecommunication
OPTIFIN,Non Banking Financial Company (NBFC),Finance,Financial Services,Financial Services
ORCHASP,Computers - Software & Consulting,IT - Software,Information Technology,Information Technology
ORCHPHARMA,Pharmaceuticals,Pharmaceuticals & Biotechnology,Healthcare,Healthcare
ORICONENT,Packaging,Industrial Products,Industrials,Capital Goods
ORIENTALTL,Granites & Marbles,Consumer Durables,Consumer Discretionary,Consumer Durables
ORIENTBELL,Ceramics,Consumer Durables,Consumer Discretionary,Consumer Durables
ORIENTCEM,Cement & Cement Products,Cement & Cement Products,Commodities,Construction Materials
ORIENTCER,Electrodes & Refractories,Industrial Products,Industrials,Capital Goods
ORIENTELEC,Household Appliances,Consumer Durables,Consumer Discretionary,Consumer Durables
ORIENTHOT,Hotels & Resorts,Leisure Services,Consumer Discretionary,Consumer Services
ORIENTPPR,Paper & Paper Products,Paper Forest & Jute Products,Commodities,Forest Materials
ORIENTTECH,IT Enabled Services,IT - Services,Information Technology,Information Technology
ORIRAIL,Railway Wagons,Industrial Manufacturing,Industrials,Capital Goods
ORISSAMINE,Industrial Minerals,Minerals & Mining,Commodities,Metals & Mining
ORKLAINDIA,Other Food Products,Food Products,Fast Moving Consumer Goods,Fast Moving Consumer Goods
ORTINGLOBE,Pharmaceuticals,Pharmaceuticals & Biotechnology,Healthcare,Healthcare
OSWALAGRO,Trading & Distributors,Commercial Services & Supplies,Services,Services
OSWALGREEN,Investment Company,Finance,Financial Services,Financial Services
OSWALPUMPS,Compressors Pumps & Diesel Engines,Industrial Products,Industrials,Capital Goods
OSWALSEEDS,Other Agricultural Products,Agricultural Food & other Products,Fast Moving Consumer Goods,Fast Moving Consumer Goods
PACEDIGITK,Telecom - Infrastructure,Telecom - Services,Telecommunication,Telecommunication
PACIFICI,Granites & Marbles,Consumer Durables,Consumer Discretionary,Consumer Durables
PAGEIND,Garments & Apparels,Textiles & Apparels,Consumer Discretionary,Textiles
PAISALO,Non Banking Financial Company (NBFC),Finance,Financial Services,Financial Services
PAKKA,Paper & Paper Products,Paper Forest & Jute Products,Commodities,Forest Materials
PALASHSECU,Packaged Foods,Food Products,Fast Moving Consumer Goods,Fast Moving Consumer Goods
PALREDTEC,Trading & Distributors,Commercial Services & Supplies,Services,Services
PANACEABIO,Pharmaceuticals,Pharmaceuticals & Biotechnology,Healthcare,Healthcare
PANAMAPET,Lubricants,Petroleum Products,Energy,Oil Gas & Consumable Fuels
PANCHMAHQ,Iron & Steel Products,Industrial Products,Industrials,Capital Goods
PANORAMA,Film Production Distribution & Exhibition,Entertainment,Consumer Discretionary,Media Entertainment & Publication
PANSARI,Residential Commercial Projects,Realty,Consumer Discretionary,Realty
PARACABLES,Cables - Electricals,Industrial Products,Industrials,Capital Goods
PARADEEP,Fertilizers,Fertilizers & Agrochemicals,Commodities,Chemicals
PARAGMILK,Dairy Products,Food Products,Fast Moving Consumer Goods,Fast Moving Consumer Goods
PARAS,Aerospace & Defense,Aerospace & Defense,Industrials,Capital Goods
PARASPETRO,Investment Company,Finance,Financial Services,Financial Services
PARKHOSPS,Hospital,Healthcare Services,Healthcare,Healthcare
PARKHOTELS,Hotels & Resorts,Leisure Services,Consumer Discretionary,Consumer Services
PARNAXLAB,Pharmaceuticals,Pharmaceuticals & Biotechnology,Healthcare,Healthcare
PASHUPATI,Other Textile Products,Textiles & Apparels,Consumer Discretionary,Textiles
PASUPTAC,Petrochemicals,Chemicals & Petrochemicals,Commodities,Chemicals
PATANJALI,Edible Oil,Agricultural Food & other Products,Fast Moving Consumer Goods,Fast Moving Consumer Goods
PATELENG,Civil Construction,Construction,Industrials,Construction
PATELRMART,Diversified Retail,Retailing,Consumer Discretionary,Consumer Services
PAUSHAKLTD,Specialty Chemicals,Chemicals & Petrochemicals,Commodities,Chemicals
PAVNAIND,Auto Components & Equipments,Auto Components,Consumer Discretionary,Automobile and Auto Components
PAYTM,Financial Technology (Fintech),Financial Technology (Fintech),Financial Services,Financial Services
PBMPOLY,Other Textile Products,Textiles & Apparels,Consumer Discretionary,Textiles
PCBL,Carbon Black,Chemicals & Petrochemicals,Commodities,Chemicals
PCJEWELLER,Gems Jewellery And Watches,Consumer Durables,Consumer Discretionary,Consumer Durables
PDMJEPAPER,Paper & Paper Products,Paper Forest & Jute Products,Commodities,Forest Materials
PDSL,Trading - Textile Products,Textiles & Apparels,Consumer Discretionary,Textiles
PEARLPOLY,Plastic Products - Consumer,Consumer Durables,Consumer Discretionary,Consumer Durables
PENIND,Industrial Products,Industrial Manufacturing,Industrials,Capital Goods
PENINLAND,Residential Commercial Projects,Realty,Consumer Discretionary,Realty
PERMAGN,Other Electrical Equipment,Electrical Equipment,Industrials,Capital Goods
PERNIASPOP,Speciality Retail,Retailing,Consumer Discretionary,Consumer Services
PERSISTENT,Computers - Software & Consulting,IT - Software,Information Technology,Information Technology
PETRONET,LPG/CNG/PNG/LNG Supplier,Gas,Energy,Oil Gas & Consumable Fuels
PFC,Financial Institution,Finance,Financial Services,Financial Services
PFIZER,Pharmaceuticals,Pharmaceuticals & Biotechnology,Healthcare,Healthcare
PFOCUS,Media & Entertainment,Entertainment,Consumer Discretionary,Media Entertainment & Publication
PFS,Non Banking Financial Company (NBFC),Finance,Financial Services,Financial Services
PGEL,Consumer Electronics,Consumer Durables,Consumer Discretionary,Consumer Durables
PGHH,Personal Care,Personal Products,Fast Moving Consumer Goods,Fast Moving Consumer Goods
PGHL,Pharmaceuticals,Pharmaceuticals & Biotechnology,Healthcare,Healthcare
PGIL,Garments & Apparels,Textiles & Apparels,Consumer Discretionary,Textiles
PHARMABEES,Mutual Fund Scheme,Capital Markets,Financial Services,Financial Services
PHOENIXLTD,Residential Commercial Projects,Realty,Consumer Discretionary,Realty
PHOENXINTL,Diversified Commercial Services,Commercial Services & Supplies,Services,Services
PICCADIL,Breweries & Distilleries,Beverages,Fast Moving Consumer Goods,Fast Moving Consumer Goods
PIDILITIND,Specialty Chemicals,Chemicals & Petrochemicals,Commodities,Chemicals
PIGL,Other Electrical Equipment,Electrical Equipment,Industrials,Capital Goods
PIIND,Pesticides & Agrochemicals,Fertilizers & Agrochemicals,Commodities,Chemicals
PILANIINVS,Investment Company,Finance,Financial Services,Financial Services
PILITA,Plastic Products - Consumer,Consumer Durables,Consumer Discretionary,Consumer Durables
PINELABS,Financial Technology (Fintech),Financial Technology (Fintech),Financial Services,Financial Services
PIONEEREMB,Other Textile Products,Textiles & Apparels,Consumer Discretionary,Textiles
PIRAMALFIN,Non Banking Financial Company (NBFC),Finance,Financial Services,Financial Services
PITTIENG,Industrial Products,Industrial Manufacturing,Industrials,Capital Goods
PIXTRANS,Rubber,Industrial Products,Industrials,Capital Goods
PLASTIBLEN,Specialty Chemicals,Chemicals & Petrochemicals,Commodities,Chemicals
PLATIND,Specialty Chemicals,Chemicals & Petrochemicals,Commodities,Chemicals
PLAZACABLE,Cables - Electricals,Industrial Products,Industrials,Capital Goods
PML,Other Financial Services,Finance,Financial Services,Financial Services
PNB,Public Sector Bank,Banks,Financial Services,Financial Services
PNBGILTS,Investment Company,Finance,Financial Services,Financial Services
PNBHOUSING,Housing Finance Company,Finance,Financial Services,Financial Services
PNC,Film Production Distribution & Exhibition,Entertainment,Consumer Discretionary,Media Entertainment & Publication
PNCINFRA,Civil Construction,Construction,Industrials,Construction
PNGJL,Gems Jewellery And Watches,Consumer Durables,Consumer Discretionary,Consumer Durables
PNGSREVA,Gems Jewellery And Watches,Consumer Durables,Consumer Discretionary,Consumer Durables
POCL,Diversified Metals,Diversified Metals,Commodities,Metals & Mining
PODDARMENT,Dyes And Pigments,Chemicals & Petrochemicals,Commodities,Chemicals
POEL,Commodity Chemicals,Chemicals & Petrochemicals,Commodities,Chemicals
POKARNA,Granites & Marbles,Consumer Durables,Consumer Discretionary,Consumer Durables
POLICYBZR,Financial Technology (Fintech),Financial Technology (Fintech),Financial Services,Financial Services
POLYCAB,Cables - Electricals,Industrial Products,Industrials,Capital Goods
POLYMED,Medical Equipment & Supplies,Healthcare Equipment & Supplies,Healthcare,Healthcare
POLYPLEX,Packaging,Industrial Products,Industrials,Capital Goods
POLYSPIN,Packaging,Industrial Products,Industrials,Capital Goods
PONNIERODE,Sugar,Agricultural Food & other Products,Fast Moving Consumer Goods,Fast Moving Consumer Goods
POONAWALLA,Non Banking Financial Company (NBFC),Finance,Financial Services,Financial Services
POWERGRID,Power - Transmission,Power,Utilities,Power
POWERICA,Heavy Electrical Equipment,Electrical Equipment,Industrials,Capital Goods
POWERINDIA,Heavy Electrical Equipment,Electrical Equipment,Industrials,Capital Goods
POWERMECH,Civil Construction,Construction,Industrials,Construction
PPLPHARMA,Pharmaceuticals,Pharmaceuticals & Biotechnology,Healthcare,Healthcare
PRABHA,Oil Exploration & Production,Oil,Energy,Oil Gas & Consumable Fuels
PRAENG,Residential Commercial Projects,Realty,Consumer Discretionary,Realty
PRAJIND,Industrial Products,Industrial Manufacturing,Industrials,Capital Goods
PRAKASH,Iron & Steel,Ferrous Metals,Commodities,Metals & Mining
PRAKASHSTL,Iron & Steel Products,Industrial Products,Industrials,Capital Goods
PRANAV,Residential Commercial Projects,Realty,Consumer Discretionary,Realty
PRASOLCHEM,Specialty Chemicals,Chemicals & Petrochemicals,Commodities,Chemicals
PRAVEG,Hotels & Resorts,Leisure Services,Consumer Discretionary,Consumer Services
PRAXIS,Speciality Retail,Retailing,Consumer Discretionary,Consumer Services
PRECAM,Auto Components & Equipments,Auto Components,Consumer Discretionary,Automobile and Auto Components
PRECOT,Other Textile Products,Textiles & Apparels,Consumer Discretionary,Textiles
PRECWIRE,Aluminium Copper & Zinc Products,Industrial Products,Industrials,Capital Goods
PREMCO,Other Textile Products,Textiles & Apparels,Consumer Discretionary,Textiles
PREMEXPLN,Explosives,Chemicals & Petrochemicals,Commodities,Chemicals
PREMIERENE,Other Electrical Equipment,Electrical Equipment,Industrials,Capital Goods
PREMIERPOL,Plastic Products - Industrial,Industrial Products,Industrials,Capital Goods
PRESTIGE,Residential Commercial Projects,Realty,Consumer Discretionary,Realty
PRICOLLTD,Auto Components & Equipments,Auto Components,Consumer Discretionary,Automobile and Auto Components
PRIMESECU,Other Financial Services,Finance,Financial Services,Financial Services
PRIMO,Commodity Chemicals,Chemicals & Petrochemicals,Commodities,Chemicals
PRINCEPIPE,Plastic Products - Industrial,Industrial Products,Industrials,Capital Goods
PRISMX,Trading & Distributors,Commercial Services & Supplies,Services,Services
PRITI,Furniture Home Furnishing,Consumer Durables,Consumer Discretionary,Consumer Durables
PRIVISCL,Specialty Chemicals,Chemicals & Petrochemicals,Commodities,Chemicals
PROSTARM,Other Electrical Equipment,Electrical Equipment,Industrials,Capital Goods
PROTEAN,IT Enabled Services,IT - Services,Information Technology,Information Technology
PROZONER,Real Estate related services,Realty,Consumer Discretionary,Realty
PRSMJOHNSN,Cement & Cement Products,Cement & Cement Products,Commodities,Construction Materials
PRUDENT,Financial Products Distributor,Capital Markets,Financial Services,Financial Services
PSB,Public Sector Bank,Banks,Financial Services,Financial Services
PSPPROJECT,Civil Construction,Construction,Industrials,Construction
PSUBANK,Mutual Fund Scheme,Capital Markets,Financial Services,Financial Services
PSUBANKADD,Mutual Fund Scheme,Capital Markets,Financial Services,Financial Services
PSUBNKBEES,Mutual Fund Scheme,Capital Markets,Financial Services,Financial Services
PSUBNKIETF,Mutual Fund Scheme,Capital Markets,Financial Services,Financial Services
PTC,Power Trading,Power,Utilities,Power
PTCIL,Castings & Forgings,Industrial Products,Industrials,Capital Goods
PTL,Diversified Commercial Services,Commercial Services & Supplies,Services,Services
PUNJABCHEM,Pesticides & Agrochemicals,Fertilizers & Agrochemicals,Commodities,Chemicals
PURVA,Residential Commercial Projects,Realty,Consumer Discretionary,Realty
PVP,Residential Commercial Projects,Realty,Consumer Discretionary,Realty
PVRINOX,Film Production Distribution & Exhibition,Entertainment,Consumer Discretionary,Media Entertainment & Publication
PVSL,Auto Dealer,Automobiles,Consumer Discretionary,Automobile and Auto Components
PVTBANIETF,MUTUAL FUND SCHEME,CAPITAL MARKETS,FINANCIAL SERVICES,FINANCIAL SERVICES
PVTBANK,Mutual Fund Scheme,Capital Markets,Financial Services,Financial Services
PVTBANKADD,Mutual Fund Scheme,Capital Markets,Financial Services,Financial Services
PVTBKGROWW,Mutual Fund Scheme,Capital Markets,Financial Services,Financial Services
PWL,E-Learning,Other Consumer Services,Consumer Discretionary,Consumer Services
PYRAMID,Packaging,Industrial Products,Industrials,Capital Goods
QGOLDHALF,Mutual Fund Scheme,Capital Markets,Financial Services,Financial Services
QNIFTY,Mutual Fund Scheme,Capital Markets,Financial Services,Financial Services
QPOWER,Heavy Electrical Equipment,Electrical Equipment,Industrials,Capital Goods
QUADFUTURE,Cables - Electricals,Industrial Products,Industrials,Capital Goods
QUAL30IETF,Mutual Fund Scheme,Capital Markets,Financial Services,Financial Services
QUALITY30,Mutual Fund Scheme,Capital Markets,Financial Services,Financial Services
QUESS,Diversified Commercial Services,Commercial Services & Supplies,Services,Services
QUICKHEAL,Software Products,IT - Software,Information Technology,Information Technology
QUINT,Electronic Media,Media,Consumer Discretionary,Media Entertainment & Publication
RACE,Waste Management,Other Utilities,Utilities,Utilities
RACLGEAR,Auto Components & Equipments,Auto Components,Consumer Discretionary,Automobile and Auto Components
RADAAN,Media & Entertainment,Entertainment,Consumer Discretionary,Media Entertainment & Publication
RADIANTCMS,Diversified Commercial Services,Commercial Services & Supplies,Services,Services
RADICO,Breweries & Distilleries,Beverages,Fast Moving Consumer Goods,Fast Moving Consumer Goods
RADIOCITY,Media & Entertainment,Entertainment,Consumer Discretionary,Media Entertainment & Publication
RAILTEL,Other Telecom Services,Telecom - Services,Telecommunication,Telecommunication
RAIN,Petrochemicals,Chemicals & Petrochemicals,Commodities,Chemicals
RAINBOW,Hospital,Healthcare Services,Healthcare,Healthcare
RAJMET,Aluminium Copper & Zinc Products,Industrial Products,Industrials,Capital Goods
RAJPALAYAM,Other Textile Products,Textiles & Apparels,Consumer Discretionary,Textiles
RAJRATAN,Auto Components & Equipments,Auto Components,Consumer Discretionary,Automobile and Auto Components
RAJRILTD,Other Textile Products,Textiles & Apparels,Consumer Discretionary,Textiles
RAJSREESUG,Sugar,Agricultural Food & other Products,Fast Moving Consumer Goods,Fast Moving Consumer Goods
RAJTV,TV Broadcasting & Software Production,Entertainment,Consumer Discretionary,Media Entertainment & Publication
RALLIS,Pesticides & Agrochemicals,Fertilizers & Agrochemicals,Commodities,Chemicals
RAMANEWS,Other Beverages,Beverages,Fast Moving Consumer Goods,Fast Moving Consumer Goods
RAMAPHO,Fertilizers,Fertilizers & Agrochemicals,Commodities,Chemicals
RAMBHAJO,Gems Jewellery And Watches,Consumer Durables,Consumer Discretionary,Consumer Durables
RAMCOCEM,Cement & Cement Products,Cement & Cement Products,Commodities,Construction Materials
RAMCOIND,Other Construction Materials,Other Construction Materials,Commodities,Construction Materials
RAMCOSYS,Software Products,IT - Software,Information Technology,Information Technology
RAMKY,Civil Construction,Construction,Industrials,Construction
RAMRAT,Other Electrical Equipment,Electrical Equipment,Industrials,Capital Goods
RANASUG,Diversified FMCG,Diversified FMCG,Fast Moving Consumer Goods,Fast Moving Consumer Goods
RANEHOLDIN,Holding Company,Finance,Financial Services,Financial Services
RATEGAIN,Computers - Software & Consulting,IT - Software,Information Technology,Information Technology
RATNAMANI,Iron & Steel Products,Industrial Products,Industrials,Capital Goods
RATNAVEER,Iron & Steel Products,Industrial Products,Industrials,Capital Goods
RAYMOND,Industrial Products,Industrial Manufacturing,Industrials,Capital Goods
RAYMONDLSL,Other Textile Products,Textiles & Apparels,Consumer Discretionary,Textiles
RAYMONDREL,Residential Commercial Projects,Realty,Consumer Discretionary,Realty
RBA,Restaurants,Leisure Services,Consumer Discretionary,Consumer Services
RBLBANK,Private Sector Bank,Banks,Financial Services,Financial Services
RCF,Fertilizers,Fertilizers & Agrochemicals,Commodities,Chemicals
RECLTD,Financial Institution,Finance,Financial Services,Financial Services
REDINGTON,Trading & Distributors,Commercial Services & Supplies,Services,Services
REDTAPE,Footwear,Consumer Durables,Consumer Discretionary,Consumer Durables
REFEX,Waste Management,Other Utilities,Utilities,Utilities
REGAAL,Other Agricultural Products,Agricultural Food & other Products,Fast Moving Consumer Goods,Fast Moving Consumer Goods
REGENCERAM,Ceramics,Consumer Durables,Consumer Discretionary,Consumer Durables
RELAXO,Footwear,Consumer Durables,Consumer Discretionary,Consumer Durables
RELCHEMQ,Other Textile Products,Textiles & Apparels,Consumer Discretionary,Textiles
RELIABLE,Other Financial Services,Finance,Financial Services,Financial Services
RELIANCE,Refineries & Marketing,Petroleum Products,Energy,Oil Gas & Consumable Fuels
RELIGARE,Investment Company,Finance,Financial Services,Financial Services
RELINFRA,Integrated Power Utilities,Power,Utilities,Power
RELTD,Other Electrical Equipment,Electrical Equipment,Industrials,Capital Goods
REMSONSIND,Auto Components & Equipments,Auto Components,Consumer Discretionary,Automobile and Auto Components
RENTOMOJO,Diversified Commercial Services,Commercial Services & Supplies,Services,Services
RENUKA,Sugar,Agricultural Food & other Products,Fast Moving Consumer Goods,Fast Moving Consumer Goods
REPCOHOME,Housing Finance Company,Finance,Financial Services,Financial Services
REPRO,Printing & Publication,Printing & Publication,Consumer Discretionary,Media Entertainment & Publication
RESPONIND,Furniture Home Furnishing,Consumer Durables,Consumer Discretionary,Consumer Durables
RETAIL,Diversified Retail,Retailing,Consumer Discretionary,Consumer Services
RGL,Gems Jewellery And Watches,Consumer Durables,Consumer Discretionary,Consumer Durables
RHETAN,Iron & Steel Products,Industrial Products,Industrials,Capital Goods
RHFL,Housing Finance Company,Finance,Financial Services,Financial Services
RHIM,Electrodes & Refractories,Industrial Products,Industrials,Capital Goods
RHL,Hotels & Resorts,Leisure Services,Consumer Discretionary,Consumer Services
RICOAUTO,Auto Components & Equipments,Auto Components,Consumer Discretionary,Automobile and Auto Components
RIIL,Logistics Solution Provider,Transport Services,Services,Services
RIR,Other Electrical Equipment,Electrical Equipment,Industrials,Capital Goods
RISHABH,Other Electrical Equipment,Electrical Equipment,Industrials,Capital Goods
RITCO,Logistics Solution Provider,Transport Services,Services,Services
RITES,Civil Construction,Construction,Industrials,Construction
RKDL,Breweries & Distilleries,Beverages,Fast Moving Consumer Goods,Fast Moving Consumer Goods
RKEC,Civil Construction,Construction,Industrials,Construction
RKFORGE,Auto Components & Equipments,Auto Components,Consumer Discretionary,Automobile and Auto Components
RKSWAMY,Advertising & Media Agencies,Media,Consumer Discretionary,Media Entertainment & Publication
RMC,Other Electrical Equipment,Electrical Equipment,Industrials,Capital Goods
RML,Auto Components & Equipments,Auto Components,Consumer Discretionary,Automobile and Auto Components
ROHLTD,Hotels & Resorts,Leisure Services,Consumer Discretionary,Consumer Services
ROLEXRINGS,Auto Components & Equipments,Auto Components,Consumer Discretionary,Automobile and Auto Components
ROML,Edible Oil,Agricultural Food & other Products,Fast Moving Consumer Goods,Fast Moving Consumer Goods
ROSSARI,Specialty Chemicals,Chemicals & Petrochemicals,Commodities,Chemicals
ROSSELLIND,Tea & Coffee,Agricultural Food & other Products,Fast Moving Consumer Goods,Fast Moving Consumer Goods
ROSSTECH,Aerospace & Defense,Aerospace & Defense,Industrials,Capital Goods
ROTO,Compressors Pumps & Diesel Engines,Industrial Products,Industrials,Capital Goods
ROUTE,Other Telecom Services,Telecom - Services,Telecommunication,Telecommunication
RPEL,Electrodes & Refractories,Industrial Products,Industrials,Capital Goods
RPGLIFE,Pharmaceuticals,Pharmaceuticals & Biotechnology,Healthcare,Healthcare
RPOWER,Power Generation,Power,Utilities,Power
RPPINFRA,Civil Construction,Construction,Industrials,Construction
RPSGVENT,Business Process Outsourcing (BPO)/ Knowledge Process Outsourcing (KPO),Commercial Services & Supplies,Services,Services
RPTECH,Computers Hardware & Equipments,IT - Hardware,Information Technology,Information Technology
RRECL,Residential Commercial Projects,Realty,Consumer Discretionary,Realty
RRIL,Other Textile Products,Textiles & Apparels,Consumer Discretionary,Textiles
RRKABEL,Cables - Electricals,Industrial Products,Industrials,Capital Goods
RSL,Iron & Steel Products,Industrial Products,Industrials,Capital Goods
RSSOFTWARE,Computers - Software & Consulting,IT - Software,Information Technology,Information Technology
RSYSTEMS,IT Enabled Services,IT - Services,Information Technology,Information Technology
RTNINDIA,E-Retail/ E-Commerce,Retailing,Consumer Discretionary,Consumer Services
RTNPOWER,Power Generation,Power,Utilities,Power
RTSPOWR,Other Electrical Equipment,Electrical Equipment,Industrials,Capital Goods
RUBFILA,Rubber,Industrial Products,Industrials,Capital Goods
RUBICON,Pharmaceuticals,Pharmaceuticals & Biotechnology,Healthcare,Healthcare
RUBYMILLS,Other Textile Products,Textiles & Apparels,Consumer Discretionary,Textiles
RUCHINFRA,Diversified Commercial Services,Commercial Services & Supplies,Services,Services
RUCHIRA,Paper & Paper Products,Paper Forest & Jute Products,Commodities,Forest Materials
RUDRA,Iron & Steel Products,Industrial Products,Industrials,Capital Goods
RUPA,Garments & Apparels,Textiles & Apparels,Consumer Discretionary,Textiles
RUSHIL,Plywood Boards/ Laminates,Consumer Durables,Consumer Discretionary,Consumer Durables
RUSTOMJEE,Residential Commercial Projects,Realty,Consumer Discretionary,Realty
RVHL,Residential Commercial Projects,Realty,Consumer Discretionary,Realty
RVNL,Civil Construction,Construction,Industrials,Construction
RVTH,Industrial Products,Industrial Manufacturing,Industrials,Capital Goods
SAATVIKGL,Other Electrical Equipment,Electrical Equipment,Industrials,Capital Goods
SAB,Civil Construction,Construction,Industrials,Construction
SADBHAV,Road Assets - Toll Annuity Hybrid-Annuity,Transport Infrastructure,Services,Services
SADBHIN,Road Assets - Toll Annuity Hybrid-Annuity,Transport Infrastructure,Services,Services
SAFARI,Plastic Products - Consumer,Consumer Durables,Consumer Discretionary,Consumer Durables
SAGARDEEP,Aluminium Copper & Zinc Products,Industrial Products,Industrials,Capital Goods
SAGCEM,Cement & Cement Products,Cement & Cement Products,Commodities,Construction Materials
SAGILITY,IT Enabled Services,IT - Services,Information Technology,Information Technology
SAHLIBHFI,Non Banking Financial Company (NBFC),Finance,Financial Services,Financial Services
SAHYADRI,Other Construction Materials,Other Construction Materials,Commodities,Construction Materials
SAICAPI,Diversified Commercial Services,Commercial Services & Supplies,Services,Services
SAIL,Iron & Steel,Ferrous Metals,Commodities,Metals & Mining
SAILIFE,Pharmaceuticals,Pharmaceuticals & Biotechnology,Healthcare,Healthcare
SAIPARENT,Pharmaceuticals,Pharmaceuticals & Biotechnology,Healthcare,Healthcare
SAKAR,Pharmaceuticals,Pharmaceuticals & Biotechnology,Healthcare,Healthcare
SAKHTISUG,Sugar,Agricultural Food & other Products,Fast Moving Consumer Goods,Fast Moving Consumer Goods
SAKSOFT,Computers - Software & Consulting,IT - Software,Information Technology,Information Technology
SAKUMA,Trading & Distributors,Commercial Services & Supplies,Services,Services
SALASAR,Industrial Products,Industrial Manufacturing,Industrials,Capital Goods
SALONA,Other Textile Products,Textiles & Apparels,Consumer Discretionary,Textiles
SALSTEEL,Sponge Iron,Ferrous Metals,Commodities,Metals & Mining
SALZERELEC,Other Electrical Equipment,Electrical Equipment,Industrials,Capital Goods
SAMBANDAM,SPINNING-COTTON/BLENDED,TEXTILES - COTTON,CONSUMER,TEXTILES
SAMBHAAV,Electronic Media,Media,Consumer Discretionary,Media Entertainment & Publication
SAMBHV,Iron & Steel Products,Industrial Products,Industrials,Capital Goods
SAMHI,Hotels & Resorts,Leisure Services,Consumer Discretionary,Consumer Services
SAMMAANCAP,Housing Finance Company,Finance,Financial Services,Financial Services
SAMPANN,Rubber,Industrial Products,Industrials,Capital Goods
SANATHAN,Other Textile Products,Textiles & Apparels,Consumer Discretionary,Textiles
SANDESH,Print Media,Media,Consumer Discretionary,Media Entertainment & Publication
SANDHAR,Auto Components & Equipments,Auto Components,Consumer Discretionary,Automobile and Auto Components
SANDUMA,Iron & Steel,Ferrous Metals,Commodities,Metals & Mining
SANGAMIND,Other Textile Products,Textiles & Apparels,Consumer Discretionary,Textiles
SANGHVIMOV,Diversified Commercial Services,Commercial Services & Supplies,Services,Services
SANOFI,Pharmaceuticals,Pharmaceuticals & Biotechnology,Healthcare,Healthcare
SANOFICONR,Pharmaceuticals,Pharmaceuticals & Biotechnology,Healthcare,Healthcare
SANSERA,Auto Components & Equipments,Auto Components,Consumer Discretionary,Automobile and Auto Components
SANSTAR,Other Agricultural Products,Agricultural Food & other Products,Fast Moving Consumer Goods,Fast Moving Consumer Goods
SAPPHIRE,Restaurants,Leisure Services,Consumer Discretionary,Consumer Services
SAPPL,Paper & Paper Products,Paper Forest & Jute Products,Commodities,Forest Materials
SARDAEN,Iron & Steel,Ferrous Metals,Commodities,Metals & Mining
SAREGAMA,Media & Entertainment,Entertainment,Consumer Discretionary,Media Entertainment & Publication
SARLAPOLY,Other Textile Products,Textiles & Apparels,Consumer Discretionary,Textiles
SARVESHWAR,Other Agricultural Products,Agricultural Food & other Products,Fast Moving Consumer Goods,Fast Moving Consumer Goods
SASKEN,IT Enabled Services,IT - Services,Information Technology,Information Technology
SATIA,Paper & Paper Products,Paper Forest & Jute Products,Commodities,Forest Materials
SATIN,Microfinance Institutions,Finance,Financial Services,Financial Services
SAURASHCEM,Cement & Cement Products,Cement & Cement Products,Commodities,Construction Materials
SAYAJIHOTL,HOTELS/RESORTS,HOTELS/ RESORTS AND OTHER RECREATIONAL ACTIVITIES,SERVICES,SERVICES
SAYAJIIND,Other Agricultural Products,Agricultural Food & other Products,Fast Moving Consumer Goods,Fast Moving Consumer Goods
SBC,Garments & Apparels,Textiles & Apparels,Consumer Discretionary,Textiles
SBCL,Iron & Steel Products,Industrial Products,Industrials,Capital Goods
SBFC,Non Banking Financial Company (NBFC),Finance,Financial Services,Financial Services
SBGLP,Residential Commercial Projects,Realty,Consumer Discretionary,Realty
SBIBPB,Mutual Fund Scheme,Capital Markets,Financial Services,Financial Services
SBICARD,Non Banking Financial Company (NBFC),Finance,Financial Services,Financial Services
SBIETFCON,Mutual Fund Scheme,Capital Markets,Financial Services,Financial Services
SBIETFIT,Mutual Fund Scheme,Capital Markets,Financial Services,Financial Services
SBIETFPB,Mutual Fund Scheme,Capital Markets,Financial Services,Financial Services
SBIFUNDS,Asset Management Company,Capital Markets,Financial Services,Financial Services
SBILIFE,Life Insurance,Insurance,Financial Services,Financial Services
SBILIQETF,Mutual Fund Scheme,Capital Markets,Financial Services,Financial Services
SBIMIDMOM,Mutual Fund Scheme,Capital Markets,Financial Services,Financial Services
SBIN,Public Sector Bank,Banks,Financial Services,Financial Services
SBINEQWETF,Mutual Fund Scheme,Capital Markets,Financial Services,Financial Services
SBINMID150,Mutual Fund Scheme,Capital Markets,Financial Services,Financial Services
SBISILVER,Mutual Fund Scheme,Capital Markets,Financial Services,Financial Services
SBISMLETF,Mutual Fund Scheme,Capital Markets,Financial Services,Financial Services
SBIVALETF,Mutual Fund Scheme,Capital Markets,Financial Services,Financial Services
SCHAEFFLER,Auto Components & Equipments,Auto Components,Consumer Discretionary,Automobile and Auto Components
SCHAND,Printing & Publication,Printing & Publication,Consumer Discretionary,Media Entertainment & Publication
SCHNEIDER,Heavy Electrical Equipment,Electrical Equipment,Industrials,Capital Goods
SCI,Shipping,Transport Services,Services,Services
SCILAL,Investment Company,Finance,Financial Services,Financial Services
SCODATUBES,Iron & Steel Products,Industrial Products,Industrials,Capital Goods
SDBL,Breweries & Distilleries,Beverages,Fast Moving Consumer Goods,Fast Moving Consumer Goods
SEAMECLTD,Shipping,Transport Services,Services,Services
SECLEDBETA,Mutual Fund Scheme,Capital Markets,Financial Services,Financial Services
SECMARK,Computers - Software & Consulting,IT - Software,Information Technology,Information Technology
SECURKLOUD,IT Enabled Services,IT - Services,Information Technology,Information Technology
SEDEMAC,Auto Components & Equipments,Auto Components,Consumer Discretionary,Automobile and Auto Components
SEIL,Education,Other Consumer Services,Consumer Discretionary,Consumer Services
SEJALLTD,Glass - Industrial,Industrial Products,Industrials,Capital Goods
SEKURITIND,Auto Components & Equipments,Auto Components,Consumer Discretionary,Automobile and Auto Components
SELECTIPO,Mutual Fund Scheme,Capital Markets,Financial Services,Financial Services
SEMAC,Civil Construction,Construction,Industrials,Construction
SENCO,Gems Jewellery And Watches,Consumer Durables,Consumer Discretionary,Consumer Durables
SENORES,Pharmaceuticals,Pharmaceuticals & Biotechnology,Healthcare,Healthcare
SENSEXADD,Mutual Fund Scheme,Capital Markets,Financial Services,Financial Services
SENSEXAXIS,Mutual Fund Scheme,Capital Markets,Financial Services,Financial Services
SENSEXBETA,Mutual Fund Scheme,Capital Markets,Financial Services,Financial Services
SENSEXETF,Mutual Fund Scheme,Capital Markets,Financial Services,Financial Services
SENSEXIETF,Mutual Fund Scheme,Capital Markets,Financial Services,Financial Services
SEPC,Civil Construction,Construction,Industrials,Construction
SERVOTECH,Other Electrical Equipment,Electrical Equipment,Industrials,Capital Goods
SESHAPAPER,Paper & Paper Products,Paper Forest & Jute Products,Commodities,Forest Materials
SETFNIF50,Mutual Fund Scheme,Capital Markets,Financial Services,Financial Services
SETL,Industrial Products,Industrial Manufacturing,Industrials,Capital Goods
SFL,Furniture Home Furnishing,Consumer Durables,Consumer Discretionary,Consumer Durables
SGFIN,Non Banking Financial Company (NBFC),Finance,Financial Services,Financial Services
SGIL,Castings & Forgings,Industrial Products,Industrials,Capital Goods
SGL,Other Textile Products,Textiles & Apparels,Consumer Discretionary,Textiles
SGLRES,IT Enabled Services,IT - Services,Information Technology,Information Technology
SGMART,Trading - Metals,Metals & Minerals Trading,Commodities,Metals & Mining
SGRL,Pharmaceuticals,Pharmaceuticals & Biotechnology,Healthcare,Healthcare
SHADOWFAX,Logistics Solution Provider,Transport Services,Services,Services
SHAH,Iron & Steel Products,Industrial Products,Industrials,Capital Goods
SHAILY,Plastic Products - Consumer,Consumer Durables,Consumer Discretionary,Consumer Durables
SHAKTIPUMP,Compressors Pumps & Diesel Engines,Industrial Products,Industrials,Capital Goods
SHALBY,Hospital,Healthcare Services,Healthcare,Healthcare
SHANKARA,Speciality Retail,Retailing,Consumer Discretionary,Consumer Services
SHANKESH,Gems Jewellery And Watches,Consumer Durables,Consumer Discretionary,Consumer Durables
SHANTI,Other Agricultural Products,Agricultural Food & other Products,Fast Moving Consumer Goods,Fast Moving Consumer Goods
SHANTIGEAR,Industrial Products,Industrial Manufacturing,Industrials,Capital Goods
SHANTIGOLD,Gems Jewellery And Watches,Consumer Durables,Consumer Discretionary,Consumer Durables
SHARDACROP,Pesticides & Agrochemicals,Fertilizers & Agrochemicals,Commodities,Chemicals
SHARDAMOTR,Auto Components & Equipments,Auto Components,Consumer Discretionary,Automobile and Auto Components
SHAREINDIA,Stockbroking & Allied,Capital Markets,Financial Services,Financial Services
SHARIABEES,Mutual Fund Scheme,Capital Markets,Financial Services,Financial Services
SHBAJRG,Iron & Steel Products,Industrial Products,Industrials,Capital Goods
SHERVANI,Residential Commercial Projects,Realty,Consumer Discretionary,Realty
SHILCTECH,Heavy Electrical Equipment,Electrical Equipment,Industrials,Capital Goods
SHILGRAVQ,Aluminium Copper & Zinc Products,Industrial Products,Industrials,Capital Goods
SHILPAMED,Pharmaceuticals,Pharmaceuticals & Biotechnology,Healthcare,Healthcare
SHINDL,Seafood,Food Products,Fast Moving Consumer Goods,Fast Moving Consumer Goods
SHIPROCKET,Logistics Solution Provider,Transport Services,Services,Services
SHIVAAGRO,Fertilizers,Fertilizers & Agrochemicals,Commodities,Chemicals
SHIVACEM,Cement & Cement Products,Cement & Cement Products,Commodities,Construction Materials
SHIVALIK,Pesticides & Agrochemicals,Fertilizers & Agrochemicals,Commodities,Chemicals
SHIVAMAUTO,Auto Components & Equipments,Auto Components,Consumer Discretionary,Automobile and Auto Components
SHIVAMILLS,Other Textile Products,Textiles & Apparels,Consumer Discretionary,Textiles
SHIVATEX,Other Textile Products,Textiles & Apparels,Consumer Discretionary,Textiles
SHIVAUM,Trading & Distributors,Commercial Services & Supplies,Services,Services
SHK,Specialty Chemicals,Chemicals & Petrochemicals,Commodities,Chemicals
SHOPERSTOP,Diversified Retail,Retailing,Consumer Discretionary,Consumer Services
SHRADDHA,Residential Commercial Projects,Realty,Consumer Discretionary,Realty
SHRADHA,Residential Commercial Projects,Realty,Consumer Discretionary,Realty
SHREDIGCEM,Cement & Cement Products,Cement & Cement Products,Commodities,Construction Materials
SHREECEM,Cement & Cement Products,Cement & Cement Products,Commodities,Construction Materials
SHREEJISPG,Shipping,Transport Services,Services,Services
SHREEPUSHK,Dyes And Pigments,Chemicals & Petrochemicals,Commodities,Chemicals
SHREERAMA,Packaging,Industrial Products,Industrials,Capital Goods
SHREYANIND,Paper & Paper Products,Paper Forest & Jute Products,Commodities,Forest Materials
SHRIKRISH,Residential Commercial Projects,Realty,Consumer Discretionary,Realty
SHRINGARMS,Gems Jewellery And Watches,Consumer Durables,Consumer Discretionary,Consumer Durables
SHRIPISTON,Auto Components & Equipments,Auto Components,Consumer Discretionary,Automobile and Auto Components
SHRIRAMFIN,Non Banking Financial Company (NBFC),Finance,Financial Services,Financial Services
SHRIRAMPPS,Residential Commercial Projects,Realty,Consumer Discretionary,Realty
SHRJAGP,Packaging,Industrial Products,Industrials,Capital Goods
SHUKRAPHAR,Pharmaceuticals,Pharmaceuticals & Biotechnology,Healthcare,Healthcare
SHYAMMETL,Iron & Steel Products,Industrial Products,Industrials,Capital Goods
SHYAMTEL,Trading & Distributors,Commercial Services & Supplies,Services,Services
SICAGEN,TRADING,TRADING,SERVICES,SERVICES
SIEL,Edible Oil,Agricultural Food & other Products,Fast Moving Consumer Goods,Fast Moving Consumer Goods
SIEMENS,Heavy Electrical Equipment,Electrical Equipment,Industrials,Capital Goods
SIGACHI,Pharmaceuticals,Pharmaceuticals & Biotechnology,Healthcare,Healthcare
SIGMA,IT Enabled Services,IT - Services,Information Technology,Information Technology
SIGNATURE,Residential Commercial Projects,Realty,Consumer Discretionary,Realty
SIGNPOST,Advertising & Media Agencies,Media,Consumer Discretionary,Media Entertainment & Publication
SIKA,Aerospace & Defense,Aerospace & Defense,Industrials,Capital Goods
SIL,Trading - Textile Products,Textiles & Apparels,Consumer Discretionary,Textiles
SILGO,Gems Jewellery And Watches,Consumer Durables,Consumer Discretionary,Consumer Durables
SILINV,Investment Company,Finance,Financial Services,Financial Services
SILVER,Mutual Fund Scheme,Capital Markets,Financial Services,Financial Services
SILVER001,Mutual Fund Scheme,Capital Markets,Financial Services,Financial Services
SILVER1,Mutual Fund Scheme,Capital Markets,Financial Services,Financial Services
SILVER360,Mutual Fund Scheme,Capital Markets,Financial Services,Financial Services
SILVERADD,Mutual Fund Scheme,Capital Markets,Financial Services,Financial Services
SILVERAG,Mutual Fund Scheme,Capital Markets,Financial Services,Financial Services
SILVERAXIS,Mutual Fund Scheme,Capital Markets,Financial Services,Financial Services
SILVERBEES,Mutual Fund Scheme,Capital Markets,Financial Services,Financial Services
SILVERBETA,Mutual Fund Scheme,Capital Markets,Financial Services,Financial Services
SILVERBND,Mutual Fund Scheme,Capital Markets,Financial Services,Financial Services
SILVERCASE,Mutual Fund Scheme,Capital Markets,Financial Services,Financial Services
SILVERIETF,Mutual Fund Scheme,Capital Markets,Financial Services,Financial Services
SILVERTUC,Computers - Software & Consulting,IT - Software,Information Technology,Information Technology
SIMPLEXINF,Civil Construction,Construction,Industrials,Construction
SIMPLXREA,Residential Commercial Projects,Realty,Consumer Discretionary,Realty
SINCLAIR,Hotels & Resorts,Leisure Services,Consumer Discretionary,Consumer Services
SINDHUTRAD,Coal,Consumable Fuels,Energy,Oil Gas & Consumable Fuels
SINGERIND,Household Appliances,Consumer Durables,Consumer Discretionary,Consumer Durables
SINTERCOM,Auto Components & Equipments,Auto Components,Consumer Discretionary,Automobile and Auto Components
SIRCA,Paints,Consumer Durables,Consumer Discretionary,Consumer Durables
SIS,Other Consumer Services,Other Consumer Services,Consumer Discretionary,Consumer Services
SIYSIL,Other Textile Products,Textiles & Apparels,Consumer Discretionary,Textiles
SJS,Auto Components & Equipments,Auto Components,Consumer Discretionary,Automobile and Auto Components
SJVN,Power Generation,Power,Utilities,Power
SKFINDIA,Auto Components & Equipments,Auto Components,Consumer Discretionary,Automobile and Auto Components
SKFINDUS,Abrasives & Bearings,Industrial Products,Industrials,Capital Goods
SKIPPER,Heavy Electrical Equipment,Electrical Equipment,Industrials,Capital Goods
SKMEGGPROD,Meat Products including Poultry,Food Products,Fast Moving Consumer Goods,Fast Moving Consumer Goods
SKYGOLD,Gems Jewellery And Watches,Consumer Durables,Consumer Discretionary,Consumer Durables
SKYWAYS,Logistics Solution Provider,Transport Services,Services,Services
SMALL250,Mutual Fund Scheme,Capital Markets,Financial Services,Financial Services
SMALLADD,Mutual Fund Scheme,Capital Markets,Financial Services,Financial Services
SMALLCAP,Mutual Fund Scheme,Capital Markets,Financial Services,Financial Services
SMALLGROWW,Mutual Fund Scheme,Capital Markets,Financial Services,Financial Services
SMALLIETF,Mutual Fund Scheme,Capital Markets,Financial Services,Financial Services
SMARTWORKS,Diversified Commercial Services,Commercial Services & Supplies,Services,Services
SMCGLOBAL,Stockbroking & Allied,Capital Markets,Financial Services,Financial Services
SML100CASE,Mutual Fund Scheme,Capital Markets,Financial Services,Financial Services
SMLMAH,Commercial Vehicles,Agricultural Commercial & Construction Vehicles,Industrials,Capital Goods
SMLT,Iron & Steel Products,Industrial Products,Industrials,Capital Goods
SMSPHARMA,Pharmaceuticals,Pharmaceuticals & Biotechnology,Healthcare,Healthcare
SNOWMAN,Logistics Solution Provider,Transport Services,Services,Services
SNXT30BEES,Mutual Fund Scheme,Capital Markets,Financial Services,Financial Services
SNXT50BETA,Mutual Fund Scheme,Capital Markets,Financial Services,Financial Services
SOBHA,Residential Commercial Projects,Realty,Consumer Discretionary,Realty
SOFTTECH,Computers - Software & Consulting,IT - Software,Information Technology,Information Technology
SOLARA,Pharmaceuticals,Pharmaceuticals & Biotechnology,Healthcare,Healthcare
SOLARINDS,Explosives,Chemicals & Petrochemicals,Commodities,Chemicals
SOLARWORLD,Civil Construction,Construction,Industrials,Construction
SOLEX,Other Electrical Equipment,Electrical Equipment,Industrials,Capital Goods
SOMANYCERA,Ceramics,Consumer Durables,Consumer Discretionary,Consumer Durables
SOMATEX,Other Textile Products,Textiles & Apparels,Consumer Discretionary,Textiles
SOMICONVEY,Industrial Products,Industrial Manufacturing,Industrials,Capital Goods
SONACOMS,Auto Components & Equipments,Auto Components,Consumer Discretionary,Automobile and Auto Components
SONAL,Non Banking Financial Company (NBFC),Finance,Financial Services,Financial Services
SONATSOFTW,Computers - Software & Consulting,IT - Software,Information Technology,Information Technology
SOTL,Lubricants,Petroleum Products,Energy,Oil Gas & Consumable Fuels
SOUTHBANK,Private Sector Bank,Banks,Financial Services,Financial Services
SOUTHWEST,Diversified Commercial Services,Commercial Services & Supplies,Services,Services
SPAL,Garments & Apparels,Textiles & Apparels,Consumer Discretionary,Textiles
SPANDANA,Microfinance Institutions,Finance,Financial Services,Financial Services
SPARC,Pharmaceuticals,Pharmaceuticals & Biotechnology,Healthcare,Healthcare
SPCENET,Trading & Distributors,Commercial Services & Supplies,Services,Services
SPENCERS,Diversified Retail,Retailing,Consumer Discretionary,Consumer Services
SPIC,Fertilizers,Fertilizers & Agrochemicals,Commodities,Chemicals
SPLIL,Trading - Textile Products,Textiles & Apparels,Consumer Discretionary,Textiles
SPLPETRO,Petrochemicals,Chemicals & Petrochemicals,Commodities,Chemicals
SPMLINFRA,Civil Construction,Construction,Industrials,Construction
SPORTKING,Other Textile Products,Textiles & Apparels,Consumer Discretionary,Textiles
SRD,Trading - Chemicals,Chemicals & Petrochemicals,Commodities,Chemicals
SRF,Specialty Chemicals,Chemicals & Petrochemicals,Commodities,Chemicals
SRGHFL,Housing Finance Company,Finance,Financial Services,Financial Services
SRHHYPOLTD,Commodity Chemicals,Chemicals & Petrochemicals,Commodities,Chemicals
SRM,Civil Construction,Construction,Industrials,Construction
SRTL,Other Textile Products,Textiles & Apparels,Consumer Discretionary,Textiles
SSDL,Garments & Apparels,Textiles & Apparels,Consumer Discretionary,Textiles
SSWL,Auto Components & Equipments,Auto Components,Consumer Discretionary,Automobile and Auto Components
STANLEY,Furniture Home Furnishing,Consumer Durables,Consumer Discretionary,Consumer Durables
STAR,Pharmaceuticals,Pharmaceuticals & Biotechnology,Healthcare,Healthcare
STARCEMENT,Cement & Cement Products,Cement & Cement Products,Commodities,Construction Materials
STARHEALTH,General Insurance,Insurance,Financial Services,Financial Services
STARPAPER,Paper & Paper Products,Paper Forest & Jute Products,Commodities,Forest Materials
STARTECK,Non Banking Financial Company (NBFC),Finance,Financial Services,Financial Services
STCINDIA,Trading & Distributors,Commercial Services & Supplies,Services,Services
STEAMHOUSE,Industrial Gases,Chemicals & Petrochemicals,Commodities,Chemicals
STEELCAS,Castings & Forgings,Industrial Products,Industrials,Capital Goods
STEELCITY,Stockbroking & Allied,Capital Markets,Financial Services,Financial Services
STEELXIND,Iron & Steel Products,Industrial Products,Industrials,Capital Goods
STEL,Investment Company,Finance,Financial Services,Financial Services
STLNETWORK,Other Telecom Services,Telecom - Services,Telecommunication,Telecommunication
STLSTRINF,Residential Commercial Projects,Realty,Consumer Discretionary,Realty
STOVEKRAFT,Household Appliances,Consumer Durables,Consumer Discretionary,Consumer Durables
STUDDS,Auto Components & Equipments,Auto Components,Consumer Discretionary,Automobile and Auto Components
STYL,Financial Technology (Fintech),Financial Technology (Fintech),Financial Services,Financial Services
STYLAMIND,Plywood Boards/ Laminates,Consumer Durables,Consumer Discretionary,Consumer Durables
STYLEBAAZA,Speciality Retail,Retailing,Consumer Discretionary,Consumer Services
STYRENIX,Specialty Chemicals,Chemicals & Petrochemicals,Commodities,Chemicals
SUBEXLTD,Software Products,IT - Software,Information Technology,Information Technology
SUBROS,Other Industrial Products,Industrial Products,Industrials,Capital Goods
SUDARCOLOR,Dyes And Pigments,Chemicals & Petrochemicals,Commodities,Chemicals
SUDARSCHEM,Dyes And Pigments,Chemicals & Petrochemicals,Commodities,Chemicals
SUDEEPPHRM,Specialty Chemicals,Chemicals & Petrochemicals,Commodities,Chemicals
SUKHJITS,Other Agricultural Products,Agricultural Food & other Products,Fast Moving Consumer Goods,Fast Moving Consumer Goods
SULA,Breweries & Distilleries,Beverages,Fast Moving Consumer Goods,Fast Moving Consumer Goods
SUMEDHA,Other Financial Services,Finance,Financial Services,Financial Services
SUMEETINDS,Other Textile Products,Textiles & Apparels,Consumer Discretionary,Textiles
SUMICHEM,Pesticides & Agrochemicals,Fertilizers & Agrochemicals,Commodities,Chemicals
SUMIT,Residential Commercial Projects,Realty,Consumer Discretionary,Realty
SUMMITSEC,Investment Company,Finance,Financial Services,Financial Services
SUNCLAY,Auto Components & Equipments,Auto Components,Consumer Discretionary,Automobile and Auto Components
SUNDARAM,Stationary,Household Products,Fast Moving Consumer Goods,Fast Moving Consumer Goods
SUNDARMFIN,Non Banking Financial Company (NBFC),Finance,Financial Services,Financial Services
SUNDRMFAST,Auto Components & Equipments,Auto Components,Consumer Discretionary,Automobile and Auto Components
SUNDROP,Edible Oil,Agricultural Food & other Products,Fast Moving Consumer Goods,Fast Moving Consumer Goods
SUNFLAG,Iron & Steel Products,Industrial Products,Industrials,Capital Goods
SUNLOC,Pharmaceuticals,Pharmaceuticals & Biotechnology,Healthcare,Healthcare
SUNPHARMA,Pharmaceuticals,Pharmaceuticals & Biotechnology,Healthcare,Healthcare
SUNRAKSHAK,Other Textile Products,Textiles & Apparels,Consumer Discretionary,Textiles
SUNSHIEL,Specialty Chemicals,Chemicals & Petrochemicals,Commodities,Chemicals
SUNSHINE,Film Production Distribution & Exhibition,Entertainment,Consumer Discretionary,Media Entertainment & Publication
SUNTECK,Residential Commercial Projects,Realty,Consumer Discretionary,Realty
SUNTV,TV Broadcasting & Software Production,Entertainment,Consumer Discretionary,Media Entertainment & Publication
SUPERHOUSE,Leather And Leather Products,Consumer Durables,Consumer Discretionary,Consumer Durables
SUPRAJIT,Auto Components & Equipments,Auto Components,Consumer Discretionary,Automobile and Auto Components
SUPREME,Residential Commercial Projects,Realty,Consumer Discretionary,Realty
SUPREMEIND,Plastic Products - Industrial,Industrial Products,Industrials,Capital Goods
SUPREMEINF,Civil Construction,Construction,Industrials,Construction
SUPRIYA,Pharmaceuticals,Pharmaceuticals & Biotechnology,Healthcare,Healthcare
SURAJEST,Residential Commercial Projects,Realty,Consumer Discretionary,Realty
SURAJLTD,Iron & Steel Products,Industrial Products,Industrials,Capital Goods
SURAKSHA,Healthcare Service Provider,Healthcare Services,Healthcare,Healthcare
SURANASOL,Trading & Distributors,Commercial Services & Supplies,Services,Services
SURYALA,Other Textile Products,Textiles & Apparels,Consumer Discretionary,Textiles
SURYALAXMI,Other Textile Products,Textiles & Apparels,Consumer Discretionary,Textiles
SURYAROSNI,Iron & Steel Products,Industrial Products,Industrials,Capital Goods
SURYODAY,Other Bank,Banks,Financial Services,Financial Services
SUVEN,Healthcare Research Analytics & Technology,Healthcare Services,Healthcare,Healthcare
SUVIDHAA,Financial Technology (Fintech),Financial Technology (Fintech),Financial Services,Financial Services
SUYOG,Telecom - Infrastructure,Telecom - Services,Telecommunication,Telecommunication
SUZLON,Heavy Electrical Equipment,Electrical Equipment,Industrials,Capital Goods
SVGLOBAL,Residential Commercial Projects,Realty,Consumer Discretionary,Realty
SVLL,Logistics Solution Provider,Transport Services,Services,Services
SVPGLOB,Other Textile Products,Textiles & Apparels,Consumer Discretionary,Textiles
SWANCORP,Petrochemicals,Chemicals & Petrochemicals,Commodities,Chemicals
SWARAJENG,Compressors Pumps & Diesel Engines,Industrial Products,Industrials,Capital Goods
SWARNSAR,Gems Jewellery And Watches,Consumer Durables,Consumer Discretionary,Consumer Durables
SWELECTES,Heavy Electrical Equipment,Electrical Equipment,Industrials,Capital Goods
SWIGGY,E-Retail/ E-Commerce,Retailing,Consumer Discretionary,Consumer Services
SWSOLAR,Civil Construction,Construction,Industrials,Construction
SYMBIOTEC,Pharmaceuticals,Pharmaceuticals & Biotechnology,Healthcare,Healthcare
SYMPHONY,Household Appliances,Consumer Durables,Consumer Discretionary,Consumer Durables
SYNCOMF,Pharmaceuticals,Pharmaceuticals & Biotechnology,Healthcare,Healthcare
SYNGENE,Healthcare Research Analytics & Technology,Healthcare Services,Healthcare,Healthcare
SYRMA,Industrial Products,Industrial Manufacturing,Industrials,Capital Goods
TAALTECH,Airline,Transport Services,Services,Services
TAINWALCHM,Plastic Products - Industrial,Industrial Products,Industrials,Capital Goods
TAJGVK,Hotels & Resorts,Leisure Services,Consumer Discretionary,Consumer Services
TAKE,Healthcare Research Analytics & Technology,Healthcare Services,Healthcare,Healthcare
TALBROAUTO,Auto Components & Equipments,Auto Components,Consumer Discretionary,Automobile and Auto Components
TANAA,Aerospace & Defense,Aerospace & Defense,Industrials,Capital Goods
TANLA,Software Products,IT - Software,Information Technology,Information Technology
TARACHAND,Diversified Commercial Services,Commercial Services & Supplies,Services,Services
TARAPUR,Investment Company,Finance,Financial Services,Financial Services
TARC,Residential Commercial Projects,Realty,Consumer Discretionary,Realty
TARIL,Heavy Electrical Equipment,Electrical Equipment,Industrials,Capital Goods
TARMAT,Civil Construction,Construction,Industrials,Construction
TARSONS,Medical Equipment & Supplies,Healthcare Equipment & Supplies,Healthcare,Healthcare
TASTYBITE,Packaged Foods,Food Products,Fast Moving Consumer Goods,Fast Moving Consumer Goods
TATACAP,Non Banking Financial Company (NBFC),Finance,Financial Services,Financial Services
TATACHEM,Commodity Chemicals,Chemicals & Petrochemicals,Commodities,Chemicals
TATACOMM,Telecom - Cellular & Fixed line services,Telecom - Services,Telecommunication,Telecommunication
TATACONSUM,Tea & Coffee,Agricultural Food & other Products,Fast Moving Consumer Goods,Fast Moving Consumer Goods
TATAELXSI,Computers - Software & Consulting,IT - Software,Information Technology,Information Technology
TATAGOLD,Mutual Fund Scheme,Capital Markets,Financial Services,Financial Services
TATAINVEST,Investment Company,Finance,Financial Services,Financial Services
TATAPOWER,Integrated Power Utilities,Power,Utilities,Power
TATASTEEL,Iron & Steel,Ferrous Metals,Commodities,Metals & Mining
TATATECH,IT Enabled Services,IT - Services,Information Technology,Information Technology
TATSILV,Mutual Fund Scheme,Capital Markets,Financial Services,Financial Services
TATVA,Specialty Chemicals,Chemicals & Petrochemicals,Commodities,Chemicals
TBOTEK,Tour Travel Related Services,Leisure Services,Consumer Discretionary,Consumer Services
TBZ,Gems Jewellery And Watches,Consumer Durables,Consumer Discretionary,Consumer Durables
TCC,Internet & Catalogue Retail,Retailing,Consumer Discretionary,Consumer Services
TCI,Logistics Solution Provider,Transport Services,Services,Services
TCIEXP,Logistics Solution Provider,Transport Services,Services,Services
TCIFINANCE,Non Banking Financial Company (NBFC),Finance,Financial Services,Financial Services
TCPLPACK,Packaging,Industrial Products,Industrials,Capital Goods
TCS,Computers - Software & Consulting,IT - Software,Information Technology,Information Technology
TDPOWERSYS,Heavy Electrical Equipment,Electrical Equipment,Industrials,Capital Goods
TEAMGTY,Investment Company,Finance,Financial Services,Financial Services
TEAMLEASE,Diversified Commercial Services,Commercial Services & Supplies,Services,Services
TECH,Mutual Fund Scheme,Capital Markets,Financial Services,Financial Services
TECHM,Computers - Software & Consulting,IT - Software,Information Technology,Information Technology
TECHNOCRAF,Water Supply & Management,Other Utilities,Utilities,Utilities
TECHNOE,Civil Construction,Construction,Industrials,Construction
TECHNVISN,Software Products,IT - Software,Information Technology,Information Technology
TECILCHEM,Commodity Chemicals,Chemicals & Petrochemicals,Commodities,Chemicals
TEGA,Industrial Products,Industrial Manufacturing,Industrials,Capital Goods
TEJASNET,Telecom - Equipment & Accessories,Telecom - Equipment & Accessories,Telecommunication,Telecommunication
TEMBO,Iron & Steel Products,Industrial Products,Industrials,Capital Goods
TEMPSENS,Industrial Products,Industrial Manufacturing,Industrials,Capital Goods
TENNIND,Auto Components & Equipments,Auto Components,Consumer Discretionary,Automobile and Auto Components
TERASOFT,IT Enabled Services,IT - Services,Information Technology,Information Technology
TEXINFRA,Diversified Commercial Services,Commercial Services & Supplies,Services,Services
TEXMOPIPES,Plastic Products - Industrial,Industrial Products,Industrials,Capital Goods
TEXRAIL,Railway Wagons,Industrial Manufacturing,Industrials,Capital Goods
TFCILTD,Financial Institution,Finance,Financial Services,Financial Services
TFL,Non Banking Financial Company (NBFC),Finance,Financial Services,Financial Services
TGBHOTELS,Hotels & Resorts,Leisure Services,Consumer Discretionary,Consumer Services
TGVSL,Commodity Chemicals,Chemicals & Petrochemicals,Commodities,Chemicals
THACKER,Other Financial Services,Finance,Financial Services,Financial Services
THAKDEV,Residential Commercial Projects,Realty,Consumer Discretionary,Realty
THANGAMAYL,Gems Jewellery And Watches,Consumer Durables,Consumer Discretionary,Consumer Durables
THEINVEST,Other Financial Services,Finance,Financial Services,Financial Services
THEJO,Industrial Products,Industrial Manufacturing,Industrials,Capital Goods
THELEELA,Hotels & Resorts,Leisure Services,Consumer Discretionary,Consumer Services
THEMISMED,Pharmaceuticals,Pharmaceuticals & Biotechnology,Healthcare,Healthcare
THERMAX,Heavy Electrical Equipment,Electrical Equipment,Industrials,Capital Goods
THOMASCOOK,Tour Travel Related Services,Leisure Services,Consumer Discretionary,Consumer Services
THOMASCOTT,Garments & Apparels,Textiles & Apparels,Consumer Discretionary,Textiles
THYROCARE,Healthcare Service Provider,Healthcare Services,Healthcare,Healthcare
TI,Breweries & Distilleries,Beverages,Fast Moving Consumer Goods,Fast Moving Consumer Goods
TIGERLOGS,Logistics Solution Provider,Transport Services,Services,Services
TIIL,Iron & Steel Products,Industrial Products,Industrials,Capital Goods
TIINDIA,Auto Components & Equipments,Auto Components,Consumer Discretionary,Automobile and Auto Components
TIMETECHNO,Plastic Products - Industrial,Industrial Products,Industrials,Capital Goods
TIMEX,Gems Jewellery And Watches,Consumer Durables,Consumer Discretionary,Consumer Durables
TIMKEN,Abrasives & Bearings,Industrial Products,Industrials,Capital Goods
TINNARUBR,Rubber,Industrial Products,Industrials,Capital Goods
TIPSFILMS,Film Production Distribution & Exhibition,Entertainment,Consumer Discretionary,Media Entertainment & Publication
TIPSMUSIC,Media & Entertainment,Entertainment,Consumer Discretionary,Media Entertainment & Publication
TIRUMALCHM,Commodity Chemicals,Chemicals & Petrochemicals,Commodities,Chemicals
TITAGARH,Railway Wagons,Industrial Manufacturing,Industrials,Capital Goods
TITAN,Gems Jewellery And Watches,Consumer Durables,Consumer Discretionary,Consumer Durables
TMB,Private Sector Bank,Banks,Financial Services,Financial Services
TMCV,Commercial Vehicles,Agricultural Commercial & Construction Vehicles,Industrials,Capital Goods
TMPV,Passenger Cars & Utility Vehicles,Automobiles,Consumer Discretionary,Automobile and Auto Components
TNIDETF,Mutual Fund Scheme,Capital Markets,Financial Services,Financial Services
TNPETRO,Petrochemicals,Chemicals & Petrochemicals,Commodities,Chemicals
TNPL,Paper & Paper Products,Paper Forest & Jute Products,Commodities,Forest Materials
TNTELE,Telecom - Equipment & Accessories,Telecom - Equipment & Accessories,Telecommunication,Telecommunication
TOKYOPLAST,Plastic Products - Consumer,Consumer Durables,Consumer Discretionary,Consumer Durables
TOLINS,Tyres & Rubber Products,Auto Components,Consumer Discretionary,Automobile and Auto Components
TOP100CASE,Mutual Fund Scheme,Capital Markets,Financial Services,Financial Services
TOP10ADD,Mutual Fund Scheme,Capital Markets,Financial Services,Financial Services
TOP15IETF,Mutual Fund Scheme,Capital Markets,Financial Services,Financial Services
TOP20,Mutual Fund Scheme,Capital Markets,Financial Services,Financial Services
TORNTPHARM,Pharmaceuticals,Pharmaceuticals & Biotechnology,Healthcare,Healthcare
TORNTPOWER,Integrated Power Utilities,Power,Utilities,Power
TOUCHWOOD,Other Consumer Services,Other Consumer Services,Consumer Discretionary,Consumer Services
TOYAMSL,Other Financial Services,Finance,Financial Services,Financial Services
TPLPLASTEH,Packaging,Industrial Products,Industrials,Capital Goods
TRACXN,Data Processing Services,Commercial Services & Supplies,Services,Services
TRANSCOR,Other Financial Services,Finance,Financial Services,Financial Services
TRANSRAILL,Heavy Electrical Equipment,Electrical Equipment,Industrials,Capital Goods
TRAVELFOOD,Restaurants,Leisure Services,Consumer Discretionary,Consumer Services
TREEHOUSE,Education,Other Consumer Services,Consumer Discretionary,Consumer Services
TREJHARA,Logistics Solution Provider,Transport Services,Services,Services
TREL,Logistics Solution Provider,Transport Services,Services,Services
TRENT,Speciality Retail,Retailing,Consumer Discretionary,Consumer Services
TRF,Industrial Products,Industrial Manufacturing,Industrials,Capital Goods
TRIDENT,Other Textile Products,Textiles & Apparels,Consumer Discretionary,Textiles
TRIGYN,Computers - Software & Consulting,IT - Software,Information Technology,Information Technology
TRITONV,Auto Components & Equipments,Auto Components,Consumer Discretionary,Automobile and Auto Components
TRITURBINE,Heavy Electrical Equipment,Electrical Equipment,Industrials,Capital Goods
TRIVENI,Sugar,Agricultural Food & other Products,Fast Moving Consumer Goods,Fast Moving Consumer Goods
TRU,Non Banking Financial Company (NBFC),Finance,Financial Services,Financial Services
TRUALT,Other Agricultural Products,Agricultural Food & other Products,Fast Moving Consumer Goods,Fast Moving Consumer Goods
TSFINV,Investment Company,Finance,Financial Services,Financial Services
TTKHLTCARE,Diversified,Diversified,Diversified,Diversified
TTKPRESTIG,Household Appliances,Consumer Durables,Consumer Discretionary,Consumer Durables
TTL,Other Textile Products,Textiles & Apparels,Consumer Discretionary,Textiles
TTML,Telecom - Cellular & Fixed line services,Telecom - Services,Telecommunication,Telecommunication
TURTLEMINT,Financial Technology (Fintech),Financial Technology (Fintech),Financial Services,Financial Services
TUTIALKA,Commodity Chemicals,Chemicals & Petrochemicals,Commodities,Chemicals
TVSELECT,Computers Hardware & Equipments,IT - Hardware,Information Technology,Information Technology
TVSHLTD,Investment Company,Finance,Financial Services,Financial Services
TVSMOTOR,2/3 Wheelers,Automobiles,Consumer Discretionary,Automobile and Auto Components
TVSSCS,Logistics Solution Provider,Transport Services,Services,Services
TVSSRICHAK,Tyres & Rubber Products,Auto Components,Consumer Discretionary,Automobile and Auto Components
TVTODAY,TV Broadcasting & Software Production,Entertainment,Consumer Discretionary,Media Entertainment & Publication
TWCGOLDETF,Mutual Fund Scheme,Capital Markets,Financial Services,Financial Services
UBL,Breweries & Distilleries,Beverages,Fast Moving Consumer Goods,Fast Moving Consumer Goods
UCOBANK,Public Sector Bank,Banks,Financial Services,Financial Services
UDAYJEW,Gems Jewellery And Watches,Consumer Durables,Consumer Discretionary,Consumer Durables
UDS,Diversified Commercial Services,Commercial Services & Supplies,Services,Services
UEL,Power Generation,Power,Utilities,Power
UFLEX,Packaging,Industrial Products,Industrials,Capital Goods
UFO,Film Production Distribution & Exhibition,Entertainment,Consumer Discretionary,Media Entertainment & Publication
UGARSUGAR,Other Agricultural Products,Agricultural Food & other Products,Fast Moving Consumer Goods,Fast Moving Consumer Goods
UGROCAP,Non Banking Financial Company (NBFC),Finance,Financial Services,Financial Services
UJJIVANSFB,Other Bank,Banks,Financial Services,Financial Services
ULTRACEMCO,Cement & Cement Products,Cement & Cement Products,Commodities,Construction Materials
ULTRAMAR,Dyes And Pigments,Chemicals & Petrochemicals,Commodities,Chemicals
UMESLTD,E-Learning,Other Consumer Services,Consumer Discretionary,Consumer Services
UMIYA-MRO,Telecom - Equipment & Accessories,Telecom - Equipment & Accessories,Telecommunication,Telecommunication
UNICHEMLAB,Pharmaceuticals,Pharmaceuticals & Biotechnology,Healthcare,Healthcare
UNIDT,Industrial Products,Industrial Manufacturing,Industrials,Capital Goods
UNIECOM,IT Enabled Services,IT - Services,Information Technology,Information Technology
UNIENTER,Trading - Chemicals,Chemicals & Petrochemicals,Commodities,Chemicals
UNIINFO,Other Telecom Services,Telecom - Services,Telecommunication,Telecommunication
UNIMECH,Aerospace & Defense,Aerospace & Defense,Industrials,Capital Goods
UNIONBANK,Public Sector Bank,Banks,Financial Services,Financial Services
UNIONGOLD,Mutual Fund Scheme,Capital Markets,Financial Services,Financial Services
UNIPARTS,Auto Components & Equipments,Auto Components,Consumer Discretionary,Automobile and Auto Components
UNITDSPR,Breweries & Distilleries,Beverages,Fast Moving Consumer Goods,Fast Moving Consumer Goods
UNITECH,Residential Commercial Projects,Realty,Consumer Discretionary,Realty
UNITEDPOLY,Other Textile Products,Textiles & Apparels,Consumer Discretionary,Textiles
UNITEDTEA,Tea & Coffee,Agricultural Food & other Products,Fast Moving Consumer Goods,Fast Moving Consumer Goods
UNIVCABLES,Cables - Electricals,Industrial Products,Industrials,Capital Goods
UNOMINDA,Auto Components & Equipments,Auto Components,Consumer Discretionary,Automobile and Auto Components
UPHOT,Hotels & Resorts,Leisure Services,Consumer Discretionary,Consumer Services
UPL,Pesticides & Agrochemicals,Fertilizers & Agrochemicals,Commodities,Chemicals
URBANCO,E-Retail/ E-Commerce,Retailing,Consumer Discretionary,Consumer Services
URJA,Other Electrical Equipment,Electrical Equipment,Industrials,Capital Goods
USHAMART,Iron & Steel Products,Industrial Products,Industrials,Capital Goods
USK,Civil Construction,Construction,Industrials,Construction
UTIAMC,Asset Management Company,Capital Markets,Financial Services,Financial Services
UTKARSHBNK,Other Bank,Banks,Financial Services,Financial Services
UTLSOLAR,Other Electrical Equipment,Electrical Equipment,Industrials,Capital Goods
UTTAMSUGAR,Sugar,Agricultural Food & other Products,Fast Moving Consumer Goods,Fast Moving Consumer Goods
V2RETAIL,Speciality Retail,Retailing,Consumer Discretionary,Consumer Services
VADILALIND,Dairy Products,Food Products,Fast Moving Consumer Goods,Fast Moving Consumer Goods
VADILENT,Dairy Products,Food Products,Fast Moving Consumer Goods,Fast Moving Consumer Goods
VAIBHAVGBL,Gems Jewellery And Watches,Consumer Durables,Consumer Discretionary,Consumer Durables
VAISHALI,Pharmaceuticals,Pharmaceuticals & Biotechnology,Healthcare,Healthcare
VAKRANGEE,IT Enabled Services,IT - Services,Information Technology,Information Technology
VAL30IETF,Mutual Fund Scheme,Capital Markets,Financial Services,Financial Services
VALUE,Mutual Fund Scheme,Capital Markets,Financial Services,Financial Services
VALUEAXIS,Mutual Fund Scheme,Capital Markets,Financial Services,Financial Services
VAML,Aluminium,Non - Ferrous Metals,Commodities,Metals & Mining
VARDMNPOLY,Other Textile Products,Textiles & Apparels,Consumer Discretionary,Textiles
VARROC,Auto Components & Equipments,Auto Components,Consumer Discretionary,Automobile and Auto Components
VASCONEQ,Residential Commercial Projects,Realty,Consumer Discretionary,Realty
VASWANI,Sponge Iron,Ferrous Metals,Commodities,Metals & Mining
VBL,Other Beverages,Beverages,Fast Moving Consumer Goods,Fast Moving Consumer Goods
VEDAVAAG,IT Enabled Services,IT - Services,Information Technology,Information Technology
VEDL,Diversified Metals,Diversified Metals,Commodities,Metals & Mining
VEDPOWER,Power Generation,Power,Utilities,Power
VEEDOL,Lubricants,Petroleum Products,Energy,Oil Gas & Consumable Fuels
VENKEYS,Meat Products including Poultry,Food Products,Fast Moving Consumer Goods,Fast Moving Consumer Goods
VENTIVE,Hotels & Resorts,Leisure Services,Consumer Discretionary,Consumer Services
VENUSPIPES,Iron & Steel Products,Industrial Products,Industrials,Capital Goods
VERANDA,E-Learning,Other Consumer Services,Consumer Discretionary,Consumer Services
VERTOZ,IT Enabled Services,IT - Services,Information Technology,Information Technology
VESUVIUS,Electrodes & Refractories,Industrial Products,Industrials,Capital Goods
VGCL,Non Banking Financial Company (NBFC),Finance,Financial Services,Financial Services
VGL,Other Textile Products,Textiles & Apparels,Consumer Discretionary,Textiles
VGUARD,Household Appliances,Consumer Durables,Consumer Discretionary,Consumer Durables
VHL,Investment Company,Finance,Financial Services,Financial Services
VIDHIING,Specialty Chemicals,Chemicals & Petrochemicals,Commodities,Chemicals
VIDYAWIRES,Aluminium Copper & Zinc Products,Industrial Products,Industrials,Capital Goods
VIJAYA,Healthcare Service Provider,Healthcare Services,Healthcare,Healthcare
VIJSOLX,Edible Oil,Agricultural Food & other Products,Fast Moving Consumer Goods,Fast Moving Consumer Goods
VIKASECO,Specialty Chemicals,Chemicals & Petrochemicals,Commodities,Chemicals
VIKASLIFE,Trading & Distributors,Commercial Services & Supplies,Services,Services
VIKRAMSOLR,Other Electrical Equipment,Electrical Equipment,Industrials,Capital Goods
VIKRAN,Civil Construction,Construction,Industrials,Construction
VIMTALABS,Healthcare Research Analytics & Technology,Healthcare Services,Healthcare,Healthcare
VINATIORGA,Specialty Chemicals,Chemicals & Petrochemicals,Commodities,Chemicals
VINCOFE,Tea & Coffee,Agricultural Food & other Products,Fast Moving Consumer Goods,Fast Moving Consumer Goods
VINDHYATEL,Civil Construction,Construction,Industrials,Construction
VINEETLAB,Pharmaceuticals,Pharmaceuticals & Biotechnology,Healthcare,Healthcare
VINNY,Garments & Apparels,Textiles & Apparels,Consumer Discretionary,Textiles
VINYLINDIA,Trading - Chemicals,Chemicals & Petrochemicals,Commodities,Chemicals
VIPCLOTHNG,Garments & Apparels,Textiles & Apparels,Consumer Discretionary,Textiles
VIPIND,Plastic Products - Consumer,Consumer Durables,Consumer Discretionary,Consumer Durables
VIRAT,Garments & Apparels,Textiles & Apparels,Consumer Discretionary,Textiles
VIRINCHI,Software Products,IT - Software,Information Technology,Information Technology
VISACHROME,Ferro & Silica Manganese,Ferrous Metals,Commodities,Metals & Mining
VISAKAIND,Cement & Cement Products,Cement & Cement Products,Commodities,Construction Materials
VISHAL,Garments & Apparels,Textiles & Apparels,Consumer Discretionary,Textiles
VISHNU,Specialty Chemicals,Chemicals & Petrochemicals,Commodities,Chemicals
VISHWARAJ,Sugar,Agricultural Food & other Products,Fast Moving Consumer Goods,Fast Moving Consumer Goods
VISL,Iron & Steel,Ferrous Metals,Commodities,Metals & Mining
VITAL,Specialty Chemicals,Chemicals & Petrochemicals,Commodities,Chemicals
VIVIANA,Civil Construction,Construction,Industrials,Construction
VIVIDHA,Garments & Apparels,Textiles & Apparels,Consumer Discretionary,Textiles
VIVOBIOT,Biotechnology,Pharmaceuticals & Biotechnology,Healthcare,Healthcare
VIYASH,Pharmaceuticals,Pharmaceuticals & Biotechnology,Healthcare,Healthcare
VLEGOV,IT Enabled Services,IT - Services,Information Technology,Information Technology
VLSFINANCE,Investment Company,Finance,Financial Services,Financial Services
VMART,Diversified Retail,Retailing,Consumer Discretionary,Consumer Services
VMM,Diversified Retail,Retailing,Consumer Discretionary,Consumer Services
VMSTMT,Iron & Steel Products,Industrial Products,Industrials,Capital Goods
VOEPL,Diversified consumer products,Consumer Durables,Consumer Discretionary,Consumer Durables
VOGL,Oil Exploration & Production,Oil,Energy,Oil Gas & Consumable Fuels
VOITHPAPR,Other Textile Products,Textiles & Apparels,Consumer Discretionary,Textiles
VOLTAMP,Heavy Electrical Equipment,Electrical Equipment,Industrials,Capital Goods
VOLTAS,Household Appliances,Consumer Durables,Consumer Discretionary,Consumer Durables
VPRPL,Civil Construction,Construction,Industrials,Construction
VRAJ,Sponge Iron,Ferrous Metals,Commodities,Metals & Mining
VRLLOG,Logistics Solution Provider,Transport Services,Services,Services
VSSL,Iron & Steel Products,Industrial Products,Industrials,Capital Goods
VSTIND,Cigarettes & Tobacco Products,Cigarettes & Tobacco Products,Fast Moving Consumer Goods,Fast Moving Consumer Goods
VSTL,Iron & Steel Products,Industrial Products,Industrials,Capital Goods
VSTTILLERS,Tractors,Agricultural Commercial & Construction Vehicles,Industrials,Capital Goods
VTL,Other Textile Products,Textiles & Apparels,Consumer Discretionary,Textiles
VTMLTD,Other Textile Products,Textiles & Apparels,Consumer Discretionary,Textiles
WAAREEENER,Other Electrical Equipment,Electrical Equipment,Industrials,Capital Goods
WAAREEINDO,Heavy Electrical Equipment,Electrical Equipment,Industrials,Capital Goods
WAAREERTL,Other Electrical Equipment,Electrical Equipment,Industrials,Capital Goods
WABAG,Water Supply & Management,Other Utilities,Utilities,Utilities
WAKEFIT,Furniture Home Furnishing,Consumer Durables,Consumer Discretionary,Consumer Durables
WALCHANNAG,Industrial Products,Industrial Manufacturing,Industrials,Capital Goods
WANBURY,Pharmaceuticals,Pharmaceuticals & Biotechnology,Healthcare,Healthcare
WARDINMOBI,2/3 Wheelers,Automobiles,Consumer Discretionary,Automobile and Auto Components
WATERBASE,Animal Feed,Food Products,Fast Moving Consumer Goods,Fast Moving Consumer Goods
WCIL,Logistics Solution Provider,Transport Services,Services,Services
WEALTH,Other Financial Services,Finance,Financial Services,Financial Services
WEBELSOLAR,Other Electrical Equipment,Electrical Equipment,Industrials,Capital Goods
WEIZMANIND,Other Textile Products,Textiles & Apparels,Consumer Discretionary,Textiles
WEL,Household Appliances,Consumer Durables,Consumer Discretionary,Consumer Durables
WELCORP,Iron & Steel Products,Industrial Products,Industrials,Capital Goods
WELENT,Civil Construction,Construction,Industrials,Construction
WELSPLSOL,Iron & Steel Products,Industrial Products,Industrials,Capital Goods
WELSPUNLIV,Other Textile Products,Textiles & Apparels,Consumer Discretionary,Textiles
WENDT,Abrasives & Bearings,Industrial Products,Industrials,Capital Goods
WESTLIFE,Restaurants,Leisure Services,Consumer Discretionary,Consumer Services
WEWIN,Business Process Outsourcing (BPO)/ Knowledge Process Outsourcing (KPO),Commercial Services & Supplies,Services,Services
WEWORK,Diversified Commercial Services,Commercial Services & Supplies,Services,Services
WHBRADY,Other Industrial Products,Industrial Products,Industrials,Capital Goods
WHEELS,Auto Components & Equipments,Auto Components,Consumer Discretionary,Automobile and Auto Components
WHIRLPOOL,Household Appliances,Consumer Durables,Consumer Discretionary,Consumer Durables
WILLAMAGOR,Investment Company,Finance,Financial Services,Financial Services
WINDLAS,Pharmaceuticals,Pharmaceuticals & Biotechnology,Healthcare,Healthcare
WINDMACHIN,Industrial Products,Industrial Manufacturing,Industrials,Capital Goods
WIPL,Plywood Boards/ Laminates,Consumer Durables,Consumer Discretionary,Consumer Durables
WIPRO,Computers - Software & Consulting,IT - Software,Information Technology,Information Technology
WOCKPHARMA,Pharmaceuticals,Pharmaceuticals & Biotechnology,Healthcare,Healthcare
WONDERLA,Amusement Parks/ Other Recreation,Leisure Services,Consumer Discretionary,Consumer Services
WORTHPERI,Packaging,Industrial Products,Industrials,Capital Goods
WPIL,Other Industrial Products,Industrial Products,Industrials,Capital Goods
WSI,Civil Construction,Construction,Industrials,Construction
WSTCSTPAPR,Paper & Paper Products,Paper Forest & Jute Products,Commodities,Forest Materials
XCHANGING,Computers - Software & Consulting,IT - Software,Information Technology,Information Technology
XELPMOC,Software Products,IT - Software,Information Technology,Information Technology
XPROINDIA,Packaging,Industrial Products,Industrials,Capital Goods
XTGLOBAL,Computers - Software & Consulting,IT - Software,Information Technology,Information Technology
XTRANET,IT Enabled Services,IT - Services,Information Technology,Information Technology
YASHO,Specialty Chemicals,Chemicals & Petrochemicals,Commodities,Chemicals
YATHARTH,Hospital,Healthcare Services,Healthcare,Healthcare
YATRA,Tour Travel Related Services,Leisure Services,Consumer Discretionary,Consumer Services
YESBANK,Private Sector Bank,Banks,Financial Services,Financial Services
YOGI,Residential Commercial Projects,Realty,Consumer Discretionary,Realty
YUKEN,Compressors Pumps & Diesel Engines,Industrial Products,Industrials,Capital Goods
ZAGGLE,IT Enabled Services,IT - Services,Information Technology,Information Technology
ZEEL,TV Broadcasting & Software Production,Entertainment,Consumer Discretionary,Media Entertainment & Publication
ZEELEARN,Education,Other Consumer Services,Consumer Discretionary,Consumer Services
ZEEMEDIA,TV Broadcasting & Software Production,Entertainment,Consumer Discretionary,Media Entertainment & Publication
ZENITHEXPO,Leather And Leather Products,Consumer Durables,Consumer Discretionary,Consumer Durables
ZENITHSTL,Iron & Steel Products,Industrial Products,Industrials,Capital Goods
ZENSARTECH,Computers - Software & Consulting,IT - Software,Information Technology,Information Technology
ZENTEC,Aerospace & Defense,Aerospace & Defense,Industrials,Capital Goods
ZFCVINDIA,Auto Components & Equipments,Auto Components,Consumer Discretionary,Automobile and Auto Components
ZFSTEERING,Auto Components & Equipments,Auto Components,Consumer Discretionary,Automobile and Auto Components
ZIMLAB,Pharmaceuticals,Pharmaceuticals & Biotechnology,Healthcare,Healthcare
ZODIAC,Civil Construction,Construction,Industrials,Construction
ZODIACLOTH,Garments & Apparels,Textiles & Apparels,Consumer Discretionary,Textiles
ZOTA,Pharmaceuticals,Pharmaceuticals & Biotechnology,Healthcare,Healthcare
ZSARACOM,Non Banking Financial Company (NBFC),Finance,Financial Services,Financial Services
ZUARI,Fertilizers,Fertilizers & Agrochemicals,Commodities,Chemicals
ZUARIIND,Sugar,Agricultural Food & other Products,Fast Moving Consumer Goods,Fast Moving Consumer Goods
ZYDUSLIFE,Pharmaceuticals,Pharmaceuticals & Biotechnology,Healthcare,Healthcare
ZYDUSWELL,Packaged Foods,Food Products,Fast Moving Consumer Goods,Fast Moving Consumer Goods
